0.05432366731051963,0.9067614430831911,0.5419421853162336,0.0601185998323992,0.7480959446105073,0.5534524119799848,0.011754364596123223,0.4779010316007142,0.10130023674503719,0.70685184111022,226.47501706721127
0.29174715551237085,0.6405956275027038,0.8542293171590383,0.878135477582112,0.21927062992161783,0.18766610311487297,0.09050359994666923,0.6733084683455051,0.5521516388512246,0.27269140307310646,181.46301280360484
0.7254497845912313,0.23323827713517886,0.04652180408724216,0.3556867842606005,0.08770834049458953,0.3939505526567989,0.44138544193515916,0.9474252456130029,0.8347879308801097,0.49522545824713315,215.4278866514081
0.8595390087344282,0.10159789976020361,0.725750881311889,0.7886257255559893,0.9448070098038391,0.6908734696676422,0.1988263949714001,0.6364911217756725,0.2941872042751671,0.8671981233874008,179.18833704454997
0.6920968146278001,0.7869164364715786,0.5144310566392061,0.2998121796166512,0.8045975851158566,0.6668540582872301,0.38872605241891134,0.4732049343133742,0.6415742294756337,0.06786338643131873,126.67540374676605
0.22031715648353023,0.06161572209698851,0.3161772942636937,0.8374676891563685,0.4328936567871272,0.8704610514337926,0.7629235184188256,0.9390144244446795,0.928937347850328,0.44927443278383805,243.76843585887116
0.19271407095919868,0.4371259233092901,0.4203626037498318,0.3076932551114442,0.15308023553286898,0.8353917276310503,0.11913850793518621,0.604521846630827,0.920232875376475,0.4079162142841163,156.7699144228094
0.5284316060884445,0.4539122402283903,0.20843206661263336,0.6620370089074686,0.9871607799068811,0.6331847285847756,0.7498517483782138,0.2359680545987256,0.8076622056220287,0.30250820356648034,167.45846592691163
0.6765988378770773,0.9900306379819627,0.9562716118143778,0.6961664835968181,0.9506762875991842,0.279299326892138,0.5759615091161427,0.5803413173379621,0.29700033001303905,0.753603521779384,175.63434564089027
0.46701934148257573,0.5458861908847633,0.0747661802263232,0.139884102994824,0.8371006628277695,0.42990324577852246,0.15090222791007457,0.9014348249113883,0.38820544585404726,0.851722247278992,228.94847865518304
0.5176112680649468,0.08190964869410389,0.39544856000855044,0.8671067350556777,0.14673131005949547,0.9461003461729718,0.39505306692306796,0.31910506003806827,0.045678832533332936,0.024320184108934773,206.10562548680036
0.24431718555436943,0.37518969151019765,0.7555717245150585,0.2835057426527384,0.07304261650628063,0.12821675456794057,0.14746797347128138,0.7974918954026962,0.7565270045063148,0.6190861963631044,205.66949451969293
0.4602686264974608,0.24941088574727288,0.06344470417662762,0.1325954112666634,0.041944345035802355,0.5956774550879138,0.7673741198836908,0.6635556071805765,0.588096864700064,0.7893833785514888,191.4317811941603
0.1217420804236985,0.22393762633659875,0.0809760420174761,0.9021582441947472,0.30167225173604706,0.958321050530463,0.7671069154919895,0.714190260687318,0.029360744722338517,0.8039869615711835,192.55689244411695
0.9578603073096289,0.7228875154674959,0.022203152175996,0.788627820391272,0.11477410580236191,0.9373471197690728,0.08829749055761049,0.023658561484610208,0.22566094188077723,0.6283253727564856,226.49651820804604
0.2309048971277431,0.1095783862762475,0.229489020113414,0.8694969601194393,0.6081654631061171,0.5044085025802127,0.2712785129291949,0.9096942621962908,0.1461763617215318,0.3657433452202088,170.10882891084256
0.9101619092490544,0.3362203237937058,0.21476291166941142,0.40919117664391114,0.7934887421756317,0.5729444636828851,0.8932462582192627,0.3838898967736769,0.8902896100627403,0.18155841812518936,134.45615545071053
0.8161862771620136,0.5374459963525918,0.567632590288239,0.5511732389363296,0.825914916824801,0.7071664096159551,0.3785241309249491,0.3488202183208434,0.3396144743075885,0.7105556314019397,166.24599294321877
0.1678244925550314,0.3996052553874151,0.1828094324337639,0.09635311395937163,0.21563657424985017,0.3036665359603047,0.18925166173672547,0.9130787275415161,0.7817061391003264,0.6869336006620856,144.31843864205257
0.3066379976179272,0.6834612079726214,0.5459217697668266,0.24567567463790263,0.2763699220914426,0.3495642733216363,0.41082623316262035,0.9117472558402762,0.1721579184959381,0.7745274153121431,164.454615666184
0.6083130187819361,0.915175226711122,0.6675688610568139,0.7758437423481231,0.9164012817516154,0.28440354077462005,0.7454886494946601,0.7838712584017081,0.7756841103390751,0.6859630275855815,156.80469374265132
0.5430659662717836,0.3768566296262401,0.10966356801953736,0.656848996904795,0.29898059625895135,0.5269577568614883,0.07906733166349811,0.6495164260130987,0.20508676787909796,0.658895684206144,168.077971166651
0.31758081990870457,0.2465460885182983,0.014809696544282769,0.3905875548810863,0.8688667401040204,0.8706710909120452,0.04802866288836871,0.0656437792569512,0.04804299334570816,0.3039083480404994,224.73444536241658
0.15100740124664602,0.3291084421477478,0.24599522549527042,0.7407152741575597,0.8616375925192448,0.7675964583951295,0.20463476157423854,0.028861764579044102,0.9623346369054127,0.10489294282035466,228.38835462404566
0.7553663358658769,0.35508304857838335,0.17691012215921487,0.08709180063632105,0.022018665314963104,0.8377390515935978,0.003260989925686797,0.7289236762083718,0.41571612896933596,0.8682070539583785,230.7840177550447
0.04726746044654806,0.7798419743634449,0.7197176157628826,0.8920460404372703,0.6933356244064548,0.4494009043578103,0.5596961601578965,0.11594765415331154,0.3464759385280871,0.9517585956130482,199.31186129998645
0.8880896513042323,0.6417133958489721,0.754717444616046,0.4290673369178265,0.11828449165315724,0.33663678157165366,0.3170875249888875,0.5088723817770096,0.9730366979495171,0.9523357182764387,182.71486314869418
0.0008722512834236085,0.7206048067790313,0.06312401870117545,0.3324942840332167,0.6364042036906935,0.8807071594757697,0.09324945749372437,0.6145945493900657,0.8497005587388635,0.7025010383512162,202.12186228431528
0.13085905406790954,0.4386014699170965,0.095693676877457,0.6296835488340228,0.8038436409372018,0.5073184105541912,0.21553509594698406,0.570123366690426,0.0824740362923514,0.38384687818700347,150.10211900352363
0.31480934268467653,0.03696160720292785,0.609837570280863,0.06059393611355346,0.18809101412898366,0.6057446493660934,0.9276380280195848,0.8419888859920397,0.17792516887020282,0.8364008709198572,226.13959874100084
0.7452875226590867,0.0723608289200337,0.8649416784094237,0.18183766460546869,0.804648805060751,0.9541767978033295,0.26148065851809743,0.3126842048552392,0.48472210848967456,0.8361847731075195,224.4728848530516
0.4030547375048267,0.26584060304868573,0.7808354165253898,0.11684938174652193,0.39537988449910666,0.2288216631004607,0.3971957388704671,0.34107549593908393,0.4624518107155484,0.06666825770136509,148.42856406559235
0.959736339912589,0.5891631048995895,0.20536578201667366,0.43861255276730926,0.07234149971685921,0.1083755001098391,0.10064564739819226,0.6672854483828752,0.7858318429838813,0.7699872019537869,175.9025745146137
0.081550625023047,0.46228278117267707,0.4618722473276221,0.47925486278463203,0.744014125738695,0.02854637456729625,0.3372931003391618,0.48220674955424225,0.2649711791478184,0.4177908051772644,181.76262210996458
0.8449254854918525,0.23460598232598284,0.05035295107169746,0.07869765799627604,0.8695906702896202,0.47282210911531486,0.4564440210553181,0.2704414539190505,0.5934629822726211,0.3948091186212327,202.00687682444413
0.019790302517091685,0.6268499147681006,0.909299092907965,0.9428013478065869,0.5678078345551347,0.19987283870364503,0.14512581287903759,0.05136265945874108,0.456725476838561,0.28364410137704854,230.49373146096266
0.4073324728368638,0.5018269477719143,0.6934823350766725,0.9503463780404272,0.5044276572709856,0.060753160417685304,0.08992175206836439,0.909747070739244,0.7833228524717835,0.6643908990647406,160.96161417494537
0.5664930853662968,0.6800935569524006,0.6343059273769905,0.7917421440574216,0.9902224713962566,0.5617321086807167,0.8569923865049421,0.5990780465315078,0.3286693959687943,0.0794897459263062,167.66358968069744
0.88170211058945,0.17267977645155463,0.7527600478608063,0.20187810518258043,0.7862054791634768,0.17788208983449827,0.3300379971623485,0.36360043782642226,0.3457847835748151,0.12129550836162539,185.2169363921816
0.9507388477752325,0.9845710177238032,0.854998570540533,0.003118845719982666,0.4501652813411131,0.18241512878322863,0.587469286589482,0.6420917264389682,0.017984979374851218,0.4770173116096338,220.7256721349487
0.45867978234330076,0.09185930375455231,0.6886824685280718,0.02304373059649356,0.7532102772974796,0.4951248463726985,0.3927835453763906,0.1711574247017108,0.8048534572798435,0.13934446547167356,169.5554593595394
0.9421491770656697,0.31647355799335775,0.648209506164547,0.553856615570933,0.8952620717244056,0.5985773400377129,0.5329076895632563,0.6179263183037011,0.9642433610222411,0.6908357844372219,167.2301047580664
0.16865477050666178,0.7725831343500413,0.3309282531172667,0.853270833796453,0.8352443365407558,0.7323123848026657,0.44366934702055216,0.6887679493883966,0.34497662774994586,0.5144482874869233,191.91445829951547
0.6909239484756783,0.38776202383648584,0.6172113992332493,0.3391651205618431,0.16548407120296493,0.07430038532273353,0.047609713209794347,0.04046975823833199,0.9132083251335029,0.15695382168749128,234.85201582425884
0.29333162749906905,0.16035951434049156,0.6957434792695167,0.8638092995375103,0.07379576316566916,0.5301254899738672,0.6465524503290675,0.8845460043586585,0.9358595796446572,0.34939414110886746,217.98288532595075
0.06611296316509929,0.8827845755771021,0.9536769412116761,0.5619847781301993,0.7739568898021018,0.09007853743590044,0.5678696630479358,0.46755546524124025,0.9813046664106293,0.8265613935687359,230.22660819430794
0.3457465421405568,0.017974891739748533,0.9918583534732467,0.6368521826022927,0.4829039926300437,0.9999909905264207,0.13892783507098327,0.7309867503549184,0.009338749683754033,0.7583611749456413,224.18177388532297
0.8958428592097373,0.6941072054890611,0.6998610166239548,0.9422503103357912,0.7632597609952451,0.9542528100248002,0.8582954624223832,0.18343728657336777,0.7393325291383417,0.018857001111236227,223.1337861709753
0.041568676967158935,0.7328416752795578,0.15172801668476865,0.5699426852779348,0.5605231937459738,0.9292185601443245,0.603498483447422,0.07862880937120631,0.38591786473375245,0.8421219978056916,231.1355455215548
0.6726398633417966,0.7280848281907893,0.975240047312876,0.6314932996025479,0.3260242527997532,0.6502453221649616,0.810383601183474,0.4984730342020638,0.9951862907786408,0.48487986686691,157.25351664701662
0.5606178259802642,0.8602314917158673,0.032003452044131575,0.6316104836759585,0.03792304730656737,0.21016082791011204,0.06767854638193094,0.13984750026978676,0.11335435849613784,0.2752151273553448,235.93093836859768
0.3864532502624266,0.5215262239875382,0.19543752535307668,0.7144298143465179,0.6149628033947367,0.9222457426319671,0.2304625107713002,0.5555919111511185,0.22326467376288295,0.34830460143129294,149.57971830759226
0.8242333092330426,0.13726748119837595,0.3400594653921557,0.17061822629743528,0.894596834225688,0.1639209913002333,0.9302745573586229,0.026505219247063505,0.9182467818825042,0.8491836576211163,274.13808271457026
0.6800762809022932,0.6776209126569324,0.9159785026477579,0.6961941909084903,0.3155628737371212,0.3455964825948934,0.8511839462861525,0.1525406376435352,0.793023078757826,0.9712895006926925,177.75971912271737
0.8615708634687613,0.10188248735792449,0.826094173043983,0.5424516356713468,0.5942856457657708,0.5096989543339264,0.5241018162058727,0.7224657735017438,0.17748777471857302,0.08305805461234617,173.69524167753838
0.5355496654592425,0.280341797471265,0.1724701249762195,0.05544848313701223,0.613007983050789,0.4785960965803837,0.3651638599222543,0.896977405597711,0.053355632145607346,0.6255428341564249,203.49483171877762
0.2504356050157157,0.2228086469339643,0.3248608679966818,0.2801859701828979,0.8285314895120324,0.03633561247270034,0.5100064204497967,0.5485558870811075,0.31271048675411306,0.016909895261107644,177.18142615743352
0.7359930350476525,0.298662879321283,0.03469394326098185,0.9527024266984104,0.3576609983873098,0.754559839297553,0.9624785181017764,0.6765296621325682,0.7886163269186071,0.8489538769188686,229.634212363773
0.3891086014429612,0.7763610975131106,0.17799804543556497,0.5684855677135388,0.45183916417395564,0.8749924210915465,0.9021630146620232,0.8445660878574324,0.6059969170110319,0.1320682872719764,172.38098109208732
0.04651087731126191,0.6156029418811176,0.3659961421065807,0.5446751742480211,0.43874004774708497,0.12061220381779547,0.38567066460561283,0.6653576791598619,0.45178932783860715,0.8246847962756174,187.52197268551475
0.5148496885244745,0.5051824119599647,0.2935945293521125,0.7894803817536931,0.6703733947095312,0.9735492588369974,0.6605617857006214,0.8448444136688141,0.7406823810709443,0.25111522967549416,164.82397677564046
0.9574958900766705,0.7635828940571006,0.07059785850056954,0.02746764326000284,0.5301276987457308,0.8263901221018327,0.44455407047252016,0.8490545685765211,0.37671287354867666,0.24609974317287875,250.49834452878034
0.7701280933788776,0.35404493332338416,0.7906514015271284,0.4998458530345036,0.38166671165077093,0.5924222639161826,0.04004740933697881,0.4870540506032025,0.11308563596688881,0.4847440163818185,116.79697324562078
0.359624599043579,0.4335461669250156,0.48036137555825764,0.4970112596788978,0.9977361855803558,0.7622545694884816,0.15376112483803173,0.29665965762518753,0.7235193213509777,0.9006425007446944,166.42200447152214
0.6460785767850913,0.926083038902444,0.5563409998829101,0.8285285369684602,0.27535230498762464,0.040772247397435235,0.453004766520831,0.028204758824060816,0.5371187532081215,0.20273316664376173,234.03386308508777
0.9774899452030661,0.07777485687476338,0.9605715948441343,0.39483996545659084,0.5359179953007571,0.8496718507956091,0.20488477463403043,0.7723302911005399,0.42497861746885324,0.32789767197159303,190.84898130397605
0.7648823816278512,0.5361827859249227,0.14309638215208087,0.1371856161069701,0.221391925737205,0.6287588950468789,0.01765557627446135,0.3900567559034678,0.7164126792902564,0.10716258069144213,178.11853691392068
0.8912355524306967,0.6517222337373201,0.8729859157435395,0.673850346817938,0.5625169405695126,0.6525779937056281,0.6764946769767425,0.8109010852609512,0.8048454617075355,0.14178866016053404,174.74404345169978
0.5002025331998623,0.3901378786427385,0.552083497398505,0.044377659052267315,0.557752896803003,0.7285208914434214,0.1908036475705559,0.02242141358579708,0.378279157159942,0.9581343642015958,188.8054505992244
0.9879825456866193,0.731896572233848,0.10073987220788627,0.6546275593180924,0.8410086036435986,0.8682353027012663,0.8060638466525004,0.6515962690090376,0.8055309452401311,0.7424445471179261,216.1748707268438
0.9359913964013079,0.4243939978237491,0.12060331478886577,0.5851841719473115,0.6650288528002714,0.7188905740772347,0.7365664793512797,0.7226289545231385,0.317153329499704,0.6351048992008863,168.86443955470895
0.13210103933272221,0.8294138498293192,0.4002957607705899,0.6723701323451372,0.5614788659248772,0.619231981628609,0.7970560436960502,0.05892477863136025,0.9192719155550731,0.4960502621501447,173.1013977105428
0.9814218196736634,0.1866632600627346,0.35871028712347774,0.42891286061477596,0.5190174234593438,0.7066533427248283,0.4358232969878555,0.8739921553888987,0.41229393448665275,0.7027309177194725,134.11276059078216
0.5101856385939815,0.29959543002457034,0.6805639781635908,0.5283542487278086,0.3071173934611957,0.7851909090957636,0.2961603531106358,0.5685783862240691,0.4321516423567068,0.05284560896159862,113.70947838099434
0.5344866653807364,0.5741869510295354,0.6090585349951799,0.5722733120861538,0.9269404938860969,0.7204822395288509,0.8382385554900919,0.4438551930719338,0.5184327975675225,0.5261493296921541,161.19399411526274
0.21206704612056937,0.5795623505154557,0.586974642631346,0.08684776680016648,0.5714807138761153,0.0024313300896473544,0.7791296478224429,0.42288442686116157,0.33370610117866395,0.646819548093982,143.14569418291904
0.08940686856831048,0.05084721928540148,0.4865058826423203,0.6195035017708489,0.46344912721112674,0.4777802841499377,0.04271158874389902,0.4373403412079201,0.7217580743802536,0.9397766716965307,212.83774549943408
0.02936558757740204,0.7273968130126576,0.27030562080208365,0.18320130556794112,0.9342648992401609,0.7020880709092847,0.5648747375616243,0.29820094534491837,0.22763277437154994,0.19781635198961944,182.59921730488668
0.7209179883044177,0.35806889908305195,0.24669425533033362,0.7771155584978471,0.08816063796957951,0.3968571102314514,0.4684609833266692,0.8412400489451902,0.1875930196458736,0.12356883424813447,185.46710581876306
0.7396611142906753,0.4362096007911135,0.316279343893235,0.9092638823283142,0.9105375698520412,0.03690845562475109,0.20968740536014463,0.6238248945749614,0.8860769852573007,0.9806932614408187,192.84899479688448
0.7983318755247081,0.6179143847979437,0.7794449010895221,0.5059672957356826,0.18696703455737573,0.47042896302163095,0.8558884101191157,0.6332925647162655,0.15972101780223324,0.5046436833323859,142.52824643120658
0.5011442995112191,0.08688685333478718,0.6364050385912077,0.08776816451676162,0.20618775249132415,0.05050690061632712,0.7050328911787531,0.8289607873708227,0.3883401844071642,0.8199451267016435,182.76871096751455
0.6856956181218703,0.9476674394363366,0.47601234370152423,0.6924103000694377,0.7657678540799039,0.13914271576891568,0.6880405714355078,0.360432636648215,0.4779991204289571,0.23096161223745726,156.81610255686795
0.2022140989736103,0.8642253345572792,0.8547066330061711,0.7519007614544366,0.13433029219690884,0.2639311485770722,0.23274575566221578,0.12593079711698685,0.032136346663070414,0.8720860584984756,228.61435341689932
0.5291333234205017,0.07139868271453509,0.7816361499619635,0.959821615911724,0.4337786909993503,0.8742443802327,0.723105525512359,0.3612777377284918,0.6696084560867237,0.06103232270116954,222.39344092964194
0.13349019499772807,0.6620161855481007,0.2107479969949877,0.6187570015700017,0.8975929297233185,0.06573329893604762,0.8106906251830527,0.46780578009336427,0.6082853639238525,0.19150188137577218,166.16591561101066
0.38792218967400416,0.43929184669863475,0.7654442333000264,0.6948010149916706,0.5537998057465604,0.9217504866286285,0.036960973080069626,0.08958522652989631,0.30375736093564754,0.2141578955038368,170.32189214835313
0.9212507939557255,0.9975741470385343,0.7249239974893619,0.26532775176599543,0.5603973561764617,0.08654285990210142,0.8503107508577952,0.9870216175995419,0.6211129494016407,0.804736620588936,227.10380618451302
0.16356326097183815,0.041584883910591675,0.24653991609928394,0.8488539819729352,0.5604663090420083,0.7953733726054236,0.8267936370627987,0.26083191785229465,0.9103133568821178,0.5555890540313229,246.90024327005472
0.5901388540821949,0.42315965193295235,0.21443901939629095,0.5469866691927177,0.0022585890648542106,0.050237889741602815,0.9439743050350536,0.26236623757046396,0.0010359729908415716,0.8730417781614329,221.03517451125614
0.6226335193127249,0.7722279043525618,0.36104711908958165,0.5240679791542989,0.20651365080805884,0.8843540475504433,0.7981148315231817,0.7381285054204447,0.4319121315785295,0.9711139373611014,160.99944939120218
0.29331466882993273,0.21945486642884493,0.3824357264490451,0.9811707300380302,0.7158329821084134,0.4013307084544161,0.7403705700719482,0.3265763740911495,0.5026198187618748,0.10749772411052871,119.33531905882263
0.18274160219365476,0.13752767537373067,0.9570957389395937,0.48434733799107066,0.8905290512883407,0.793662631491653,0.4943234890123128,0.9343694849522257,0.30315135481209055,0.37621272238419756,169.22770431619733
0.20059536231148778,0.8759716623978117,0.5764776249700096,0.47606459841574256,0.2794743596190399,0.8007849580901311,0.9420844581487902,0.6383722070837519,0.7309726188361029,0.07188849823555787,193.7415010471243
0.06691168176903617,0.35448714813848836,0.9660103414610055,0.9781032329919173,0.6017135915729307,0.36423769241785076,0.6665959046690751,0.028378971482620474,0.2712429790160207,0.7127263896442518,215.09516430766024
0.6454030855969037,0.4286597324383734,0.7947238885892711,0.550989124806475,0.40820129981154385,0.24091471806927345,0.999929367972028,0.884528102032609,0.029211732878971053,0.57381363609313,171.9291442874184
0.6728067440404076,0.9282990161828183,0.9791424801671004,0.6072196396424874,0.5176231233898035,0.4143843628152266,0.23758801643944982,0.5014880037869781,0.14131886917084802,0.4421743617923065,154.8756575592716
0.4757449243414621,0.3819141626886534,0.7547698143493097,0.3170189918471734,0.7167907830612453,0.8331748704464585,0.02501073534834075,0.947633860769258,0.28035236135440034,0.35979065733581794,196.15018151681798
0.5557979399204988,0.171147900448531,0.4553155632671987,0.006898755409875834,0.8010797621917574,0.6507465647136496,0.013291843952775606,0.22241230415315894,0.9947642845811185,0.4844623656073943,194.70496285250792
0.925509214211874,0.07487835471303772,0.8852197438193153,0.32017799462451524,0.3222934408445015,0.48630345483087756,0.5112443254045347,0.7859738823282292,0.04441951149332479,0.69760952428995,160.20096231732447
0.7037663563358837,0.028581102652657897,0.6122807557553075,0.08742666264676713,0.07019957083207129,0.8974125209586821,0.8540501972188751,0.6222558577162771,0.12341404757292074,0.9967036103080712,208.9961028347462
0.5628945834897535,0.19923506935067925,0.8222382105779276,0.2413458615097659,0.822712951971923,0.6671519224072644,0.7305917556977837,0.5983116866579498,0.9221913200169116,0.12089341608512305,187.69034015999793
0.10665091518232184,0.8258941910107567,0.9512925534400802,0.4778478077994891,0.7306491055967252,0.7651964143165958,0.3459715284919944,0.17748331044003585,0.519663241209182,0.35297667876489636,206.2486390299086
0.05276033461693341,0.2576316659481225,0.7952513053416564,0.6519513900119148,0.6478816135356239,0.07478969906725619,0.29484381709357543,0.7286273086372965,0.07785188904561757,0.7478808267724538,240.7053721731534
0.781601008557008,0.3951298433783397,0.865074487564662,0.6486220387371318,0.338031293637319,0.14560541801952132,0.8286832601705353,0.9978001124720404,0.2120018639720127,0.3166974725875388,179.60141801290257
0.1712376156627392,0.620542303043048,0.6237108931972231,0.9555845364673309,0.5937684656600406,0.8593353143033597,0.13631356260568728,0.7582648902244099,0.9704909533276275,0.007449305215996738,220.63593715154713
0.3344762898944348,0.7504340067436099,0.42830123476083415,0.9517790356322694,0.4958495639367414,0.04354824204127916,0.41375844778391635,0.6794946937550774,0.5144867213919541,0.10249089945424217,161.85165816232205
0.44336821291450756,0.9544499924389901,0.6553485684223861,0.9902239096320187,0.9491758020280008,0.8422130225141958,0.7145718652770129,0.6204715698294088,0.6595976884418604,0.5521070464124633,235.66414416998856
0.6102632670982772,0.6335123579540557,0.24439833500257369,0.7613994173734431,0.4392409044554366,0.855876000104398,0.10926933867241229,0.983702155383344,0.3365856284528197,0.3641179480567198,193.96783709499653
0.4838453859924615,0.2845873133528012,0.4644477888308213,0.7749052909879134,0.4787913683873912,0.9969826055043147,0.3069096948148685,0.16997214258890703,0.6088686661220682,0.2751879589144214,138.110062143609
0.8596633125400102,0.0024461782388592868,0.4260974710920915,0.7569803690841864,0.02980517761573287,0.2939948947284561,0.28003115072583173,0.7251302456716516,0.01651936228516593,0.610859554580608,188.75691325469595
0.799742102970888,0.04885288194482729,0.12108487464451201,0.8453176952583181,0.16284790433655194,0.8095448376994575,0.3721424566963968,0.38760693549429415,0.7065950058715367,0.6293889961218316,189.83321308267563
0.9635967005576319,0.37317090589819923,0.8668554560896284,0.5724112135198074,0.5909545731655551,0.6938891069587831,0.31576034184993895,0.04118696544838307,0.7773223722975658,0.19170892256267502,156.38125556335063
0.3745772787295104,0.34390887297435657,0.9605788800189903,0.5887237502278695,0.40218322520164307,0.8909536821717902,0.3655122075320817,0.022832970635801586,0.7620658547531676,0.6639603012745695,172.08245068193332
0.29218911155927163,0.611365482538543,0.5182419408147435,0.39317710412597684,0.6475311514482849,0.45542182137916953,0.0837335472564209,0.1245523757681758,0.9566991026197489,0.41100556986663705,150.48985610149828
0.8162702355020923,0.6920575875956386,0.302513131371245,0.09012762521900808,0.053066984854179045,0.910223139114439,0.8240926414721019,0.02431074399347155,0.0844530355106139,0.7562502560328741,221.2706161036639
0.7212285598253072,0.22672473581959018,0.4683881523411194,0.4005647395983468,0.7777257614505284,0.7624625445896265,0.7136175872731078,0.5618317848769669,0.14036919146780757,0.3183559866660203,142.98712578411337
0.8148410546945191,0.4617888676301958,0.07711468374609931,0.46088755942670256,0.2138483645463376,0.6921124956127319,0.7639024920993849,0.07483435830390328,0.06409536884325073,0.46029582087899623,215.57318245901988
0.6911996721544944,0.24194534649587573,0.7020464946531729,0.42720189168938016,0.03476714101822109,0.19505888803129345,0.5015123831735097,0.694464824935905,0.7166241065337918,0.5102296322238854,106.92036008510814
0.4400524777898127,0.8919527821063585,0.23174245560304751,0.2068384568378142,0.42602229061991603,0.32468095207158987,0.839706199028749,0.08826646707092856,0.10511501893074915,0.5666351182774232,170.32701882177662
0.537712589334349,0.8990022580953951,0.9548466653830004,0.5768464193232976,0.2702463298343477,0.613815581657798,0.20010600942107237,0.7245752169969623,0.9786266162998938,0.8414677024403966,196.0277468108786
0.96557525613994,0.13676243228604845,0.8939252355921298,0.4257695578048969,0.3764845417134097,0.8424752191433317,0.2792294675311774,0.7655136537349125,0.11208331363805413,0.41481645675910683,183.48475637274646
0.6773113229734996,0.6489597684005263,0.18438568503263142,0.9501344227978137,0.8829269145401277,0.9286805693758593,0.7858328345242365,0.8504615577843027,0.08942646602077498,0.056394025630570166,249.40145792874193
0.19449452105028886,0.11967343695315691,0.7904489385953632,0.5832399042103759,0.4116999333191822,0.1311373078485052,0.9931240716278091,0.5455498461591817,0.7733617769733793,0.4576343151911437,149.10453422668402
0.036417913473404395,0.2434488601114193,0.050717905603307134,0.12695089544754312,0.5714887525333516,0.7100738178333148,0.9719854565654876,0.6159970969108753,0.748594105460669,0.7387062500393365,224.0478606816984
0.4575416842749749,0.16031755011973103,0.9577869333737064,0.24279208357390747,0.08533351173327675,0.6771680271870102,0.5563928777963084,0.7845857232081488,0.8818649966133518,0.37547254151487874,207.0393933283744
0.3508818355910459,0.7725606210022135,0.38864123259702266,0.5797257544900074,0.575093992481261,0.38145047070132176,0.4240300360652447,0.9155617585761524,0.21490573825776682,0.9083212317841822,137.9917234220817
0.1340381552411627,0.21608658705530204,0.2692333013294712,0.6998650934780132,0.9885073648566602,0.29415846278332647,0.44628440189582785,0.42481461549555277,0.1937454037058013,0.2791844141021975,150.94228564110173
0.6072795669658108,0.9425334422966832,0.8030099798677377,0.8228095829644568,0.9339103196726773,0.6834317962363967,0.5863774060804496,0.9435130621014653,0.3776154236303385,0.09429238276774743,201.7874631582394
0.7468219015890862,0.27006020086368976,0.6834137378100396,0.3006669392946437,0.6014499060299978,0.43916616252027696,0.23856210116629573,0.46165767681660697,0.00668909943852336,0.13682529972552426,168.99351781780356
0.9544325256206382,0.40266957411822424,0.4533120517075865,0.5997722477694699,0.7648687142720078,0.2730181323531534,0.8601673509355413,0.555839670610058,0.24469473992133017,0.9210245370627493,202.65993204218734
0.756044891942137,0.7067667770267757,0.7963361871038023,0.3105437852239492,0.21392368800651607,0.3061865664944551,0.5232534502526262,0.608170218844489,0.40612681370957815,0.8709539281142744,93.98392214305436
0.7613793760725652,0.6197082845175281,0.6155142362920799,0.5063463938277528,0.3215193807186548,0.619719095654912,0.3080408364687429,0.8837155142381488,0.07319532407168028,0.08732062902545568,141.20764152308107
0.7239500435373253,0.15247586198479213,0.796257885544907,0.9445006607028281,0.9528373057692902,0.8041406266994613,0.047617226400826884,0.7648300134758439,0.16894996639991955,0.961761556151386,270.5741311451874
0.13080820932520776,0.4932573355406594,0.170416886904469,0.3691287740831978,0.24048024816396218,0.08487345548239622,0.013451273294668775,0.06479363197991139,0.8615913167258114,0.6982715878133637,214.93185101316743
0.10514994872279171,0.3157101993908693,0.5166512685046428,0.6833826470866051,0.21188761894588826,0.18797454916506828,0.5102299053825939,0.7033449071788042,0.9688621160358808,0.023639149023968353,124.50361051721228
0.3361637040241858,0.9504498755995628,0.01349785558551897,0.9397098486800283,0.8472605725076362,0.3366849286993331,0.9874356296840613,0.16872852066976685,0.22407550706594337,0.5294748262605992,251.6891073389138
0.9378383399883697,0.01828763811608236,0.38627291501193106,0.07766161443146802,0.4289143572713846,0.9380378083719723,0.9460551473912304,0.050824884437252305,0.43296257924241643,0.873559602108354,270.3956092876914
0.29684368073080136,0.5132780666923908,0.6661431291170504,0.8942198102559323,0.6606199152890315,0.48882069133452977,0.5168501195378061,0.6323959263626127,0.48127312143483914,0.6617558685461375,110.9388489974758
0.1957933439927051,0.7225613800417291,0.8281242497402974,0.2889429545864606,0.9437149423370937,0.03221651023236061,0.91514656654385,0.979274404706996,0.2960605638624172,0.5537905828966856,216.4980026315942
0.8969757017605688,0.8748420886824315,0.8485536599017092,0.4015782944536509,0.0033304707874002304,0.5623862851685896,0.10471740744439595,0.49426659435951215,0.19113315617098525,0.15728167774035828,178.3701535400602
0.9994697648754234,0.9764378136802835,0.2665260738374817,0.19953506535026733,0.8678810338516257,0.4643240682419445,0.011577683535576755,0.8108191831057938,0.32874855883091103,0.7284994950826725,203.8653430985368
0.8516894755506558,0.4631498864264677,0.02165537945122542,0.10105170858279533,0.6158900296443284,0.7785802597073053,0.806658550017603,0.5483339488691067,0.6722723452129168,0.9088510380628768,181.66157398485126
0.5051956324466376,0.31046143299177287,0.25586665684561505,0.9495549380170453,0.8082775675006991,0.17547427091888568,0.12015151220740994,0.45571723879731774,0.03844219988412123,0.14997688248049912,212.83980207093907
0.7576773647276369,0.5662008607409843,0.21400765718830994,0.1963662942549329,0.8274749880751008,0.22816544326908772,0.23267162482709147,0.20758928772338436,0.7377259467491175,0.43085460535165965,168.12946736702057
0.14685185054659766,0.10157523991265116,0.8734845119604836,0.0550140223777027,0.14611602647177235,0.38442299173314787,0.8126296981004586,0.996918947094216,0.3633829851447842,0.41597791747317614,215.24849915408953
0.14862169145465087,0.894576945527518,0.9779741836571644,0.16077913397813282,0.9236255637153069,0.12248452619416472,0.9913660568964432,0.579525838410043,0.8607297655093279,0.3002370289129076,222.05029511039004
0.3633691253740299,0.459455902891603,0.22575975913684365,0.062358110150583124,0.8816138456126411,0.7069204143031929,0.37578059686952603,0.156001873280613,0.9240017067037132,0.16944154458267724,225.7431091338497
0.627486123832549,0.45007174609035916,0.5984240928595785,0.7554065505479608,0.651795573393676,0.7956158499013164,0.03562072959510987,0.6014993537202155,0.35382471504457047,0.4726367502628931,159.72560485280962
0.9296189029906258,0.860626931149611,0.7597091472505856,0.8323791026601899,0.40174045846712847,0.13747908445370893,0.13192747255345272,0.6314138364422501,0.8971441226005032,0.5444047902365179,221.67619506233393
0.0819604431926656,0.571630408627086,0.8428219684302557,0.3723877340231424,0.23598171201753126,0.9331137438930587,0.15553543578888074,0.9806761455894305,0.16984017106498972,0.4810869261041516,241.37562408850442
0.26664815904896744,0.2277630789857611,0.7541151178835832,0.8891296041240927,0.9562035367528937,0.8663413781414256,0.09786155760316895,0.9695111752683264,0.10123027028030629,0.2142409642148061,216.84649901442532
0.07877645236443565,0.6096497249602786,0.1495360479018477,0.7588824440371789,0.585305101970814,0.3004270502247115,0.406110999872082,0.34705842454166935,0.440006503851761,0.5175490839355676,145.58386373231355
0.8120657993539433,0.5159612695949813,0.010713821575418003,0.9552786754919425,0.326703750258867,0.5577793401432583,0.3129811989429502,0.6894313032101768,0.24793283449293113,0.8658998299615809,173.3228073637587
0.8765482075320893,0.6065701226093606,0.2922603376845271,0.36737256962354237,0.6549661512086354,0.277929725589095,0.13774983206444447,0.496465821439676,0.9598554241315611,0.07904053994606808,178.47287960506966
0.5091533353987654,0.9982895441585434,0.017891605128098065,0.629719907077038,0.15551532186327321,0.871523941342353,0.8347738308676185,0.9554435574213039,0.9654990502515107,0.6083616833262663,227.62855494202074
0.4735145515101472,0.67922267255544,0.0687599196923937,0.5245615386891339,0.9003073015503027,0.843822737448715,0.37235964255622955,0.7200960206444345,0.8055319520153247,0.3409585809320792,181.93031573623676
0.341655108071653,0.7483866736695598,0.6598645404897665,0.7266145179281944,0.8474442035368325,0.21975366123468554,0.8594531326362798,0.6842378206260232,0.2640880876111422,0.7504861073004205,212.209468763703
0.3163654609956724,0.5042604673103661,0.9974000410524505,0.08912288765746079,0.6337041151725015,0.9145409037166187,0.8802969576873751,0.5067305081142018,0.21244932230147728,0.7845334161418546,143.07180340122034
0.7867722237398415,0.41374821154244745,0.4123956942309077,0.8771116401093357,0.49435149567473535,0.49045287002658944,0.1657826307852781,0.5735658472961404,0.333816700343154,0.8528110065929444,123.97310308335005
0.5477235989404133,0.3297800038068205,0.27359092890855075,0.1301112612533678,0.6668790287819719,0.46336362847691726,0.385998208701691,0.11151754299404038,0.5238663776729825,0.5411347345505209,158.93585903493837
0.054723117832848556,0.8707365309069086,0.2995242698981402,0.05210315722098258,0.797631180970941,0.2200235782711587,0.044338103287537844,0.13013596284167495,0.8416721636460697,0.4840976326967258,223.12956079340591
0.6644548705882946,0.4796766095529351,0.21244542580327042,0.4561243919015161,0.8182238807217826,0.5556471248949626,0.9054321683572968,0.1964015275866463,0.07847406915988298,0.36820202114326606,177.53169744188023
0.12476341186030382,0.6876011460865439,0.9479412406417624,0.45843413203410055,0.5480464757960362,0.25047191959024884,0.8928325329316593,0.9160106265063901,0.7418975931060418,0.19106506421309122,214.95392828748024
0.6456530835640848,0.5775981034570944,0.15310940788521543,0.4509275317571759,0.5959692063091181,0.8659386349403553,0.5535833723576031,0.21461224403105672,0.10097178405889318,0.16710577206653254,185.34308991655217
0.24980285979181593,0.4993789380295619,0.170861156210248,0.7928949551854177,0.9430297061619203,0.9726215080901401,0.5751713900205314,0.6246075728780571,0.9025463797419724,0.9780783776070338,199.88441562873945
0.7831125840818317,0.9060893234456363,0.27133207050498775,0.5980837921262772,0.6746255817760773,0.2798338303010488,0.7439824348648546,0.013993904396443768,0.5709422491952889,0.9026326598294251,163.27529389686907
0.5632841296549127,0.18497966493465856,0.17966098373580253,0.18421809033757464,0.13412099868064586,0.5511552835839117,0.731821741845156,0.0673636679151749,0.29650175537512513,0.08659872788001033,215.68223495320532
0.6233751468892577,0.48519777556151655,0.596748727813131,0.8653373314753483,0.922780463789114,0.9106600234693306,0.9032632439756286,0.11451670222182908,0.04614781895333886,0.6169865514829443,182.77043161875488
0.8613904329390635,0.1597834360806688,0.40050580757285326,0.7772817680356376,0.13548576355994024,0.391945938002611,0.2362328892950264,0.023584249102573396,0.2888632847720062,0.4294562819530482,169.6553695932912
0.6821153896515026,0.6094695847869506,0.3667479529915354,0.02423707819764198,0.4477163058501846,0.1212147758466795,0.7506526754105333,0.520265317096954,0.9201847905453787,0.14003341160865668,186.3762839432976
0.5860718700038147,0.038799466457906884,0.23533793267896042,0.4671457751856325,0.9597141626565378,0.4204451488555261,0.9336175276525878,0.6815364011850952,0.8661400347824076,0.8043356729427856,196.58091475420332
0.9085099632506652,0.2339292631821086,0.42503318731078366,0.6146261767614489,0.3725670214143576,0.49707077893637297,0.2253017559037529,0.49959749949400756,0.7856348632651892,0.7686313300032072,115.17971148484283
0.5624733366373831,0.6408933925246728,0.11652098873094119,0.28942122369098033,0.40757611182735687,0.2221110391993859,0.5445586662952425,0.2500273657824952,0.36037324293771056,0.5486866916580333,164.72232042176205
0.4174906622958623,0.46761496958571425,0.0678764382587358,0.9069525423305067,0.4981306722110811,0.17516945033779696,0.9626127387475295,0.8884744625750804,0.12151822977431614,0.247008557793985,198.96583773318417
0.668385343252948,0.021367631554009447,0.9082503142809848,0.31926819884895363,0.7334988380721964,0.9214182396300752,0.6321722256472316,0.2580582202770245,0.8984237144753643,0.4999926614142026,189.10325830707941
0.5226870579820917,0.978238558975956,0.46713296483309796,0.8651720970754989,0.22440328007303234,0.498277944319401,0.042755786110211136,0.2638803347516734,0.49091548348816627,0.9409306003129451,191.1401514691795
0.10370104639506039,0.7167802134372991,0.2214181761555134,0.417605459119439,0.3976045730726385,0.10504240746411375,0.11351437468348324,0.7555790148328327,0.6737084599709461,0.503550531220101,117.66005835511397
0.0418099394028284,0.713590203699364,0.43029350067013783,0.4990639861481606,0.9168261656734855,0.9228582687187497,0.7948637453303576,0.8491306647325484,0.16501529325062092,0.9626949158127499,227.14551109875367
0.2855090778957323,0.4079680145641791,0.4398423288307858,0.9301316672606762,0.4090553055949865,0.9142655639791853,0.5178699342096212,0.9102866573169669,0.9256294363291653,0.8697477898716272,185.79215814756108
0.2514900380114059,0.5135183877777297,0.18591116513830763,0.33735257624975223,0.3262048858559595,0.49924417709017477,0.09037064435931141,0.11417043831954343,0.15937924465906217,0.5147809965683785,153.67330448181707
0.5152910768853092,0.16181117740098983,0.5023668324906346,0.47560965302861336,0.8788721869199714,0.10131303314666162,0.23832116753060828,0.16305388013095357,0.1695407576642073,0.11340161843058161,179.92829492108808
0.5066396308001528,0.9292413182681745,0.31370125482499944,0.36843154436985437,0.2790018425022601,0.7071730828962042,0.23643212574883687,0.5908649752909759,0.11716619653510396,0.29652677757306833,128.71065005154622
0.013160110356755128,0.7082630935428215,0.2989045169969382,0.7184541649460099,0.19939800813394826,0.49684351655758696,0.804011876851043,0.8250873009249843,0.32864068650499767,0.03737504371754774,146.6651810038045
0.24342836023708203,0.05574395241707919,0.8959715225764332,0.5650640379358712,0.7181103466659527,0.5349582047864226,0.000306586831297917,0.8514979013919339,0.6951448122308613,0.5748978096061965,200.28701153162177
0.38889121641956903,0.4801196812054811,0.8093341571142703,0.12151698442116576,0.5805382810461124,0.08027884715674083,0.08935953272556507,0.45581820625501557,0.2440439311851399,0.9228567793950522,184.91401811159244
0.6946574909381872,0.4951068881618327,0.085934929843691,0.2838407354381447,0.31243248131656776,0.6921249959793756,0.3907177501527783,0.7995890004047457,0.9091425193400119,0.35240536919633103,113.77212662652072
0.065311140578584,0.4360717313608682,0.8146168673958867,0.8106479189545104,0.9107454565906888,0.03624126760883406,0.09478844079268856,0.31519006760877954,0.9233277446167103,0.8588011059056722,236.5790915708536
0.8182599478841657,0.3907487853633107,0.19247658450895055,0.23776698707448785,0.5976323389952003,0.7206944381233256,0.8315074348994371,0.538965822089704,0.40091182997706964,0.6548376943727808,146.77810450819055
0.8863415756960327,0.7282229521421801,0.07196418186888498,0.16759281740259047,0.8705793473440143,0.6103982852278312,0.5642588252623391,0.5604207174384571,0.18732309050844875,0.10323153992914946,197.39002900018144
0.6855600026789126,0.19896832475439075,0.550516650867301,0.7937922083183152,0.31323390499968795,0.6223250660780034,0.6688888443675491,0.029974970455857508,0.9247575935276849,0.17128380596759196,168.82247865900013
0.34630320388813596,0.8992734595817982,0.6462799743936242,0.5103345039683437,0.8505820629974233,0.21987134529597696,0.7954051550147284,0.2930716949013965,0.998775250558695,0.14574858427070236,181.63715322295133
0.604219232198477,0.3639891677159004,0.8217643145961084,0.44121833725560244,0.637194505280663,0.9551276964006404,0.40122056348147495,0.9596947968401371,0.6708935827353419,0.9491075206427563,209.28865267741958
0.6913500038678693,0.11734562831470507,0.4512545571435266,0.7507334035030535,0.7426570229020539,0.9887879447078884,0.6422516764280601,0.7778683425230126,0.1621824909641012,0.6451290429444603,205.9638673655233
0.32838111561903505,0.04722811322885101,0.940689944974907,0.4134221586175747,0.12284430206214036,0.5852161558104618,0.299857098367482,0.7401283938015651,0.7008551441038622,0.45723071586768327,171.1556836550076
0.1031774897092258,0.24535078598995297,0.38384086961345454,0.9936460986554806,0.261911278547044,0.45202468826321085,0.07885788462178134,0.8801179157924065,0.8955232373509786,0.46260080685474925,205.39583624212395
0.7599671893963281,0.8702359901355199,0.5009340975565569,0.9331729438033838,0.6173734287730005,0.7264570521960141,0.6668449283113095,0.6356117851773317,0.9583693745009629,0.30754968654607673,185.70245821771297
0.5524284939798888,0.23960215440942045,0.36963131422156714,0.5769359312919572,0.8142595807341145,0.2534769535256969,0.8774119314229823,0.02124982974092593,0.6461392855603852,0.5196920669665562,185.37294990306657
0.13462163101580016,0.730170929717168,0.741279920837557,0.8679767164896861,0.17580915283747356,0.10830467853706605,0.35372293590496173,0.9677497899070471,0.06986201485830867,0.7007199165249061,231.88229451494783
0.16513556893542447,0.11992870037832937,0.8631394309361897,0.7552856409312958,0.2531823104705523,0.5974481376387061,0.836829644454593,0.5563909536129685,0.44629754996686133,0.45841775514369776,215.03522389114357
0.1421990056166489,0.602694500270278,0.3759964269593945,0.7632020092254991,0.5481465673049706,0.08062405132184258,0.23790856785452674,0.006707541149448493,0.9045625367001661,0.7231323775617386,200.7129657380484
0.7022265737818781,0.6978246652308221,0.13424926493235056,0.12582201223593448,0.8681512964530179,0.4853568939562716,0.19741696268024078,0.17621378776989338,0.925354586200568,0.22583384095147419,166.63574911049
0.14812023478554814,0.8550127242674219,0.938005406098451,0.7244936378720649,0.39527743684081995,0.4030142887408197,0.5236242028415935,0.9646882861018466,0.6807475079818363,0.8192758522708803,193.3769931129263
0.8675943517950846,0.7976139538856973,0.1966961532816559,0.0904865065210616,0.5414303275798819,0.5008689426816674,0.02770874188174255,0.022936411958299097,0.1954884314663783,0.9462432678646276,194.86266412643323
0.5996348621697978,0.5751396914898677,0.99931928877807,0.22320257466782922,0.12121451672777384,0.3435018614917362,0.9159700411770182,0.8828299831588864,0.9179963417242896,0.4159492109689259,170.29161594837365
0.4973848511741975,0.2838615597081132,0.6578491249085016,0.9910310160732072,0.19044969144744428,0.6662501086204847,0.0722042566722535,0.04276422111240574,0.5425559486986785,0.27954595744013133,196.8279556087699
0.32186462772942004,0.6366569029128905,0.005265047288299796,0.1478494469654501,0.3444053430098195,0.3509800305614671,0.15569132687191134,0.4537679239041429,0.5898957730828905,0.7762759295746795,196.99924729272456
0.47889446586613926,0.4342579795453897,0.28313107791227654,0.3184148774524993,0.8445622031514509,0.10878086400753151,0.5433064819307777,0.8221578874869773,0.21922521270618833,0.5531230209484399,166.17413640446142
0.7709495286781557,0.35212661309301807,0.5787352749520731,0.6644773834828731,0.6460413596884247,0.9184449513605364,0.9988409761796013,0.6257866912847183,0.27993443883613767,0.5585231343988732,191.33614766001617
0.3025958017878396,0.4044868241544568,0.16313839131961871,0.579817049455624,0.15094092874074705,0.23515391510385697,0.6644049995647233,0.34465924265744174,0.15316204452889415,0.7691539763848488,181.75782994259862
0.06010827321710377,0.7670371997571922,0.9810680932514914,0.3419887554122638,0.3686580580269888,0.9705296391314893,0.08037602828723744,0.7606717107731233,0.6885866655876769,0.8311407734921468,237.7829812779571
0.27217075523892353,0.3101300045392532,0.9379809988814972,0.41139294842812324,0.6493482025833487,0.14423819983885655,0.008044201226059089,0.2197720337843465,0.9910323801802947,0.9079230887386721,204.55256342638245
0.8460288091871456,0.03724869599263125,0.4403150930998505,0.437571706464995,0.258228261863518,0.28568207274714463,0.8592782973889702,0.9732041799231476,0.8766193290842318,0.6223299425063356,223.70633807772208
0.15335141955421272,0.0023795519457536773,0.51341051904037,0.05410762166750349,0.9128567992194323,0.13933592130504024,0.9682168979407455,0.8543293971134133,0.9053160780874387,0.20613946079873602,247.71218011586413
0.4063590851437654,0.9235210249484025,0.15138979297620758,0.31379922015119055,0.3123905349112256,0.8256176965567555,0.11701017118368251,0.7537917732492898,0.5649534325739809,0.3266756962508359,171.99058143697198
0.29694296070823967,0.204406944276593,0.7140292001261039,0.9751270542036002,0.7121798177344771,0.21456336969426726,0.27800036227114056,0.7309733731665564,0.4632361360156563,0.11166837878290703,144.89395053526502
0.6701749199152132,0.9951617684181387,0.9026238302884481,0.37472379735473615,0.36765863354468464,0.767118370506128,0.01150955553392341,0.20304055642382035,0.652934560126034,0.007850734107330948,191.98740459429442
0.6746457323467013,0.2460285821154149,0.5721485369117465,0.13614749365323842,0.8887335718003028,0.9476662126061226,0.8361484075790733,0.7553842707781452,0.984689488705128,0.5256093917004766,219.11754879141378
0.5164942648669758,0.42349133652125936,0.9820335134303914,0.3077459176831526,0.33755831019454763,0.405714532602767,0.8688967749200023,0.474594409376897,0.9437023523256496,0.9701019552588499,164.81390292400027
0.6453740589271988,0.2723885967099283,0.868164742751737,0.3373895964063893,0.031185729502222426,0.19701439416931854,0.8265835091429232,0.8089169352916549,0.45867120135691175,0.3487404999508317,207.40204538558106
0.7674775671976974,0.34243191229922676,0.42922231579985815,0.5420771076059423,0.009433569504426531,0.884836931889198,0.9539641239675847,0.21650078660433236,0.7189685076097556,0.4082548694680814,175.20233964914243
0.923888689240641,0.29872784294136234,0.6631687979819374,0.04172701593354111,0.01497970369640933,0.4015336953771199,0.5771970054113222,0.6270805908019108,0.4819177822918502,0.1563407986914569,179.5824877344936
0.18525299908899295,0.046470547753920455,0.524087191543149,0.6025214876492391,0.33913528370006085,0.13984543543558248,0.3677231638408006,0.4187776481830119,0.9962222956559622,0.2071506242131772,173.81771718794647
0.07800910509447301,0.7259790762407907,0.5584134326464162,0.3285317755704912,0.16691962299392926,0.7874695513114934,0.5088445600001356,0.3729859948615909,0.598437139876957,0.35456617874879715,162.51269725693663
0.4166265055852033,0.1448237730050349,0.042547702479489136,0.7050952326079085,0.6582091371240605,0.446599957507435,0.4116239863244737,0.23205416713300975,0.18128760781992548,0.8913210690384943,174.51210581978307
0.9333512729365258,0.5709464808786507,0.7433739475916611,0.1611950831428013,0.9491365756090827,0.8013094453195885,0.3513307248283831,0.20099906789444222,0.7129911480322185,0.23585066020195333,222.1873382175392
0.5127508896863241,0.44440976475078364,0.17998301943636685,0.9963916581519068,0.788951315099232,0.02009143612059283,0.9518888535741048,0.14027371676921074,0.9278707556435413,0.323192017069619,218.94943828683557
0.034465654220517616,0.6595614632423749,0.09579665932768344,0.06644793434129448,0.495848968979956,0.2138376586566325,0.6981129831681497,0.997629749515735,0.3415199078674067,0.25639830250606577,198.59937817860705
0.8142961827208671,0.6910927508165279,0.109538590586724,0.28731911749020633,0.7895993809795182,0.8433590105697732,0.4736138401749169,0.5255147832266781,0.05573159220883461,0.5488635562973995,172.85592695906126
0.3636244679987263,0.09316084386468415,0.42283212589790375,0.45094933618012345,0.5302328376860485,0.8112675980274183,0.7151365615686424,0.4230850066597919,0.6495920843278394,0.7331156593223651,166.34035987482832
0.2841960756157844,0.8447452667411403,0.9009048925882793,0.9291370612101604,0.3615514345374794,0.5076233491356089,0.05511040440667647,0.8453442424824205,0.48338525282418165,0.7944797335373788,209.46034220408916
0.5045718312014784,0.44430890957270097,0.11224650486700982,0.6843501177373128,0.41398187561310973,0.09297788832691223,0.6603899967223328,0.16222052754553073,0.6650577553641567,0.9888220225327435,159.74781224100147
0.44050311416971544,0.13296186669802756,0.8020359943911711,0.18847437826288327,0.5532522057479198,0.9831387012514033,0.26434702125866594,0.3939870645709529,0.600538809107378,0.5146933309788241,146.68758575409794
0.31376368459769943,0.41978563275313385,0.9011747053394283,0.19977106495540087,0.6000095198374239,0.7547883013604028,0.19188701604201974,0.38680786085325536,0.28754321531270466,0.06655960609574163,136.42066884415186
0.7649378562796052,0.8606639821646559,0.21090397121227322,0.06021826870556024,0.5306795296102627,0.8242117387693525,0.2872919109586327,0.8670803057349921,0.9330092975470781,0.06923114258129148,246.148218202092
0.7264126542399476,0.44388798239814786,0.9566265749116523,0.0774375123261648,0.5740182252945364,0.8485743798997508,0.6910115373235755,0.25294898271355704,0.2899340991612337,0.396847032007525,191.38034761229625
0.06520945951091961,0.26632241572165694,0.7266099675582485,0.6063811266416615,0.34759040066911784,0.9649912639270639,0.33919330108776713,0.14907775862319894,0.4865411549817541,0.848242647873762,224.38310152398952
0.43948056296914983,0.3431493846185667,0.4900810832107094,0.4267880207907272,0.8327017510276944,0.322889062611057,0.8714444274922483,0.10903088011804651,0.5767446915711777,0.6535854926121476,157.04797043170177
0.4927056796622602,0.6246543018680237,0.5756159891114598,0.23542204581427217,0.8971532527211944,0.49546850405404896,0.007573641459148295,0.00833567281030645,0.49789859629780264,0.6630261562611837,130.24602366080478
0.054250246313147454,0.9164448412927839,0.7007264411142441,0.26244965583060165,0.5249241404223478,0.35701038599946133,0.8905499739896435,0.4816887646529642,0.526434006979196,0.9811723292826091,190.13291258285673
0.009039320947252238,0.9276441902930196,0.5240729607691503,0.16782546645957053,0.5561104608374311,0.5391615033630448,0.3001622460828648,0.5240122288245183,0.8966811030058145,0.7308106985452333,192.7336767126016
0.3218409878687686,0.1933689353980519,0.6934165544341322,0.5072215753563087,0.8735403799353118,0.14713279414918046,0.10860248414228102,0.5750667846036578,0.9782434405106313,0.6416289846700598,151.19220495361895
0.5637704620549691,0.6422496782791561,0.5650054825639631,0.6149386947152009,0.6074363177018727,0.7039110193738867,0.5240426867813266,0.6403551957304081,0.6036185150058202,0.5663037554870279,117.08529131465795
0.1714839477975565,0.8403527057814971,0.005225532391843646,0.697091839203203,0.6982009399451905,0.8046219934777468,0.09652071852058575,0.37306864022149444,0.6365422775787827,0.18044636808635028,184.50088603723725
0.11674508655019467,0.021435946012334117,0.606539557978182,0.49873105712281884,0.9954650055157953,0.11654112546919448,0.3299199047652388,0.30308199930331303,0.3669509388860437,0.2718258300547247,145.13419323658093
0.401783246663038,0.93055924244189,0.8982633138362492,0.0786075518001963,0.38129897513571465,0.7003736980918703,0.34900189989600394,0.901992180966067,0.7330978539745,0.20775768978392029,177.0539546805997
0.9780208770185056,0.9120783181018554,0.7403343774212614,0.10126023119270333,0.4830753069375392,0.41162917864810544,0.6847032749609502,0.7261614487497321,0.540994362595666,0.12142825901133025,165.70656697678743
0.5029653420575982,0.10330885074987606,0.6033553971797181,0.9741992190997418,0.7288353826038669,0.23422221627947926,0.7709386660321951,0.9545177693605583,0.701960786682696,0.67653731782991,155.22371995993242
0.6633564711404745,0.5431446601622126,0.8413495578164573,0.9011968703207731,0.48402014066225296,0.5024960551339634,0.2879097045477601,0.004215177207308685,0.16013404148242283,0.5849753369661737,166.1614223386518
0.7037382671040274,0.5275395206195604,0.3671852030111977,0.3461874302799295,0.4713280156007674,0.5286852539429601,0.6230156771312244,0.9589044286773595,0.0781866485289241,0.8415421520527527,195.59471366655964
0.5970365173153693,0.8537446832586,0.8808862889597374,0.07613212102081568,0.33054416478667126,0.35411234242566614,0.18710650997494016,0.11942194058019195,0.7427550651911176,0.2129444627098519,188.91508523169404
0.06963950430028754,0.35074928214952694,0.2911936565792205,0.7971796622679882,0.53435989065195,0.5075635418076073,0.5553460218751508,0.5184210459094097,0.6124936634164316,0.9636125401983635,158.9112241545932
0.21692717648133986,0.6748666332792477,0.435208853506854,0.30987078951801306,0.6756662604293072,0.6385934074624106,0.9093370549453064,0.9400727490191066,0.6219445083984174,0.7426368612510239,173.85306628995107
0.28575065031155666,0.6940051908894422,0.601970074629916,0.5439665791941559,0.7339366549057558,0.14026698858583642,0.03449281263286552,0.10756415058194091,0.7017224722540756,0.2757705651225285,158.9313183828759
0.48531511304343866,0.7754873818257813,0.35715463237572775,0.5125036612337851,0.4956443678267939,0.8636760464279654,0.17999718571042944,0.008264962380333252,0.3458890334518562,0.3002314253241233,142.55971344282187
0.25006562903531315,0.9989321844001616,0.7507456142985368,0.8434926148504256,0.9048194110281338,0.5730037069525143,0.7610639240100825,0.5006364950570725,0.17853092270165172,0.6292558450111528,205.4610365568132
0.14667673125564418,0.22636300735707116,0.7117545226627945,0.38741836435599586,0.7833487026619189,0.3511827308654658,0.020106183039378722,0.0792493700004474,0.005744430298406877,0.8581789763949295,205.44160857579809
0.09530588711054166,0.7731898491268168,0.7586993000175279,0.33078395676818895,0.11388944478145036,0.038782021058046956,0.755594945518378,0.29117196080227037,0.2823813172698665,0.6493785645696398,191.12085072194265
0.39515043640356473,0.5958980079955017,0.37645008344549213,0.9830357053929393,0.8769105314540775,0.15778533709100573,0.5374206713859117,0.28861246776855864,0.5945994753594508,0.6750332141966257,130.494201691865
0.5639930474114406,0.049519992922095524,0.19712472303089368,0.06720933800543782,0.02652089144583958,0.24009148913203426,0.8251858425655969,0.3734025721006409,0.3508899582531225,0.12045254436640584,235.47437182736405
0.5386060828668191,0.002312803604182956,0.13477557542515783,0.11815377647085101,0.5374633851179288,0.28886301048421703,0.9323863765426798,0.1565045730923773,0.05734845936486388,0.6838584640791923,231.67252623624847
0.6293245267359024,0.03662817523043527,0.306736633559727,0.3704853466110539,0.7765643810761867,0.3078413752749165,0.6843009826505227,0.93963310011965,0.9259238143171727,0.32065181013793054,176.52750777053512
0.09725007831133259,0.8519956091859024,0.9590922717993573,0.8351987463792051,0.38259938167166285,0.214897458032819,0.7886467891679625,0.2093924740221419,0.21406964892536717,0.17140497887246775,190.69481872687606
0.8069546771762836,0.46143828004919274,0.8170124812845336,0.9852428472408198,0.41342300042244917,0.04077241459879344,0.44740867083085556,0.8629490249370182,0.39727222630669823,0.030101966730195606,192.0686624404361
0.5869629060267557,0.15994159240660022,0.33790380130828324,0.04945164181146333,0.08426208123106904,0.9512052046320997,0.8658977798632389,0.64361402038358,0.0526737069653056,0.006253802737132164,271.4243000261441
0.027080406313551353,0.5798332287051783,0.7036670164324567,0.4583440411217644,0.826265845493482,0.23951051449442895,0.8266556216616849,0.22664004089486145,0.8542524844644511,0.9400036535798513,220.0568771184145
0.5741609191524397,0.602771209838439,0.032500514499151256,0.5027943588586011,0.9186519709055246,0.5557848124300444,0.4413016496607679,0.0039167413195180245,0.7369416179729464,0.24113761633614383,185.56675120561601
0.2563766331287294,0.7865765379183327,0.46407466454523294,0.6617624681238354,0.521191949433181,0.6149007045984947,0.37389206893823,0.4959945757203862,0.030730855912105115,0.7563725830724004,153.9624688120876
0.3853662892538867,0.13841066282541858,0.31467961140172507,0.36660488634368427,0.8392110002686637,0.7539222492385611,0.058224129265526225,0.964977408902857,0.38150456891503604,0.24802998268490462,221.2252491888791
0.6281844671884339,0.4200226642510576,0.12382559380209623,0.2535703664763985,0.9732430333655677,0.5948969518129779,0.5452318005533365,0.27880045093177064,0.29406106516590114,0.6071571478174193,141.79171930064575
0.5817506045726821,0.8374152916928238,0.6335251782999647,0.05273217040714839,0.7162363828364283,0.2344035947360682,0.07206909944872808,0.8964768895250064,0.5557632510270446,0.035451514316946486,232.63186522840334
0.30613009480150566,0.10844987881186718,0.40148420588688705,0.8892357965261972,0.5112885382526772,0.21034751447040156,0.8745731201100206,0.6867516988468463,0.8062929765521515,0.8833308604371889,103.10335732187568
0.007394804286787848,0.9421216735120791,0.9945794852097987,0.6618410567245355,0.47246597355795084,0.5587293041541261,0.9611523231316373,0.658526609431604,0.4254087000023168,0.41537394231559066,208.95966704038045
0.7985118777062568,0.15229874512795705,0.3695304214349403,0.26230039461760146,0.28558525174999205,0.11969704101501044,0.050489404261008564,0.9795594320202088,0.8642235839244802,0.1331120769772285,226.384005571883
0.619757417073618,0.8506221277276705,0.43021709356607873,0.7493456059047972,0.8728460464764698,0.7662858290489953,0.2056645474894191,0.8055984086147093,0.38512361780641524,0.9013471362528708,167.48564497804304
0.26130340078484093,0.6035699967483793,0.3197150093626785,0.07006858441102326,0.7471293102666433,0.7971843957801058,0.8653972145759817,0.08791694693041374,0.2953536609085291,0.6942433431320235,168.90615558843268
0.6375967690730089,0.08839546401154219,0.4644997764928728,0.4943802827909569,0.21320439677392766,0.872197669927595,0.9563740862740271,0.8905641506948028,0.21112750286219173,0.4267134140224238,165.5654754123136
0.03729009450613452,0.5757070418192215,0.021617195808970924,0.4346986775503704,0.2034107451929703,0.8034883190379001,0.7126815697376019,0.18454374361225545,0.3960612998037254,0.5263603793358357,147.6885993175851
0.07851939712345823,0.19529686324700524,0.5529258426862919,0.7933568042491221,0.6885463665077135,0.5654191283211536,0.12489989106998223,0.17489740792067743,0.7576608784127178,0.5398067845702536,181.1423373911495
0.940139241277963,0.9994433601310501,0.3484152073818094,0.5135962207767787,0.6667398237041176,0.6324557813245446,0.984583475568199,0.4985249153838628,0.14273885432955868,0.4783580105314764,190.06104337727876
0.5362829189899418,0.08246256455285927,0.3052330510406861,0.9386422915375235,0.6139037027018162,0.9597446828291412,0.9762662469301298,0.5345475614459326,0.8184464602090605,0.6908860267771464,200.5700257801618
0.13732061009885066,0.5898690310036625,0.9777371124445767,0.13669087619282716,0.9694725437721475,0.6010195643152207,0.9964248225245429,0.18595154275204118,0.14698465549677564,0.7021171181269533,192.04526772864358
0.9772481702368614,0.018964335851503367,0.5246916010898091,0.41871633841520417,0.041797006458374475,0.07313911408029672,0.22755115365342427,0.7218140738340545,0.06989567614138392,0.07728530339504613,242.11880608061767
0.1675605009594605,0.4933132175181769,0.7348317111790291,0.10849589091470724,0.27322028788914665,0.5987306794523428,0.9319630297504437,0.5604901124559296,0.01750499604656519,0.6072754946791005,175.9812376266304
0.04464088589789306,0.7196963930314612,0.9279626139538161,0.5732961991822716,0.18828141047156732,0.8136649234383132,0.7038932402591113,0.2588405625227822,0.7032115347398211,0.3635303355235652,190.98508277152894
0.560831348625844,0.9640954215697518,0.5063235306645024,0.3268264245886011,0.6663609812872132,0.38522701375302393,0.5764906510372614,0.03298040333013752,0.4224367025695007,0.9204774034707079,164.38026007801153
0.47096793042006124,0.7645975794800443,0.5157199559638596,0.7031846143903484,0.6283252356767391,0.8503994869218641,0.9173097620266265,0.916901631796209,0.6998795373282739,0.8586409530877803,182.12656959203412
0.7361373177674766,0.16442134889886784,0.8226067271869922,0.4695134577260127,0.001386686845648799,0.8869508145425798,0.013253242896047679,0.7918829101233719,0.6263822676320032,0.9474964774284478,225.81490101397915
0.007674984721838252,0.2519937034514328,0.918191471675135,0.3915024417689311,0.38828786419701233,0.42687468187745914,0.658058977226375,0.1396620721144498,0.19820796874087498,0.4481362466891172,180.06667624167
0.8712658741768012,0.20906234146351,0.8083604417500058,0.8672731289392116,0.8043662891153964,0.18223677428888663,0.19283435443817643,0.43691428263358123,0.7537576115539893,0.7250841964590544,175.15274740715995
0.5034977846478735,0.7493737933357557,0.2999691455761637,0.46528985476620377,0.5176082465511143,0.6875246889891167,0.08107024130545959,0.6100097980783132,0.3020413777373334,0.8289918007545435,125.39305507822117
0.336329247906449,0.6602219775096649,0.6396767618515627,0.006978680082991184,0.4221472562280092,0.17903361635959691,0.31745481749380944,0.5089710835463618,0.9478324485633222,0.6126442264396713,167.73083328419693
0.8497384891744272,0.6611663813384083,0.26235471138494804,0.8650494982277859,0.146507276337566,0.11282639736205746,0.30600282030489157,0.25159119565479793,0.7073337052574475,0.2571493296738765,209.8603933538729
0.17822370080731242,0.10791143192821873,0.7403259032766766,0.19850268673721883,0.32210452129958644,0.14965952448616726,0.8699701763476734,0.7604486637208953,0.29658859934442805,0.0014072159419552532,194.83746501688472
0.04445770956793971,0.8251904840865326,0.5433215043108908,0.5696605801012311,0.7756858004253482,0.45414842789116017,0.23155581929581082,0.5471217300645251,0.6197229178402822,0.6219377955455125,187.98615329192546
0.587348966477643,0.4811184137331549,0.15348590568412657,0.16975573443428849,0.3237627699165866,0.358176760081084,0.7805482186351432,0.5823267318857198,0.4627860301261145,0.9636560472022415,168.58689947568138
0.15458971300466962,0.12768242703948895,0.9708281893759622,0.6864069407535629,0.3197931106103511,0.10732190345268944,0.6557239959099174,0.45491899919108336,0.26812696676924164,0.7417867715435272,200.5744272879095
0.7100149126130647,0.7624240481995775,0.9957027403788442,0.9498740876643957,0.8078397533711917,0.03137675782083582,0.6147990487651084,0.8335513220403334,0.7266683096361025,0.436811018024134,213.28687568017756
0.8361069024719374,0.7950372540672517,0.3841330744473015,0.3688549172508043,0.4172930724116114,0.679613346691248,0.0362419766781068,0.23999377901675423,0.4235513590483767,0.638222070474399,162.42397031341585
0.6581561896380833,0.4408339667020692,0.9990543009958299,0.4636667657001021,0.6655818124390638,0.7328104121923003,0.5030226409935851,0.47530023631213314,0.9744837886051004,0.91165478824612,186.38134983919292
0.9958158994390812,0.9663133333757554,0.3937902276609154,0.23283169823486682,0.0278552903844963,0.3696529379235478,0.05882223937073472,0.4532176083802373,0.3149009747405328,0.1351723629695486,215.36546103051558
0.40728740104246597,0.18904403952032922,0.028711338817547727,0.48201705016642593,0.3962223014730347,0.164888607450415,0.28579869970048555,0.4362470703875384,0.7650304997162141,0.36076727394743613,153.0582484268929
0.9075852391487282,0.1677770279787304,0.7056752347796509,0.8376941220467669,0.31396384882885464,0.9574620803416385,0.6709589733274502,0.8930924288670089,0.5516575632521954,0.8624969931829726,207.65086519638362
0.9834456853209779,0.5375770447596363,0.6125751941322747,0.4516986029372203,0.4805997323257093,0.02992764489743238,0.37128358078936774,0.34192498242344294,0.4063144042221637,0.07783139222384083,174.82311260134105
0.2604683064558363,0.06066362676306214,0.7876086999962306,0.7771780417372877,0.8157476779932947,0.7686652657386543,0.8266529791720265,0.6293107034053016,0.03611619409880873,0.36565426685847313,219.36944318071625
0.6961799665069822,0.9861736277349299,0.010943871669523153,0.9895006442096831,0.43543131411326785,0.41953850384417646,0.7774475463466352,0.26341930960780335,0.9624610365480529,0.6648512277548254,188.44550697965684
0.7457851174904266,0.27916956455281705,0.1987633918050189,0.18713365123843773,0.7908175395074186,0.2758069347575324,0.3786073259384135,0.20696238055144045,0.39486841658523486,0.15410388129002417,152.07314159730973
0.5070379497429705,0.6093221328098084,0.9917115225385279,0.11264989666808156,0.7811175644161518,0.3330256861739753,0.9146137442905705,0.17490621291975572,0.3934354319306228,0.44065339769650946,147.52764906223248
0.4894883346950636,0.87290231904616,0.18320655477924952,0.01492242072709915,0.8666252493363895,0.5706823077436898,0.7874910156351277,0.240550324646993,0.24152234498929592,0.1447896954530522,188.28517675316866
0.8343792658155588,0.6870544513013256,0.9844935603582257,0.6136427687396343,0.5742851547491417,0.812592990273984,0.8640183568190711,0.4878700719836675,0.02497370227053608,0.7055597466661755,155.69715572385212
0.44627779276445245,0.6281700391318971,0.20830174089337405,0.5504488979235156,0.09803944611452031,0.6645346214107376,0.016775775318366715,0.34908071112074024,0.6123130879578145,0.967663773531516,183.7892124904512
0.2013429696656781,0.4382170368669822,0.8027412517480256,0.4876608475830245,0.5028720166792957,0.6873605873394192,0.37991656236372373,0.26695579700631566,0.8331262408307082,0.36174190118946903,131.04502508348503
0.698485995960984,0.10923459153035553,0.658415603056363,0.5425705273089126,0.07015745562460918,0.13088180816598383,0.44705007820816267,0.8258671617976188,0.3495567783627206,0.20131592244602525,197.8619956708482
0.8686956722124236,0.7111279240624353,0.97865862794313,0.2771920849016327,0.8893131852054694,0.5012465381110635,0.6212114089465387,0.43959552137029656,0.47497681617247944,0.25024153281026296,156.17303159645908
0.20765339028123853,0.5164524478641905,0.4669489749520096,0.15243575361446637,0.8579639529691385,0.20311124852714857,0.959584871544189,0.3046573195065725,0.9717398272179822,0.997265458624992,194.43487125519908
0.9034625213507039,0.2708921331244015,0.8490388906348884,0.9947962157174809,0.9679301365991986,0.013026390219938344,0.2955991917182925,0.9735767918158631,0.7983532584208877,0.7035407531067724,204.3447449776035
0.08604716215931962,0.33468932794530326,0.43757132884842076,0.6876760264323705,0.06717536376763289,0.1814806659319642,0.8983262035740075,0.024387534869198646,0.4619493596259804,0.8405357964094072,220.13556999191078
0.5699875152753358,0.6302973159588352,0.6668450564066447,0.684720195897344,0.010416101640546516,0.19358270559536805,0.1858800781779104,0.27527983087460905,0.9171377574633567,0.74243781577231,181.67140100082932
0.29413246516864255,0.9046559972489868,0.2758018305687694,0.7201383617417211,0.1045266737505256,0.5007318286213256,0.9173818592357654,0.45613591166553125,0.642707283142584,0.44530016900021974,168.9010620562175
0.5139039414247882,0.8359944836004061,0.010797780862508932,0.9546857411552832,0.9829364891362792,0.5071813525527057,0.2707176470804159,0.7256694736704434,0.8867715756587808,0.2669624347476576,202.95845151945767
0.07673237380809905,0.44504802708718694,0.6762752308505825,0.38199899607639975,0.6316671257922413,0.3347825420241799,0.17304389132322084,0.09303955058036795,0.8680701192838853,0.07850753215720008,211.2303580272051
0.08165129457292686,0.9350172332429407,0.32647892882377383,0.9451008389964641,0.9236815445987016,0.6335686322830109,0.28483947781655183,0.030050262829578123,0.6557081928663767,0.060304127285906395,276.62144263100754
0.5181288088271284,0.24439631752718727,0.06058455762169501,0.5453364289060468,0.8987295276527028,0.00020087755034203791,0.1388649161445733,0.06305327538576533,0.4139648121779578,0.3607651092693218,228.55973054004275
0.23397306566292386,0.03797490024113659,0.10795103021869112,0.2142401292092566,0.03471743345167844,0.8518987327380048,0.4803295631083908,0.7124180789487077,0.5520160003780694,0.5029898710646037,178.6164785556967
0.41944311240166543,0.9225143013701533,0.07519080260188371,0.31328176135421903,0.8715628572022068,0.4543496104605773,0.9783988997293767,0.9065786487776665,0.8496626946010604,0.22205406448175646,212.64505450769633
0.5665450336995282,0.6632797121897739,0.7816580142671639,0.08685320016067877,0.1628445882943278,0.6538711536346852,0.9225505570814219,0.19542477765307076,0.7920341505944227,0.3951056458930936,179.46807755453088
0.33100440772169104,0.5071461433655894,0.7740605788423411,0.7262248746103056,0.697622297100292,0.5648584582892912,0.32466182442410707,0.8970819713646566,0.9313069349227965,0.9630893997588448,167.81682510798854
0.3777152644003906,0.8109044948008798,0.44810434956575107,0.33311151397544925,0.20696332847867083,0.684279628365201,0.18360861935254957,0.5733700023594189,0.019513359132156016,0.5513167588440702,154.26311982344478
0.30607264983396854,0.6055043846814788,0.9738399654202297,0.9048081773804425,0.9476139598013721,0.7995324099045337,0.3088021781176138,0.5954886587788004,0.7940963691421787,0.8238116589459614,144.3148412469097
0.0616024246729594,0.8232925626175586,0.07130006107402065,0.07497713763419722,0.6592937260704954,0.6851184965930671,0.8927611544214202,0.6105791823074115,0.382659335064497,0.08265971114781179,220.82589935792927
0.7696321007983264,0.6295794263199336,0.44191493321197317,0.9942069266903526,0.6458769474754513,0.6379071671027413,0.613446746552527,0.8069326174220132,0.012233072202900819,0.6601177523682704,184.79675362878277
0.2973205735069062,0.8578997689814162,0.8955419207064944,0.2289939354846523,0.9802114487825176,0.6785527296095442,0.08965945610424364,0.9794123169014903,0.19592355346597945,0.3646056544400258,183.07097965407138
0.5045503815322853,0.25562575337470417,0.6877709544485052,0.13767548311030842,0.684674787041882,0.23981070582233432,0.624090308025682,0.5939779980978747,0.029354238422907186,0.7432881313825435,155.1424363481537
0.9269847441309791,0.754729636915641,0.8309865626549532,0.4493946807627449,0.7739765304995426,0.9262083696233077,0.8787038643971048,0.3159373523570178,0.04233549942839887,0.08582521696543366,247.27017634998614
0.8584078927393312,0.5234985621635678,0.4049116369721485,0.9328976784628163,0.2470865576008795,0.3433593602825902,0.35085826088037053,0.3980603845112448,0.40905561734023466,0.27039230688846494,170.18285514146527
0.6697495209598956,0.8822360518182993,0.5010184846609348,0.12461111751763598,0.9195763841357851,0.5838006337152593,0.7818226290739619,0.9883172006930108,0.06663321240256437,0.9570463641749787,196.40681361178707
0.3232600481525979,0.9009674399975425,0.5930019497816557,0.12816867173071844,0.5087922045298566,0.7160735075639622,0.6045703542591944,0.5260364574975339,0.2996829907590355,0.060676444030082766,123.23326700861409
0.6008909683260251,0.13471280545872077,0.8749285602213467,0.14747546490651853,0.35794509444525013,0.7284923376330119,0.02442605823294619,0.015000885365757943,0.4638358437584795,0.47466629486073897,197.98316395091024
0.5593975392768209,0.20033269705406132,0.44317784721687137,0.258184067910213,0.7638031230333134,0.4935408456793886,0.9936726316837026,0.9793405231902709,0.3802457481274746,0.055369715135934916,196.7558062277077
0.10973584375679224,0.447993189511251,0.9105149966530399,0.29224565182835494,0.5638577670774824,0.13376844789876063,0.8473231387774931,0.22446020075681028,0.16325213623698398,0.2287671711879522,201.57553195891396
0.0884987920296848,0.8293274672944059,0.6267428191606694,0.11042953240967623,0.41255279024337177,0.19090028336346998,0.6742277580979147,0.37160054047497826,0.3099221090226183,0.28758508972343,143.5204491093879
0.46587818459539587,0.7712953557474365,0.3569055199221338,0.8371517702152109,0.7183586295855151,0.2725731066892877,0.9057121286495814,0.6927953865042614,0.34044330840175885,0.476310766550633,174.18760322196437
0.749875900139545,0.4045642322886074,0.30506623142035527,0.5852743134653208,0.6111525788371551,0.29579562878305177,0.5234750984700567,0.11681962585634664,0.2608057820190782,0.9724802232796912,125.10763956799586
0.705962230584237,0.8141606207059302,0.8863834801845812,0.7035953236553887,0.4984718208705816,0.8033685810205066,0.31781218608097306,0.8118388363768044,0.05928293982717081,0.2083619436233033,131.44134205512185
0.4512292197780413,0.7186673730776635,0.3734486119513638,0.8218907957246439,0.11869986963554291,0.9904719875424578,0.6239719546024246,0.6513255583464702,0.4724595763757471,0.8458663807508645,194.17724364798397
0.408637074348177,0.8378311427224507,0.909651755056155,0.8971817608962847,0.2667990472424141,0.38155720244814595,0.727847358594029,0.9842750366297115,0.18419130588604649,0.882060864263051,189.01842507106716
0.8808259411128695,0.7979852995429139,0.9524303996238599,0.05752043797144668,0.5543489530227156,0.4648437211676806,0.770303349951251,0.8204890963186268,0.03550880443320392,0.11242498454158822,229.12209060284144
0.3241393132370839,0.889242947592492,0.9351193287090711,0.5807330171147835,0.5493186960068189,0.6527438017349219,0.8755046709043028,0.5204082908640799,0.9492617884351956,0.7098405135988023,188.00703790093868
0.2613950062539442,0.31420673208915884,0.7731343150124513,0.41409968770574723,0.374979288782853,0.8421296299511788,0.6143323489058694,0.337601592709016,0.7149951351504059,0.18128152011892285,152.9162156643086
0.24410840154659108,0.9656838671117116,0.2961195695523542,0.6802081157136307,0.2855537456001537,0.1477481142312006,0.2955345535004994,0.23316771946060633,0.003332294737647401,0.6265950027074011,178.12192069976157
0.5939974989124418,0.09498242055638895,0.39776392099012303,0.7648618489345899,0.24582400949398286,0.23376230152906252,0.9038094132279499,0.2887986853727996,0.33155011526232936,0.14110459439040512,159.84266450618458
0.03551819752089769,0.8098209470484878,0.9406605178997586,0.15815888793308097,0.42831425666092504,0.5419896849440718,0.42867782380281505,0.25028817391466296,0.679603158354568,0.9482685504388009,236.21532405016228
0.17405170956942906,0.2627546605519896,0.7155062202965778,0.6236206579354919,0.053706978235032454,0.6855798534159322,0.40594174897083224,0.7703321350813018,0.42270164438245406,0.2689849310153891,169.53731960637037
0.2819155579936551,0.011354925019002593,0.671620586292474,0.6436331624798995,0.8615699744372225,0.21091630489084734,0.2830853809833156,0.40048507066856187,0.763889564143337,0.18045024452325154,165.91569571857838
0.7632900625886548,0.5818629239304677,0.9511878899586478,0.5008332589466596,0.2839573285220047,0.17441463915321143,0.4454599348257955,0.3219764767692004,0.7975195053890006,0.10679733034780481,157.966863657906
0.9224870587926919,0.302222833000211,0.863671519088117,0.6939111304387711,0.6172533461584903,0.6872105706307468,0.4536858836080535,0.37431077413019376,0.9724299396434718,0.8839164720763558,159.0265160269921
0.9584560461416285,0.2588431518668428,0.28247496109612047,0.9565921934492042,0.8831178696127774,0.0996290623603372,0.23525815058936816,0.9919179641120045,0.18187913868138372,0.7532456053308221,238.10079528698827
0.9036214493536247,0.17919382095778336,0.5659808621902255,0.5809433078361228,0.8460104430819153,0.8291014883178464,0.2892708639624646,0.4586828143067737,0.3292464069086297,0.8533634509720402,196.45880381355713
0.6619935140373986,0.3237312647006856,0.21299031497239307,0.51479179836572,0.6151672364521962,0.398578585760026,0.46424236769772353,0.1822325872435887,0.9871504918795633,0.7196556838328696,127.65351557375887
0.9089576605392559,0.23022362161970933,0.5965944277980965,0.9189620609237916,0.25461747763390596,0.3062315601798762,0.5136957518339387,0.6099304807133576,0.5560390653571918,0.11241560392597949,145.84122213725988
0.07768845303379168,0.9958678091749005,0.25235991925492707,0.31205610357594904,0.2858855015051778,0.555595588375228,0.7679728522190181,0.8809702614183491,0.42877820749659235,0.8500301418741515,200.10812224221883
0.6173754342704172,0.35859500476824513,0.05244035764022126,0.7438676785494935,0.6717710041128488,0.3278233128544713,0.43619965553978035,0.6811927322747694,0.70701471463849,0.5493851989204873,171.6395247850699
0.6030407769060047,0.6517829564988616,0.7943236724182531,0.5731404926734937,0.5174625775306367,0.3923195319008672,0.17174862014919723,0.5020595267813284,0.575999657522211,0.13945912019075524,116.08906729282418
0.9093970618371143,0.8498487132607538,0.6778236810375817,0.8710354630253695,0.4672986421504599,0.3206371415241941,0.2786032930519171,0.8797359219715118,0.34636712239321277,0.8163683429307668,184.28713160505788
0.5400140662849823,0.39069263013426025,0.18461822155845553,0.7876443459526455,0.17175496525560385,0.14164082792181676,0.9160903464924409,0.24044864602852,0.1397647975364995,0.7216819113785331,202.10963508340217
0.5428867720471597,0.169349774067315,0.5974432722066376,0.7595612492913268,0.483778836518589,0.07867644362514725,0.3737991217337703,0.5373503887330118,0.96290700062683,0.6161942751289615,182.19525700075636
0.8675451039288175,0.08142101480522679,0.5977908254831634,0.2193934125447885,0.06733077803807419,0.4681407772668327,0.5699542600490568,0.21460737076212644,0.600076145037597,0.9809508630040421,168.44071809084352
0.916151707001523,0.28720956373093054,0.09394290818255746,0.904628911453236,0.5178319418594521,0.8356843690091893,0.30946976222966804,0.18313172437940772,0.9522873588148186,0.7338012240468498,205.37206785650284
0.9500327146367226,0.7968743918093225,0.6756185984240631,0.6578031808665447,0.4490425333889836,0.47534012402127557,0.5653272084752298,0.3654507724189373,0.45728647235383235,0.43794750784936076,180.12156829014023
0.4232126365470218,0.28690823780311925,0.6249309403501719,0.8084311539248143,0.937362082876128,0.6714063952909246,0.3867090964847968,0.7913323507617899,0.7020915717808492,0.8741461458533297,139.65352968751768
0.010905294466423077,0.29973515395069816,0.9230601131110702,0.4560977245444374,0.07844859036191176,0.2050055399448557,0.10729913761732368,0.8565996717594433,0.44355756053846773,0.41840072598853206,195.24926132919978
0.8938318028182277,0.4592069356647477,0.7677005411906861,0.7246919369666821,0.5576286196217225,0.12418184351775685,0.034883450037891284,0.4909764612046289,0.522540913487078,0.17218888405478916,179.50897915764247
0.33901207586867177,0.26374298918298844,0.8824497317845839,0.6830609986827056,0.053800540954019316,0.3081333142436262,0.3093795237480855,0.23857965696866867,0.39962254047286494,0.41269781219171564,140.47640073646258
0.7999423042725151,0.11473548819127755,0.0067932868662144985,0.4335400787091692,0.2382218879035075,0.9805177348130942,0.15074974199761904,0.707638576610658,0.311083372222412,0.961601632346344,191.6511204585712
0.36182431526915393,0.2574977793134633,0.3720652390452055,0.09371849252630682,0.4149445576277849,0.4533883216606206,0.6873626366302484,0.15984481988747534,0.9507132174302463,0.5411803765029392,202.89929817322638
0.5043311994499914,0.958725658978895,0.8905069251447713,0.39516116443725113,0.8637626927460164,0.5342267712796833,0.5400254649773818,0.5383780291567845,0.8654702902635962,0.9564719022047452,192.8579349388632
0.959935340927657,0.42914834506069044,0.8406074047216859,0.3550412572953331,0.09912659006988744,0.9994011058124889,0.23417660718661337,0.9405645459905451,0.5829418182297902,0.8262605189665622,239.51486206427026
0.06671666649808516,0.29373076819811084,0.8430789886702699,0.19175742115679895,0.5185142027765839,0.41340465990610975,0.24515534139888784,0.15177981011113517,0.21964865938263345,0.20096261061322773,179.91261459490914
0.757583695234504,0.35481156404978165,0.3798129141184593,0.578135608355126,0.9216055875328752,0.5007975521275256,0.9826759365560025,0.5415195229741813,0.5532362529210705,0.02478156960116995,187.2961471532056
0.48102997786929846,0.25112403183865273,0.7901772615847552,0.734732719720257,0.8249564580581698,0.4647460413143537,0.149522498042434,0.39995683238625424,0.8100010289850081,0.2054628549075188,165.11860076256215
0.6566875053519373,0.6067887642514119,0.722224626942595,0.9746228824383436,0.9051695577665306,0.4549446589190743,0.009546092342669454,0.11171567354806344,0.0906711253479966,0.238389591734544,195.30584938681218
0.7095106437791727,0.8840291802618355,0.47871117045595923,0.8645123575419874,0.4650467955271348,0.599971831228851,0.17544079723628936,0.6608905980337796,0.023955867566297306,0.8689825985001155,168.90307110851535
0.5227703223080045,0.5832293513074321,0.7290491196357243,0.6009611799548256,0.044332357441480896,0.13738852063129947,0.4641289367964698,0.3251348372461751,0.8742423532272285,0.1905857547938744,161.47896827278652
0.476734345463644,0.05992061349655842,0.24840318807471407,0.9150168578901259,0.4933126132412602,0.1663666471919064,0.694075049062427,0.8183263773034439,0.7669887432047829,0.819767615302712,200.35709789718524
0.21731516338090207,0.9006097482900788,0.16476901332718885,0.2600879446718931,0.5139665105602044,0.006712366854536356,0.5561386130030516,0.3583893837921731,0.7155731038485558,0.6417538786655576,190.4461255584299
0.020906261264064474,0.26781905081892066,0.5941360434451366,0.04336773571461816,0.2319189498138321,0.13082888493083555,0.7184561329062424,0.31854798865196265,0.22598625169426156,0.5802113102002627,168.50765957377052
0.7619616863454752,0.24214850042095826,0.655040791980735,0.8514189873825617,0.4687887800975725,0.12289933878140691,0.8216849813670087,0.5144610166468111,0.4533739188245226,0.6350375880789924,196.65503219070663
0.19473572369349657,0.3994726388764993,0.2023639458738944,0.16257813540938781,0.7654360610010069,0.9236923986942012,0.7461642624906409,0.19761898963715874,0.43263999550699006,0.5412395287341061,179.5564390225516
0.3205695669565386,0.020685766008566087,0.571417215463948,0.39957541447577105,0.381629342367073,0.8067096094432993,0.22005886760753257,0.6234842478193048,0.577553838839854,0.7343281460616036,125.18303006414236
0.2821751888442745,0.9862084103482964,0.9720529616445003,0.4210347028811192,0.7071153666503909,0.5923088084317732,0.8604446349427963,0.8889512150375896,0.08402488241571804,0.7959658266809371,164.0363952488998
0.9546981877155891,0.5865952684193647,0.20040977416040962,0.89883008234895,0.3681098064192353,0.8565311626363797,0.013388367481291685,0.7147897126200701,0.05451834801843414,0.18080751249101623,214.2067300952136
0.688074609243386,0.29070950021659725,0.26505636802754884,0.4866458817146343,0.036538092870628036,0.8463156501009438,0.11295871812116154,0.21494309695238867,0.3406166336045613,0.9981528190218399,178.80686055000064
0.8919379717865961,0.8349756706444172,0.597894161141187,0.24291225603872502,0.46518289950063985,0.13146382554930225,0.17104951612440322,0.5326626809515046,0.7257429268669545,0.568059364040319,186.8790148265516
0.28885816925480634,0.8113954876528289,0.8813343415666625,0.726159451737733,0.9045953058441859,0.7314427317276535,0.04099865593788721,0.41830212274071454,0.8505149781188348,0.047624169451042864,215.84816587891441
0.7854302295111735,0.2944398077622352,0.6003023710463247,0.41429961823593575,0.10291828178472928,0.9245779518242658,0.1143364705043719,0.6522122120779359,0.6055561234325987,0.7368757056218379,138.1562235586503
0.040273987245889264,0.3779614191406915,0.0974062125553693,0.8458187552966758,0.8367095330433224,0.943852904724864,0.04842910599485173,0.045183392266041955,0.5914058382926994,0.4106487527479221,249.56522645549853
0.2826773234940845,0.8992893169959402,0.9962484743527604,0.5336762046751655,0.9907891341512064,0.008463713982035048,0.8069500328210915,0.5902846936037442,0.7196999502903572,0.08684581392662594,182.77490265682053
0.704536373432087,0.5680921878380061,0.492584205966041,0.4549144570042233,0.8617345988597093,0.9435515128382284,0.44333500182068586,0.6368079905045401,0.4575054109455371,0.48860128302966754,168.86187407148054
0.7476171618776676,0.9060463406588443,0.23905968398212474,0.03154820772951672,0.36046455764861307,0.264958508195952,0.13936500552471465,0.06202687856496403,0.8799795520117697,0.19343769196437566,243.18875491921312
0.2458059941612608,0.6338430681234168,0.6226617145531735,0.8883361380616048,0.38056487665152483,0.41898830020792943,0.3942951818815891,0.25205709893783756,0.4710397935355971,0.43867618634682237,146.0225772166691
0.7831350013189503,0.08716990318289652,0.8121903273546252,0.011881803633380317,0.5192244836954792,0.9266534144595764,0.5462536971709405,0.5226928255016525,0.10134474589215958,0.8161479882879044,188.058828880082
0.43206784142115384,0.972533495990878,0.1285313804885112,0.7488179554620426,0.015832251611463177,0.29367531706177774,0.8534932635894326,0.617380858436748,0.21813937301759734,0.4853950920402522,174.723293409757
0.9961606074456102,0.6475407819696335,0.22195645718228685,0.504850898327114,0.49059973377751465,0.8363399151789834,0.6768810760009816,0.245130794655969,0.3486986366382049,0.9093376574831779,175.1796957692541
0.9182352555410666,0.05245506743750816,0.8727958847877083,0.2632962524772283,0.16792668826400647,0.0007202084618270765,0.22926348427184418,0.480261379341148,0.8797986781579419,0.9513503651176709,252.87529261259243
0.2986916464427999,0.8649990180600509,0.6878802929038041,0.5963101639856538,0.7221685270726713,0.9351425829918342,0.8942791052790581,0.3809798897939276,0.641235662616887,0.6985503510128348,143.76696874244098
0.12614607153705704,0.6376156349560778,0.6446547330604971,0.46188678414035345,0.3356149892562501,0.16169774527040515,0.8188727783176513,0.6011681231254064,0.45602827892629294,0.8792734211088623,189.27997566867776
0.042065150847009125,0.9043693955589508,0.5336143458312916,0.23552025325296,0.0409727447208188,0.6680465982806276,0.711032761559005,0.6954394555697213,0.7501157445308454,0.5675676694784484,195.33792497454158
0.42643560907516553,0.5318464750371151,0.8806572876925852,0.1576007287579484,0.7187718283634316,0.4060466164798405,0.5093753717580353,0.10005448075197165,0.2698631548449123,0.579528082233127,138.9291722009792
0.25962998724852104,0.8304624678165087,0.5371356477313558,0.3225742840739184,0.8303384234123754,0.8395769191203921,0.5197919577115784,0.7556673681233129,0.1788119910679009,0.9364913340461988,236.55487447698346
0.7754136804581006,0.880510613814056,0.4524674415735037,0.7576588496345616,0.6261272732366776,0.582390949295226,0.5848135920404853,0.49121293525476284,0.8987225228408305,0.4570151821526338,136.9650087509819
0.0581391346791168,0.5534159310963254,0.7414969873381209,0.28478181972132,0.059854503635572875,0.705924874156193,0.6280080071706559,0.7394600981296021,0.8890055265473539,0.2581043475378141,228.14172777555163
0.7843289789333927,0.7429272162114527,0.02128676389751638,0.8144791637156902,0.8985805360796888,0.6079476606326824,0.40814993069163175,0.606383865413923,0.7469055506044661,0.023800721194676133,158.97526596795888
0.31853681106861376,0.4915854572512244,0.41234069300703824,0.305357281353387,0.5974912547543363,0.013399083150361646,0.956438990089536,0.8425241012339661,0.5629355557717435,0.9153593804341099,154.87807515236713
0.49754050162493324,0.19942383154836196,0.46221261894337584,0.2470799167296952,0.4698886629764796,0.10320420656674134,0.7043579197406983,0.8626519867180799,0.8076121297767669,0.36709831830756956,149.02267613293284
0.9003944547076227,0.9728654248050281,0.6528410340714945,0.1961253293491908,0.5369217475616901,0.5584957735281741,0.8524133033784248,0.522234104895824,0.012633969119796085,0.8775989413627618,198.82028365978164
0.317226620854252,0.06164291263274402,0.8920776736028823,0.18948764698151044,0.5692424177094155,0.22860504226694767,0.11517373208171966,0.21762180283568477,0.232561132352761,0.11184357969278902,168.60974926952537
0.42053735669747105,0.010328451841655428,0.12375803740082048,0.6100138030129247,0.9271183741763551,0.5318794480501396,0.5628412858669435,0.43713509599176914,0.9376655944749973,0.9744928535933037,206.44751897873618
0.30712343338345405,0.7375440851811305,0.5871030334604838,0.697460005250779,0.27754595333163923,0.2870480365523487,0.22914991788101002,0.9898240392117708,0.3702821697098184,0.6533827430696542,143.1331155215719
0.5064962589070051,0.8222975510980404,0.36093818120672305,0.4848287345220321,0.26811260464906006,0.06792522872247753,0.6855461302016812,0.8755936499608407,0.8423570207228991,0.49033204620048476,170.1582341264587
0.34464349489045243,0.6363060576338155,0.9300190604384363,0.14935296431264933,0.913899435170089,0.6317078748151305,0.7298857062995127,0.31010714546077356,0.19053945229488656,0.6097024667390452,199.88963077018838
0.9867227590220758,0.5309191678684215,0.5159950184986406,0.9767539851880725,0.5460549543872458,0.4556416267757155,0.6259779127947579,0.8548407400971255,0.7299412219044956,0.7132867877523088,186.6783429897521
0.606272465710494,0.5327925954654801,0.8830893236950536,0.45081512435887683,0.9194740748680759,0.060583736643508246,0.43120364973010183,0.8068327155124172,0.8780590022955446,0.09702423639636126,191.24729978414098
0.4897673193362023,0.8977325682695895,0.8741415883357893,0.4048094624978076,0.7865470394633843,0.46883913668800636,0.4471505076957435,0.05259743600877498,0.06113348572395938,0.5029915594038571,164.38891427824592
0.038410780700599334,0.6664215874131565,0.563026878603303,0.07479921096062037,0.5573194318250855,0.25392559823947425,0.7657728821698647,0.09470126618447228,0.1134561639147097,0.42906061113087457,214.8345359795756
0.983931093477403,0.6385994629235109,0.982874084197284,0.1999909010938007,0.593921684245279,0.28875891732729575,0.8444159109131995,0.3976948315220634,0.678290020227297,0.2176153737871196,145.0790334722976
0.19396650892164835,0.7731733313399813,0.6461040100236164,0.6761930760372233,0.2413621634492752,0.537380635635204,0.4928716252843133,0.17185642334187234,0.8954843663520656,0.8756812975781306,165.39625760053872
0.9193123872006939,0.6567267358806216,0.3076544220347047,0.526730002060673,0.667237062907374,0.26220068044392875,0.20250270372764845,0.25248235518662976,0.4800214528314116,0.3638193322149279,170.57290611212323
0.6737401558083925,0.4420136485769899,0.7895432394808027,0.946601760702402,0.33405088471683864,0.08980941327014369,0.4075729010501048,0.12026931280250164,0.7601483401134376,0.9925978285928784,186.5195854146201
0.2658820062095708,0.5951930756227609,0.14068279172879883,0.9003736029193453,0.3755469537684113,0.7224873086061301,0.3858612403088175,0.7333097922447931,0.014124349742738906,0.1362994799318753,181.67506790526747
0.1251812396286287,0.4566287486196431,0.17508015230303042,0.8036418884534935,0.6888279161350358,0.4109947555722592,0.07527453126622796,0.14283985632757767,0.8855202559503316,0.812857714655052,180.80148483308767
0.12341060913292634,0.861974329628979,0.4388626309589022,0.28202056808131193,0.3730131579079615,0.4756582948251926,0.34026946197952634,0.3938997029734538,0.4573064639137372,0.7323841529317674,165.44040008969094
0.37124757233746464,0.5911283999637816,0.6642058870224298,0.5435120992664507,0.4066909071198942,0.7093937436283754,0.11508825767801234,0.6491173360390687,0.9543807726429975,0.520399793920681,147.2589829057219
0.3591490793828598,0.42906712194938745,0.23218915285236408,0.23447985107685965,0.6428167760088156,0.8721317444847642,0.11771598565379482,0.05406515163257408,0.5706782278531368,0.7916508261391826,191.28030561001577
0.5902783830319367,0.46115267269829163,0.9821780856368486,0.14408137141503408,0.0608715674857816,0.7126980037373909,0.3064999749272165,0.621810122488678,0.7720093839133997,0.7242036225376748,174.338505538483
0.8114186365878746,0.5277804634505927,0.5360781858803533,0.6373324815814241,0.49263468580685255,0.044520091189923505,0.3691319059858159,0.5517279169712618,0.2925377132453576,0.7835304437795657,158.80430374014958
0.24523382390554305,0.698809691317268,0.7464640626082029,0.16075852431016646,0.1773732288458394,0.4815265299908349,0.2764482523500852,0.38747008542509687,0.3144774965810605,0.5731090118487521,157.09530825327764
0.7907585051839708,0.8966958799860889,0.05122025233238303,0.21637312819834786,0.8376052779071581,0.2654055020066627,0.4806485997585084,0.3560774926831215,0.14862957289269785,0.4397390303685027,209.09141457923306
0.20839170789472095,0.30301201235855124,0.055834924889320514,0.26036199651617575,0.11395334794886225,0.6621335125097917,0.43221298584153955,0.6297276008488211,0.032065280027325116,0.5927682936983936,175.2567675938156
0.8330305663038025,0.9100217986406174,0.25155242890595264,0.7058302577105262,0.26542837184612866,0.1773340379976489,0.928128840308626,0.9940442370456846,0.7779508538934875,0.9284211493590042,247.66074383344596
0.20530419324953086,0.4972870632191496,0.08378023945473778,0.979603713035909,0.15565002713505482,0.7869883345354697,0.8848700646017685,0.50363306158134,0.5776105339711654,0.4787864531917204,137.89299316062795
0.8367001231284569,0.7694931045652658,0.607108081612997,0.11883100867560703,0.261830897597361,0.3481662981120255,0.4260140447286971,0.2806470780802731,0.24998278708820854,0.7629471293012173,186.9700746235917
0.9612681234961695,0.6999009395741927,0.7538928220967517,0.961721278030987,0.38868105184335944,0.5138417864012821,0.13366801005071804,0.006203565335243466,0.3892466846546405,0.21116917503675392,169.74986977904314
0.31304391837118317,0.48105353106575355,0.2768928614707511,0.7541005798622934,0.9753639724363133,0.27051018946213523,0.9847327394505938,0.46687703422140314,0.7660180263067234,0.4599313421625226,180.17884615147304
0.7530192587761735,0.9357165359218548,0.08892704502055437,0.5317529740315009,0.8971801345054452,0.9112742111338639,0.21758226539220427,0.6850734264675622,0.4969181352348203,0.3856133040200177,170.43771777520203
0.27039680770537755,0.8811034594174217,0.9175580318711922,0.6816221749388696,0.031170557791461384,0.42206043688780737,0.18275805745132456,0.86092359521549,0.5068014457074248,0.7549986606067413,185.95208362707217
0.7850344713626952,0.25358982039543465,0.1826381362379469,0.10852647732191034,0.33370368446308374,0.5231098531513604,0.9445534758448634,0.8692867000486072,0.4288518708084751,0.9276152365778662,208.5296276494711
0.6729263239535499,0.21416535175397888,0.07031187359686653,0.7549885817736741,0.1096028706455141,0.061614767249902,0.9313314709282646,0.6655777421137612,0.23852059810056314,0.6409610610526214,236.90713636053218
0.43036010015317405,0.4749900897532895,0.3853108428379891,0.8923249529815941,0.6711178386877111,0.3098662441757494,0.022620541887968693,0.7785626962377888,0.15552847601455655,0.7309189699390218,156.4014340704041
0.2146079134079255,0.041738243302234745,0.25282119461666697,0.10462908841524421,0.8378330383831761,0.8724707648854916,0.8156288866070796,0.6409578531334622,0.10743731162545356,0.888705149198683,213.53032833034507
0.11505525489064805,0.8431626819155024,0.5160118547299277,0.2445014161045781,0.4857814821811526,0.20939718410241537,0.8259581297639595,0.1236369395328164,0.7508051481217733,0.1965050989014644,173.28712219215333
0.4833653878993114,0.007601595295833707,0.6145911540695123,0.6123921804802688,0.3786068663385155,0.5330620409616714,0.30827829598491685,0.02962052727292075,0.5405228759411466,0.8286529421402967,149.73702749957155
0.20320265606097254,0.5524534368417413,0.7249046095248998,0.08795974439364351,0.859079562826648,0.951223074922604,0.1260375706944511,0.2872225181342758,0.5782544622074292,0.7968287474886497,187.90413134660736
0.08228403454513344,0.8126652184264768,0.712738105603419,0.4610152583190683,0.535063596170913,0.9039238543626312,0.7372202832669408,0.5301307344344893,0.5180088931069746,0.6831906649943505,163.95342958346006
0.754607872475593,0.24023265811794492,0.8270079420340789,0.4256767737921616,0.8699960153520374,0.8047063115617326,0.9146937817060644,0.1388222670890058,0.16973453403898464,0.43911167387471006,219.35262436591933
0.3360144643452251,0.9044803727887828,0.17277111404684775,0.6259312939224226,0.4823498721430891,0.9307239029239961,0.5727493869193282,0.736753289272941,0.9276218082423487,0.917126122939781,224.63670038250342
0.4807122092591376,0.6354164545839582,0.3010032543971597,0.5487505042331943,0.06142665195336894,0.7558795075522273,0.829605771511936,0.44571979283329644,0.21703013042976493,0.35649729635024074,195.81427402129324
0.16893812529826469,0.07654113653247696,0.8119208710421759,0.7039099957225083,0.572823240036478,0.9638719345468303,0.651457356088885,0.438951373078898,0.5658626070157348,0.2577306859644135,209.61835854835465
0.6375795267458781,0.14725285879531302,0.17272404633606753,0.3057441831935723,0.24758165827190393,0.6193756854864076,0.7620650990267481,0.7063623408401163,0.0918738920124933,0.6061306207195349,171.21367550712608
0.9769746429359759,0.27896895210669836,0.4744393521496948,0.31478091311659484,0.9642452848604622,0.4331999919445252,0.37880624056995915,0.47843335899973916,0.1816750939090248,0.489599740175808,148.240020382983
0.6723552834171639,0.13620069019724135,0.5232180770159208,0.8299003351661511,0.552141535775073,0.3209126798479419,0.44484621416660497,0.5551061257929835,0.7090328033864797,0.7017381150027285,156.26382809936325
0.8184138287121191,0.7385892701349211,0.9458597885082946,0.09473908110518237,0.8391861833945146,0.7178620051321326,0.6083771032578627,0.17055656856241563,0.21079406349421292,0.11658109218768031,211.1143462431316
0.8200310101532997,0.6827442728420862,0.5619521139829339,0.9285434362148636,0.42462949101167036,0.11058534837928191,0.4670225745719462,0.7200405546059244,0.3959964121464903,0.766469904153483,159.49882529412565
0.8964309917984862,0.3662890975190253,0.42607406044634066,0.23209928073981645,0.3451955680460964,0.914014477836737,0.5586952309243559,0.6114547946848858,0.5984494847576649,0.07235203736878892,173.2221946618483
0.7139441896347013,0.6820192264892436,0.536173647066745,0.10117521321407186,0.8923337468221362,0.8410014013312913,0.025053177475335087,0.2797727191464756,0.9239536007802072,0.08611533771325375,205.51332265041134
0.5745001875464987,0.36990129548459505,0.021265723297915984,0.7154710856149135,0.3703158702635403,0.5534528971634318,0.9530068570786197,0.08823583240682376,0.058324350036633055,0.3454341040439214,226.01497689744798
0.6295687114312238,0.6048829893074504,0.1345115345452279,0.22377005696371632,0.8769789598478124,0.5739601582538695,0.10828448560963477,0.025150822114370697,0.4159008480159979,0.36864861282742856,149.9818516941839
0.9057123026309859,0.4805249394980593,0.8697445080468605,0.9412823355216613,0.3356132990078414,0.2550326164864405,0.025481380258157382,0.032461066848706976,0.3135817348493858,0.28423479954006703,209.59848947824526
0.35109739643692217,0.12307405445786523,0.27184427869102057,0.811868682436515,0.32946569159191386,0.8156166415132936,0.9843914716629202,0.2842354382304487,0.562883864566531,0.8399897934706191,196.60515482999534
0.029750409795761268,0.011016868603954566,0.9581493163777055,0.3727122585611111,0.6244336280079968,0.8832022761840351,0.05327451786751014,0.17466716639009017,0.695356714610759,0.6636146706223103,221.70157538605298
0.17219941236464342,0.5066299338193543,0.4058694507200692,0.7544863921804851,0.5606324725667069,0.4637114897867267,0.5215779273144945,0.5554160195137289,0.822150501109349,0.4988267127210607,140.51675067104568
0.708267135917312,0.5898134031332785,0.7083644939597843,0.7405788103214742,0.8007594142443393,0.8795414838006752,0.10347791112821658,0.8985407257997005,0.07410937107278182,0.4574255765326768,161.8191298528928
0.9582024634926912,0.35106405970440246,0.9009439101483478,0.9193343082811121,0.4873942349526753,0.7954319089878993,0.24062268102140616,0.5564961015948909,0.18120316554854854,0.19234611019386005,197.73079474995706
0.4724793216585649,0.8619787160535184,0.21866825571800674,0.04548177168037437,0.5613542420844075,0.1276121165046401,0.7797581008863758,0.9481614219926031,0.11088318620766469,0.8218465769487202,215.53424396602685
0.7909159006706435,0.3500778679701907,0.6995924344804554,0.6567429397814163,0.5478281855821276,0.8376097242976213,0.41088281791815484,0.4649253320203466,0.5163530411641505,0.34249364618551237,151.94328874566804
0.6188705642262793,0.47221065527643324,0.13264180198643094,0.5157252070463679,0.1395982725806254,0.6721536313861658,0.12921949757364193,0.5698681372242009,0.25334029918423884,0.9008105022092396,168.72946791708677
0.4188814883465415,0.7291130649966565,0.4461780351696141,0.4616363663237524,0.2473797229349497,0.7521757490346029,0.7147065527346063,0.49924001731044687,0.2409388527361802,0.6802365669439879,157.58259233303497
0.10037349581142063,0.2233354799866336,0.21732391178161525,0.8742498171896674,0.42298676677742586,0.7651966127930753,0.7010070530159831,0.1302380284576602,0.5343529002396701,0.8463615742683214,164.60532045286737
0.5804512217434113,0.13269167542580673,0.4714274174810301,0.5567469749954973,0.047892888896318375,0.0024047663758325344,0.645853723782107,0.5710428810615753,0.5287824058282853,0.8405797488525497,206.60127059736814
0.6941289053808575,0.026691754419993385,0.32815397145310155,0.024123734395763874,0.29925055949486534,0.5737464092614575,0.532967119473538,0.39574992865028613,0.042431013526445294,0.5754928415332158,148.5136325481404
0.31159228402653205,0.6568629782665844,0.2641678793600951,0.4850687338361942,0.19849358274623286,0.633820801317575,0.5734266888184298,0.28086123745616753,0.3328631145410724,0.75465865634594,148.62319186454
0.5318873622308924,0.631790231907967,0.47925132353568156,0.5416767368192356,0.5358548683210189,0.3556750580435727,0.19081684808697263,0.7294896667702316,0.5950975181617932,0.5359382341741832,152.55542169288947
0.5392368746211293,0.24376050226589985,0.18628342733986514,0.5653702926754434,0.6654315709701594,0.9080185644704237,0.20019318616724924,0.33145972276841085,0.07340883739492343,0.3561731220642671,197.7500561400229
0.45066834376471554,0.13960453196157874,0.45296722070442186,0.656458763735374,0.24868382062991423,0.6064105388713488,0.397571091648512,0.444711431172478,0.9425001442861172,0.5673758390980004,192.11348965947303
0.7586479102005146,0.9170762051487046,0.15109448858944863,0.8493146464757332,0.9383612698955804,0.8927916070530104,0.43468965124548953,0.8114867259445983,0.5811896588481098,0.8613272574142936,236.67842313962245
0.8951153119219053,0.05067906743025985,0.87858145486369,0.364532549827977,0.5415299148907341,0.2838952272745294,0.7528494988693906,0.724263441157162,0.868447128474031,0.846439271712971,223.36006978607486
0.7199177384963692,0.31811170226352814,0.4086624024154011,0.45006182494020164,0.6419340777429613,0.532868852503163,0.9943401848636544,0.7391194281810216,0.9984667013033088,0.42439333662385137,170.13075472504747
0.2618152236343988,0.34449301482859984,0.12372158268433309,0.08228810366345474,0.6075051383718248,0.18043315750663702,0.19375588543518507,0.30711420857310323,0.013092843673883636,0.9837042422153854,187.3536837632651
0.9075976472891585,0.7180118146413879,0.3485232350044424,0.02811571231492216,0.06864321221272274,0.8709082115422487,0.661699081420064,0.7694625970090719,0.9042377095438454,0.17409810112291624,229.0709349717925
0.7670108620504148,0.22861952396743157,0.2357987043755696,0.3273573794731538,0.8691123230538834,0.14445849329493765,0.8460016339417469,0.07864323879591673,0.1330998806021011,0.46945733474378437,220.86618134974842
0.005944101215516473,0.8620372206325537,0.4671400470870404,0.0873659212591994,0.4996699111177637,0.6116870337639764,0.14190279341289413,0.4442540119807895,0.9055427151391346,0.38050792145608225,178.52493244412892
0.8118859896815067,0.5728305715050374,0.045188043472547235,0.7373655964221302,0.46845502879950784,0.7194535899404616,0.3751590732040806,0.5402886922184783,0.8899229281638482,0.9566250601767607,203.54476677651013
0.20384867441722765,0.31945512489106154,0.3538226100915486,0.48080427462170905,0.12660591102864993,0.02921352867019722,0.9609971961238029,0.9458162558274236,0.9532768630786604,0.43728640011428666,223.74282456080167
0.7085604648768347,0.20748314320404415,0.9364123759695978,0.6619986632149513,0.9229232175567382,0.8936471286479871,0.7579786728294544,0.4985919883489489,0.5288760836406617,0.4244820627311998,170.32505001696686
0.27910542864586796,0.48627239565204794,0.5086796488738435,0.04087506264409779,0.5765663970766427,0.9166576610237333,0.251723873589899,0.15110214490469887,0.44851249209981203,0.38082089768631333,181.53257744057618
0.8059990371302111,0.13713592518260165,0.8936590853597899,0.6916987815079116,0.60966647847753,0.6423410810173849,0.002278927036299505,0.3971123345762695,0.2782844851616395,0.8033684068440581,143.18209613447561
0.5043282311579091,0.3918556996453586,0.306261274057095,0.49775343982130604,0.8978951326503208,0.11148933693497276,0.1523935657398675,0.6493587057442848,0.3451216061598682,0.4934965969793409,117.59926079071877
0.874097441857749,0.46368452877385613,0.6333400824142932,0.8518895270723884,0.06232689959059867,0.08929055265419772,0.048769309514148484,0.4175439065529605,0.9309599867798373,0.40691531404246506,234.38451112183273
0.11937291945460848,0.5892601131475809,0.33189996518059794,0.2851506822101033,0.19758973521316747,0.8932107389603344,0.6548863146735754,0.393342885152427,0.9517865411606563,0.6237618247993802,148.70696198322713
0.9252782263553856,0.9584509268873269,0.778703337036443,0.38801132819181394,0.5445068876314503,0.8527767801111086,0.39164756518950206,0.1451344589040071,0.9711037339081484,0.29349490924286736,207.48012512924032
0.09918105618318374,0.8243092265594189,0.3100444380381604,0.735689149080478,0.7178993449773615,0.5971180374937926,0.6778514490742982,0.22093368774704703,0.3556106925782988,0.5133094562072407,134.27426005063393
0.6758415248015721,0.664002633349163,0.47654035879038426,0.35222613204213915,0.09408013190413511,0.13533870742523246,0.79947448374143,0.295089796846023,0.5552010678637785,0.754127327684916,166.39295048746828
0.9254043328146279,0.2995817268042327,0.34460176792801167,0.09489880375766824,0.4248569763158422,0.2722775399374884,0.9190157654719481,0.007820005025241938,0.29465094124343527,0.9253856813587288,210.05177579286357
0.033902187965201946,0.8448833303454584,0.8491881628073036,0.18721280435256316,0.2501643880036677,0.6703010514851883,0.6521137054093563,0.06681218969781189,0.004422011995610431,0.14392542208677817,268.80414173884003
0.43388166819084506,0.9876746657239913,0.5779965241028473,0.8065740521310315,0.3279924118700315,0.2557992091573733,0.49352835818417284,0.4340726390267421,0.7941032831076837,0.9552827235054918,161.4729106411209
0.4686621835046497,0.09029554451224164,0.8929060826956448,0.30993668278921294,0.6411420564234797,0.7446215597680436,0.5953482700197953,0.9579745089303049,0.11788026080793157,0.8883415763406782,176.51896155175385
0.7151307717160803,0.3908417449113204,0.5173926741263607,0.7315323007161925,0.41064184226853007,0.9969151415931395,0.8908067939364157,0.9393696347320026,0.21061523146319105,0.41403197853800133,142.37743276361056
0.1180970819149656,0.5416847260849834,0.8219602324784572,0.10599970115291912,0.8773761660595071,0.5270305007829506,0.5668083237927625,0.08553145778964122,0.38438350889188044,0.6051400256783553,158.15983774784397
0.32746143497286984,0.6357682715021984,0.019915302878671493,0.07777267451270875,0.5550666094477567,0.7072004072821063,0.2768520074632701,0.01673746203350035,0.9138818175812269,0.3844006143158386,194.19449371375816
0.3805725254976916,0.7975461153034812,0.15633298624485703,0.4156951293771598,0.24186626747071827,0.09887890656106191,0.17809923419367146,0.7986156242188112,0.5975197899108602,0.2252878205025144,147.09632993118166
0.46398934215999144,0.9330616650104587,0.7445897153411619,0.7667716282310816,0.3341230032805935,0.3781447716924441,0.15822708341140568,0.7004308058532173,0.9439176478246268,0.09975116260326689,224.01659707153897
0.919683075902311,0.8269963128130299,0.09160535153505844,0.9952724348167518,0.09856533978403248,0.2691079846620694,0.2568790696772323,0.934282304935698,0.2638591090135355,0.9312421436014785,277.96670178397517
0.6602082882489002,0.7618648584631211,0.054113262622075387,0.492990039847809,0.7125114017907418,0.8216523856214221,0.3771330443417069,0.5406059566312186,0.9571238588270417,0.22886687976618814,198.30335055371015
0.14565550444294317,0.9696654431424607,0.20338877134524658,0.5285681272418143,0.838553956164032,0.4808474640426006,0.5225158570078203,0.4518610255222738,0.9062802368834018,0.1724129652809191,198.70096739311498
0.7800166901264749,0.8235823585044711,0.7288514945768222,0.43480876678367364,0.8471729311330797,0.16125918316309462,0.7568516806565867,0.02154716057960937,0.33349703897902827,0.5352980203926989,218.63982583580906
0.5919250247888084,0.44034100339113846,0.43268080514880725,0.5251663087251803,0.6247340299833003,0.46588712386695974,0.08567026053883975,0.7744377545397654,0.9454391946768758,0.09768385359862042,175.1364982131548
0.30321349412555,0.4126541222790735,0.08368974259985273,0.10887423160325826,0.18332914769130304,0.6191922699579725,0.2274114652489062,0.9218058549779946,0.0402181795293739,0.10052902745016101,182.941890566156
0.9008227833428472,0.544618347767777,0.9819430689497626,0.04104260406129079,0.6892049778450212,0.34303115948220964,0.5997272986122734,0.5617187856302533,0.12208285408510156,0.055531554345773726,200.66474651390058
0.5011418697470273,0.45194724729321,0.5486377329636557,0.5945161500754769,0.7605802101013716,0.6380375653826652,0.2031626511428617,0.8944126975125037,0.16030492982878297,0.5781546417475284,149.92546632142728
0.5605117869900242,0.6472332381526685,0.2285789830659004,0.8080390285334814,0.16126965879666022,0.28693236060541183,0.9756803323823219,0.42009755556233985,0.6246551804078596,0.6815635093805233,166.33462764850333
0.9966744107234343,0.9689102501696857,0.12360751495671662,0.2290048226502387,0.5764160790258368,0.17756047319106005,0.8490354337442287,0.4566143669463417,0.9817365745433507,0.8755129626005802,220.39965413784836
0.5359187764390354,0.7058699377748202,0.0507518750115632,0.2556145580367537,0.521820401205395,0.9030928039369489,0.5467050601412229,0.9819142492306917,0.4251820658448904,0.8848133030038018,188.6302842421124
0.33614623354463957,0.3083607161325178,0.7798024377596441,0.5699681028591265,0.4562949483726423,0.6679290960893115,0.06421371705704859,0.3254374478722688,0.031084207378411333,0.8472029769747781,192.4355851313615
0.984370136790619,0.6966458288482048,0.483838741103238,0.9899198637443359,0.8654529468050737,0.9713272278900071,0.9401006281837715,0.10855653426442935,0.07165573738137809,0.9458233295169503,245.5499915777342
0.4037660493910118,0.7305029217451622,0.20702735699438168,0.8264164401407929,0.5796359878475125,0.12149949917238512,0.42608645747403695,0.5899497388601155,0.5315260963664691,0.4838267399831858,114.9043789169439
0.13081580015875782,0.5219406496203298,0.12510611199363386,0.8077306432683032,0.05527651258673871,0.7093671150670894,0.8831289579125748,0.2767559906049507,0.06974153708330932,0.3568971701907907,206.61302087908743
0.8426707897543315,0.6833395924765272,0.9045140065255179,0.7560954177088136,0.21157622263965714,0.9416073911241697,0.5708970439963048,0.1252521305727835,0.18688925268883883,0.35779780205907996,203.94382673126626
0.5096367077883828,0.4683660217041078,0.3107085998375525,0.5989305484467142,0.9153532292010396,0.9965668407445251,0.24480091084252353,0.9502475115977832,0.15856251792277198,0.7499078086002643,198.98268542533157
0.442569576014067,0.42884222866798705,0.7756887522015847,0.30797271180932395,0.5065451401849032,0.695750097965532,0.7036931894176469,0.15522331598648786,0.8352592394340417,0.35772618468318995,143.9719665000768
0.19411764935601372,0.6276865944245216,0.854009594127768,0.44512887524506195,0.46306421317612934,0.7027156150445879,0.32559599621723934,0.35060590765065147,0.45804814718498965,0.20038038160368032,163.52545900010261
0.5904170765146514,0.7512455604275438,0.8628234562629344,0.5368268582821717,0.9492643407646966,0.4505314635235299,0.49653917739364195,0.7574433477587414,0.5645970739977381,0.3110535845446567,174.31343608227868
0.7956175370370071,0.19131560955531812,0.7877159838764928,0.11821091143259643,0.7754674978414987,0.9426013481591144,0.8735937917540165,0.518238801548106,0.48735772163333413,0.5747566096380753,143.0718485584777
0.1893898354228818,0.6233215305923985,0.7801043902744079,0.04182844147793574,0.48311018483003787,0.5055970463995246,0.9295894589295954,0.1458470880675593,0.29826086614281855,0.5355411571581723,170.73559634093903
0.9468453416824352,0.8699621725815506,0.47197961188792237,0.6087453101630316,0.6827460542377595,0.30665907423387895,0.49565664930394326,0.33160816454072883,0.09193448338866339,0.1531417552771691,158.6278689368279
0.6644142455982428,0.3279820757403086,0.5078521203758295,0.26844402568151327,0.5504700391949909,0.2612864450128146,0.9348876976968137,0.2809659000560836,0.9485897589810011,0.4424152820323377,210.8405366533584
0.6599433955765236,0.8424315392837334,0.990721233661881,0.4687624824312463,0.03232761522488814,0.7293979322565718,0.45158542469865626,0.663783232302673,0.8645452636313867,0.4734933701558398,216.92726488693876
0.6331167126427752,0.4437699046683775,0.11603706973477756,0.5671167930749403,0.8891475236773658,0.5538100209998111,0.003990403585455549,0.9336235210762138,0.35704330808609785,0.4505232840457579,212.15923773749694
0.5302891913108402,0.5318528653753919,0.0679570093325026,0.7674841972480734,0.8019240060927726,0.6617388079215712,0.476621766422073,0.3099389639576209,0.7062566186278799,0.44056160145169365,153.33421492299192
0.49639833832461144,0.7141727908961288,0.7142431953938206,0.36352377679715586,0.4099663408323343,0.9668938251859015,0.6360455926688768,0.4708945494601898,0.8135474559900349,0.10812572428394074,142.67186314738052
0.09277282763399075,0.5391645101367167,0.31971782979810115,0.7337786672195675,0.8165268170522052,0.3430129862272121,0.8379940026711191,0.7789647369649532,0.9801941795334893,0.8341135241636993,212.16666216347392
0.3753098520975928,0.005098825984005573,0.3272619466784328,0.727163651216903,0.04921371649026818,0.10246197246460453,0.511117319382511,0.45185076482797804,0.45056726074547293,0.8943361900235479,187.69203734251906
0.04788765901571501,0.014625446210530413,0.030387196215091783,0.03753561566678221,0.9288358798625521,0.6737695057563812,0.2433649808591568,0.5961619969160027,0.7083798051425271,0.9064639620179746,229.20922534304307
0.011995107041503528,0.11987284389956365,0.33186888437025897,0.07619615278008263,0.8055562285030765,0.9482627115372387,0.40959366634477834,0.7595626187107224,0.06946520078411389,0.16978689061159746,234.71000362825515
0.7118402358740372,0.0913608991487137,0.5640895888593087,0.8409826911942557,0.1963612342559552,0.9406172472687325,0.9716339560184707,0.13907055721148331,0.8376751775484949,0.27622673240950735,238.73643907508054
0.35764666274484114,0.8675611477839251,0.6439906994816916,0.31171041554812084,0.09037780325069411,0.31367943966858713,0.95508049616601,0.9821799526500543,0.6338050994807075,0.2070497671913949,191.22759573694628
0.507586816540316,0.8721628978307877,0.7384785505513881,0.22558708367473146,0.6025071613132447,0.2894536266726344,0.5571354503229053,0.2563259950825375,0.2463498903175385,0.3067659016393811,146.25370656059798
0.571742146820585,0.27860542420845136,0.16508370674862827,0.8584580518924896,0.10082546127378755,0.38481516531616833,0.30116256660380725,0.6258535840251478,0.9131199230823154,0.9610496201365126,191.2860853570459
0.09977783634616988,0.9751449538667135,0.3151959700508776,0.9479566318525066,0.002346395187243777,0.021787897193357497,0.7106989163133481,0.262907360065752,0.38609497123899617,0.498292831354054,185.2377808222811
0.966579406130079,0.4816286585975581,0.1411623568560212,0.09855158865684777,0.912831652133027,0.1570470070818244,0.1200085487300826,0.12330910956919905,0.4908518606098695,0.7042604223424365,187.09873411923374
0.5710031219054498,0.6634420027389458,0.762350304980571,0.05097178935266322,0.20212400265288855,0.2499612413158664,0.2691059622308417,0.8012557443401364,0.8424800221703623,0.18424098910307363,210.20936314851846
0.8674947121608096,0.467372764554428,0.6456073150744183,0.6505165116438196,0.5333173788213067,0.7402298814178695,0.6991333045596504,0.2876547108635754,0.2065302747903477,0.3482264305723146,169.50302411409575
0.7280937330091817,0.7731887436944349,0.263839432382483,0.2906254071396288,0.8968557731722975,0.3843285783305438,0.6411937628081562,0.32501816522197025,0.9035349896464817,0.39078696725341766,149.50705000384707
0.8716269528168548,0.1039935183988221,0.04908132161534373,0.8260077149084097,0.0523420842808926,0.36717720239866547,0.910809492014761,0.11302468358912676,0.3004801233334492,0.4071337669796451,208.0183658920344
0.01847555433114567,0.1758551672147759,0.21969349783771785,0.146005432228122,0.3444309782708723,0.3566403503192007,0.5558916855857517,0.6650395068813985,0.37203238824063467,0.45924199114068054,205.02633209098292
0.4533509484212017,0.2958245720106243,0.4984525364436496,0.04955459222443759,0.7025746726533225,0.1526721851440056,0.2593297539157454,0.7420999607542534,0.21154573044414515,0.901709779647722,182.79572934227917
0.6614562896292256,0.3142000038521181,0.9889144205768117,0.32466999899136295,0.41852762568658364,0.207263154188279,0.3209519820325307,0.758884429979516,0.4161833633859098,0.7648963290052021,129.33888535987592
0.41378733590251393,0.7100570018540268,0.07273945738833032,0.14429713477552664,0.7931736521607056,0.9627699143523027,0.1770191211619363,0.6552454167112055,0.9770287139955847,0.7291504952596728,213.10432966708328
0.42353625675518414,0.47942991001956037,0.8470208028349293,0.4559980048579597,0.3845270042609318,0.13618068127551952,0.9437959739762322,0.4832836599356046,0.9004325057423023,0.4686037655743521,179.36221237671543
0.21216330899387936,0.5799359914873656,0.3294951839717871,0.7096052265689557,0.05912918789200716,0.189463883014806,0.20188528051286603,0.5947577921631405,0.636197770698487,0.1422818030400962,153.1816223188403
0.8134229459678569,0.06472925354351777,0.7147787802595319,0.517442983253506,0.6981987957847507,0.9746558714466974,0.27826913205541026,0.8821978461563409,0.6295092267125054,0.11392756704479934,171.81960463304577
0.1441051082217245,0.7022229569451406,0.7823358030205966,0.42602244864352257,0.3843624839856117,0.4979906710386215,0.28757044580096436,0.31868626620900464,0.608258688168471,0.815206091143757,102.80925783486572
0.3427368014397948,0.3703479051456102,0.04765475789190665,0.6700539438023739,0.7276040817880932,0.9894318443066819,0.0554611703109088,0.0496844320170684,0.4566541215425891,0.8335536873558589,262.9317201598715
0.9978294556558791,0.62684144077391,0.2312072195934387,0.11786401855936823,0.4518316160121568,0.3534741938365056,0.5054996240232148,0.8097983155502776,0.9639264434184045,0.8260247491395324,194.1514397465386
0.6047168874710145,0.3268141874063025,0.32073176252764324,0.4303174968788507,0.7980936437539818,0.7248647367196379,0.05211191529240944,0.5628931248436004,0.5997090824604409,0.3175191045299891,127.29785197217343
0.6010992564885649,0.34894987295558755,0.23613399165485405,0.33317878264865164,0.4989554777405073,0.29178866845565143,0.38781247851006906,0.2972401105976298,0.7611607640948104,0.23320210354593485,118.0240453359855
0.66479814041511,0.6238874677465719,0.47565652486966636,0.13217947070862646,0.14324332697631958,0.8526307308781199,0.19985540661020285,0.54451066881967,0.3790770978320256,0.7474591470757628,189.691945581162
0.4625681553549317,0.31267802703801906,0.04513677305374786,0.7979236122456638,0.7291237663672429,0.10713739070867456,0.3064734631981283,0.9895701235107953,0.11281133928935216,0.6323730357996368,170.12014959004873
0.26259623514482966,0.1336495834686745,0.29194829940516975,0.6549385970167714,0.3587925196452455,0.4402515315556301,0.7803674562841619,0.06140264955344654,0.2379335684939714,0.3528180619740391,212.3085980861054
0.8569083374558079,0.604274641352677,0.45283274721654976,0.14961278279540702,0.2982597242653332,0.3885943232664131,0.6397891691635377,0.13055867065977722,0.7662228257285608,0.4746497796208746,165.6411933220257
0.09731763974101837,0.8748418754794798,0.5608990941277902,0.9209945877096334,0.4482641113784288,0.0439044834740997,0.7182190821547171,0.23440522947432818,0.6465251503895335,0.5638177753242477,217.57519282540068
0.25201162753935435,0.6821075313540715,0.4047822531174162,0.8037571530144894,0.26092893594897515,0.34090150518949003,0.859336979681175,0.8592803832530151,0.16111878167057114,0.6001396887090654,179.7970948127448
0.9381335137894469,0.0908745406851802,0.037987697564969,0.44359154364280406,0.1287479728504597,0.8089615927299956,0.7610264354767954,0.5969938310666615,0.729610104251718,0.6347406675959857,216.23507056727036
0.04153369368064108,0.8684784047752195,0.9206757450816109,0.5407046835839094,0.6647063465826069,0.02741819009668711,0.911989239361013,0.6485869681828849,0.30895966024340604,0.894801377409847,222.9734403216882
0.6354700142941888,0.6396402955481184,0.5541545081970335,0.9784922569849289,0.023599785106434457,0.8016604131380431,0.3290995588178378,0.7510590929408424,0.19475855139098708,0.7737554240625641,189.90432252828236
0.0572453674126836,0.5766842924898856,0.21766113406996523,0.9125351136064924,0.3433426284949864,0.585153780291683,0.5327976206494244,0.16065423000103662,0.38804389571513775,0.6574550166617068,182.5978063723557
0.001634721851391463,0.8111367355829125,0.21841031661453014,0.21030033892065825,0.7275484775224325,0.23208187093475185,0.10995653323099808,0.6819708843561642,0.09225914815557823,0.45746714869497984,167.58403128740753
0.4010375781958432,0.9658485471257026,0.8978365220981622,0.2599973529591936,0.44121755111970584,0.8827647041510854,0.4413604470112312,0.9445856958674822,0.646475107469055,0.7460020097620547,218.02508624778878
0.18592272873665805,0.9598736163029573,0.868472130663032,0.4497030245756274,0.5341307334395602,0.39245489817385026,0.3827302839868627,0.07528134056137992,0.36450857227887745,0.8898323886544229,193.72579421088722
0.11352570449049892,0.633372590919412,0.7926598481491023,0.4294921874814147,0.2260191872034425,0.619263094136939,0.058825358687288554,0.9610525114441645,0.832180392652319,0.19275114913626434,197.91504912369805
0.7285952354568904,0.726958639936118,0.8141433274946459,0.22751775362996396,0.0851182962266035,0.3706297589130094,0.044415244331662995,0.40356634686193815,0.365034509557427,0.4522166484246749,195.91576890606308
0.7772984627860406,0.8635868826230148,0.9473712526493598,0.6705408789520054,0.8145156491950619,0.7592222668938147,0.27414385352081916,0.8923412650415723,0.5519893353528835,0.5735384359180827,198.34864444933737
0.25261361540486305,0.3003974775338546,0.46980663566515846,0.5506562611125524,0.504776554587071,0.7300671317964847,0.13019805654372651,0.45480895158758083,0.868670424137688,0.5275631221806105,163.63862540736227
0.36783800354112584,0.4825577695030413,0.3481316016688205,0.6807690649217698,0.301870999920984,0.7508117300253482,0.8996847556544295,0.7441090490748458,0.37592261793944237,0.1052942414477841,157.0918292515289
0.48368250508878163,0.07085478362204567,0.1737200550525998,0.6202853221709537,0.16938919142620967,0.9939964523855415,0.3718580862316686,0.47356480840212467,0.13096366705028661,0.4297729076529063,196.24890573064647
0.20756448904777258,0.7125706554719741,0.6655513777611887,0.9526259694689065,0.9784018816430221,0.2824725255059064,0.8236187569832265,0.22916759245052842,0.670548000132934,0.8535787461336182,197.88291858870198
0.31500233058243265,0.6352682658063342,0.3740872201065163,0.8212388982163206,0.2969583675631011,0.36651246303170415,0.39249910639797236,0.13919416833019171,0.6663004054482282,0.5610697576177759,150.09993649478662
0.9128818531677703,0.703031678055952,0.23731786784373132,0.9220128672888541,0.36696949636577403,0.6108902324938782,0.22992856034446985,0.6372536240475869,0.5458789562496356,0.056065017460309674,206.22761777100283
0.29887956551981465,0.8247197642561641,0.2825514460165087,0.49192087766066717,0.15346763025456533,0.719127180217275,0.62827290322153,0.3250928421099918,0.9312134676681955,0.4934706989908194,157.4083860746413
0.8924923129964851,0.08880544090870957,0.3699706022948138,0.30297227782223557,0.7238606416646876,0.39331097468115683,0.05091984160733809,0.17173599857675492,0.1807307665103075,0.6108418179583357,176.63596905614557
0.70079658835478,0.019216650442717698,0.45891582663010266,0.7050952092721848,0.033079999597740106,0.24820019719457886,0.28243976230569046,0.608022801392339,0.4564069749346279,0.08560564795865178,176.04839485911407
0.8026175448067393,0.21634107616686704,0.44748184629216003,0.39866138835698006,0.8161745488207768,0.30497342537876104,0.16012467381128848,0.5618721265009337,0.5060102135865874,0.2743020995456852,135.65668002368335
0.12796408627088474,0.22678516983082053,0.7410990123139369,0.09548881007789223,0.7378384726858713,0.4983574932244583,0.9439583223795041,0.9355645004109493,0.8943245014170047,0.8805674932639661,221.32462222928172
0.6207317258447003,0.5505931690044908,0.8660401634185415,0.5873160882985501,0.11589296598399068,0.5180877268878307,0.1311843451832604,0.23412593902556045,0.23625582767673992,0.8043819284711521,154.73156090448543
0.7019774185821873,0.4952996963323316,0.13022952343469985,0.8653843687290625,0.4243925677255366,0.81387794610019,0.505807261975329,0.38259148758733696,0.0816588995773645,0.5760840721890085,127.84748899521622
0.14411501316958397,0.3934313570887614,0.47436954970322187,0.9480073872881406,0.3086529794647619,0.35072550281222137,0.6480831683146099,0.9638247517775788,0.17998345489183154,0.9153425028894402,214.53671563213229
0.359694781912244,0.2391477877323569,0.6163864197598751,0.2579901287552149,0.3485870714430247,0.9263633850379664,0.5756085811141345,0.5649762973089045,0.359077763763877,0.1142848857191957,196.83226828605743
0.716000752903303,0.5759343984464743,0.4372646912759649,0.138608066637412,0.6827441606898524,0.9835815670569896,0.13819320314444794,0.952746875800598,0.5316140910861109,0.6499696467720273,197.64324396408026
0.7170843450664498,0.07358038957079904,0.4163428093793944,0.4031936344508168,0.109071065822682,0.09878691792730565,0.2044406220015449,0.7890052953951461,0.7723435047253336,0.6234987414547565,135.9211291560158
0.23214615699372732,0.08569819516133004,0.4026482685585321,0.6319947542251774,0.8569637420367926,0.9679345360380227,0.6415180495895423,0.3246127073431261,0.37838218367044496,0.06116614712598156,207.03574665040748
0.38022095218275265,0.9862822889293911,0.10676135676055809,0.9238311914256769,0.8871245564255826,0.8407705419573496,0.6402089796430065,0.3762797214257204,0.7524434740552693,0.7590556882243797,215.573505903566
0.5494904321095961,0.9260457580437218,0.13557141873471634,0.9734525388381187,0.30201397009069975,0.9313397803653588,0.4518956320055786,0.08233446420289459,0.6525078308100196,0.6628368061786802,240.65224955777717
0.3126851398104049,0.26234725717641316,0.029319355365531874,0.2884901170854681,0.12544514693471964,0.054653415332176936,0.497774131241584,0.26773263615437337,0.7343579233581283,0.4892824284463124,177.47382578711787
0.8575403927942238,0.11185420045975447,0.8276525323593871,0.9852452544885734,0.9208233366167297,0.0897029600377095,0.7398829458690971,0.9201475370349899,0.2397229139193472,0.339461157092214,252.21617646771438
0.7079227174423423,0.34655638841520364,0.8618609462314899,0.30267735128297146,0.8846122813247096,0.919660094160152,0.4079391389100766,0.5558359379576551,0.056006772132228266,0.8632051856344524,194.2955083580486
0.1348796023907417,0.2969819424644502,0.16090477139696102,0.40767905597252574,0.32024827967201985,0.9333991903479302,0.4595740595270531,0.5023140097209626,0.11631230666092918,0.47455989713709135,156.53166756433404
0.6489487289041352,0.13290178596337776,0.5794465167279048,0.6587329853085693,0.03771593366906456,0.23915464952643972,0.8810911411437465,0.9942975986550635,0.532287065700223,0.40640244805040715,187.17965294773714
0.1817920784587035,0.28606347003671273,0.9717928395303403,0.7455718857203314,0.18998358240562752,0.8488985079185029,0.12071785013421132,0.8496437370432016,0.5285682126088607,0.21596236868298324,206.29475325192413
0.5827510985881358,0.9498407099481649,0.7483361593794178,0.8544328890462505,0.5621609759725159,0.8999494638444313,0.4200611211139067,0.8676317670650161,0.17116015537084872,0.8265435475606384,220.20994498498376
0.5285644696775266,0.15725923790455887,0.3040236195577396,0.7766803393141963,0.19332317544236166,0.19829412648893519,0.15401181217815196,0.02499559856440825,0.36941238198949955,0.29726564560742774,168.3914452440751
0.5908146443592773,0.22817617356263797,0.8077158060900236,0.019910089264647213,0.20523300627680408,0.9034534187268426,0.8134046165519583,0.27704706483332575,0.8034894286227405,0.13694151802931975,159.3081679077165
0.09234511255917366,0.5619028844713992,0.3536411846037336,0.9219453294937048,0.22733939544832593,0.6686902609424357,0.17740077853990655,0.8869412197871198,0.3085186839497628,0.9711969140264916,197.78624245924786
0.3218455102825757,0.5771030533632201,0.721615519897522,0.6439439474383082,0.4420124246511097,0.4718337756003692,0.8798780294894083,0.14809534288499038,0.3492756812620329,0.6972669228206232,161.07778621252123
0.10680691436188039,0.5573264071902515,0.3573720724500119,0.7816013341021985,0.15198854702801257,0.1231838120841744,0.6399493004366468,0.8838833519920581,0.33355146534821345,0.8144243179696617,190.19166792027363
0.2578990019771008,0.26905670195649845,0.026159227429134346,0.6611099429323719,0.6272961819955365,0.06346351306541476,0.8391693897547323,0.6932292220095416,0.0826677373012108,0.3792619639542032,225.5629864136035
0.042949817681743885,0.3134233081779606,0.27106184862920846,0.11415605782890237,0.729145356890266,0.5220781231392083,0.2934443550804856,0.14006815540309547,0.16291221131262523,0.917285041546439,203.90815139078035
0.3956168744247145,0.19278074822396085,0.27608390334105415,0.2272929192396519,0.9976492399439765,0.7449687353082264,0.26883999266674463,0.958324966295553,0.1857803400811242,0.7684693015249797,196.7412858885162
0.7642474500220306,0.9201964260375431,0.7897369208909776,0.5601905215441306,0.7782947140093419,0.45680656719261215,0.34984371534752934,0.1906394655480671,0.7314810304327017,0.7335425214903865,193.624559614929
0.9546703410882512,0.7853595663732107,0.17294029835677394,0.7779835452545689,0.7103942787411794,0.015454193580691666,0.9161392054860054,0.09960687748195984,0.728109777872728,0.32235030838685386,197.5950207443762
0.8900934957101274,0.9518257070057881,0.4563324960119367,0.27887247225284795,0.7810364152812646,0.10062073723956844,0.9257061257624678,0.08411306096563054,0.8873229205907258,0.7046711658778683,205.53013346911848
0.8509112932743467,0.2751574819320429,0.5209941775132283,0.19698516686668444,0.31706058414379823,0.9239264610012273,0.04613399593046952,0.5828146170097506,0.24367189588070526,0.9680450596179168,206.88008808476184
0.9219685795647071,0.20280277223144716,0.21738443674828334,0.2204402494681229,0.7810448443793537,0.8791049444966553,0.4435505346504849,0.36062046071861653,0.1687761309542355,0.7896508191618872,172.06209490636218
0.8263398885717559,0.2727973571954284,0.4009898497476063,0.7853095418396994,0.67419448830787,0.43796552216158247,0.053170249030780714,0.3708487423289831,0.7456565570388748,0.21174605031708515,176.95851475434654
0.19685021993496,0.2366201461636932,0.5630753272766702,0.8756821637116711,0.44982983748311567,0.5954178645802146,0.8599180511865954,0.7551222225571844,0.8770633168376173,0.6274517240648619,174.640809863172
0.3439313605154273,0.4989146112208195,0.47854148883996783,0.7873093185495825,0.16199625214513058,0.21022362094273273,0.39694875292829235,0.9814471524321076,0.7396903793663946,0.25474972707084065,157.769433978523
0.7557142305341119,0.77117577078277,0.7043390263294569,0.02856396937193373,0.540043780750261,0.8718644362425632,0.6009008311031389,0.8517801994151546,0.3982029129942608,0.6987723457378708,152.53760376464848
0.5569564675069082,0.7781697359823689,0.7997479745496267,0.6002055337515456,0.8038272051824036,0.7392178781485231,0.9324018420760053,0.14025947462830923,0.3267686866237234,0.5104291484642491,160.42647999699665
0.4812013446177402,0.9172371544217617,0.4544169374441044,0.9598942632329149,0.8787152272760465,0.8844198020029196,0.10403639048616287,0.29362105134273764,0.35277882863087673,0.5222054827398871,179.80628313689274
0.01140076057627859,0.6407574567195772,0.33789573054181876,0.2659161553213758,0.03148156150117398,0.14331369673948546,0.9668863287106821,0.9363472210608625,0.1267406425549713,0.4605676213679041,256.7544595102722
0.8177920043975035,0.3029106534130107,0.5740734243646853,0.05248841917414826,0.5010239843215981,0.43309233716003315,0.22121821232604333,0.8058245068296248,0.9090833762905123,0.8703831759650331,159.785181792021
0.1827546359767891,0.9256546099779709,0.5575668433663492,0.22798092166724215,0.16789911773187416,0.5725010144141023,0.3073697298483904,0.751348101084659,0.5118581211045223,0.7977911751352641,173.01075698639713
0.33206340166743575,0.496649941216205,0.9801710540711528,0.8273980670254751,0.7980123695828291,0.23956334823793646,0.1199918233167192,0.8940278763427164,0.8954987285634208,0.7708671124755376,166.77821021788736
0.17100635145095666,0.3234679152801333,0.06270163454926103,0.05696101322285929,0.9122313740473526,0.2845763923609341,0.7811561703425434,0.5435137962097175,0.5523366587674254,0.6282346039465411,222.5750697625265
0.63725986490039,0.1843193822940139,0.963967031012286,0.982750753031462,0.009613473690176066,0.3881492984666741,0.684059102008812,0.413514912001827,0.8851553235156174,0.7392490968555303,178.6988784863173
0.07256334949858145,0.6346802800909164,0.35753543289112566,0.06907484708570644,0.6263502705234453,0.8947360004907419,0.5641179094877761,0.7905076529001421,0.8376585532526927,0.6156665252044556,210.29341716994767
0.20508654953295613,0.6114450295530853,0.014929876622298499,0.7817710151893132,0.6129584715278654,0.31462868471571104,0.1423980556147294,0.03044542968003705,0.935077550474267,0.08147089661304019,189.52427010145917
0.28051552885768094,0.5340304318608996,0.03607641327669964,0.8507514085154403,0.704013929069172,0.9110356335177849,0.20434807701585067,0.7740502685567575,0.6346643067585924,0.9494784193120159,207.74251033509893
0.7573655638849031,0.8825627299266484,0.0001806239873642923,0.2315982241801373,0.3447557567915165,0.15609440987242007,0.31979902347113853,0.2729115358882642,0.4416457118510575,0.5434396709867407,205.84899443447026
0.6280732823988231,0.9501601894761952,0.9805664902516331,0.7855533530758972,0.3165064417141047,0.9055323678206326,0.6067487124720903,0.24332930166547695,0.982876905601724,0.5391724505528549,187.36153144893615
0.7631705182703173,0.22342532281576766,0.9856695772361916,0.04908101061993586,0.7858997519943001,0.9129020619736841,0.6313246788978492,0.3556166876199983,0.6876620379849265,0.6243322524861389,190.89578710545442
0.16464941979667347,0.6041815728783853,0.06957557569715556,0.6330687086252973,0.8367320013473873,0.8008879839652745,0.5092066226145449,0.28749456811221363,0.555510040790423,0.16330761431480467,193.95355569758334
0.21547026202404718,0.06838370116387682,0.13929871048893916,0.5509594686876219,0.24022263453266346,0.06572504046308436,0.9673797273107145,0.8092371843336651,0.37629114440945033,0.6682451620295577,230.17457295344104
0.9688003236150757,0.5598107564827811,0.15540087217037324,0.6275709814061886,0.513534297801332,0.2971818003733664,0.8801820868898199,0.8431710986642226,0.7255992255610493,0.7195848943988822,188.03031094549863
0.02757142753908859,0.4795060430008764,0.6905624040244852,0.42551986293921373,0.8937908261840826,0.6867911546841299,0.40338269947981753,0.8968424195012655,0.24768423487412072,0.31280670807850974,120.00210209049021
0.05853833514836704,0.7007167863548234,0.09828449712375775,0.06228597455600904,0.11659712643602216,0.9011862468033861,0.12886431078465654,0.4726568826347146,0.3801269418160763,0.34817914545609907,205.3460450616887
0.7834530639036518,0.858576421593142,0.24364449671610267,0.0541585119239969,0.6054630121919907,0.12084527420065305,0.18498814138157804,0.7071221785128715,0.5634992880484063,0.4046394195015679,165.97223835933278
0.5198596357618004,0.448188444502861,0.7270753920497193,0.13090253536263363,0.6071141221970839,0.8759129861896866,0.6712877367945942,0.23170015423718815,0.09728217376822157,0.4009579737240013,143.11042748568843
0.7809480713310828,0.0315025671981235,0.6845938227882318,0.38478124520041357,0.17716232574655044,0.5549705995653362,0.7189144919951193,0.6583557231284763,0.026091688030606353,0.27097936111846777,181.11097179718797
0.5451612374381796,0.11248765887102585,0.19179424585863825,0.5334102880301135,0.514573530648753,0.9729225781111528,0.6426353073810727,0.5400039740306335,0.3098329341215106,0.09940101067757423,161.4976843886446
0.6722650857012326,0.8911797127082931,0.12991523980377362,0.40468672973486375,0.5711012609235331,0.8903194580562388,0.1849108539804768,0.4871063801599592,0.7756996152567086,0.5664162176753266,129.5798553590013
0.048568275118504145,0.04201311593906287,0.4167235954291657,0.889273465308865,0.7309292374883447,0.6075116948129048,0.4648183405139581,0.9922183012204379,0.7731003758270888,0.5623403739707413,194.25483408447485
0.843100976169153,0.34263413570118906,0.7172640428640795,0.12400342590996838,0.9452242611982197,0.1400381108549853,0.7886185899934828,0.6649687639408236,0.26243372318749747,0.7699801314196832,219.92879771507182
0.32195477880931533,0.8902620737149756,0.8823927687331158,0.9600605437343633,0.5781570098456921,0.6285056791594538,0.42121057582544685,0.24034916206232648,0.570548877360867,0.03945784262429064,175.72240919356207
0.7137896574585185,0.29693038155940177,0.36185719606498945,0.7596121654422555,0.15302884039324016,0.8866279579854665,0.7872845564909946,0.005327492757602692,0.9232398616513994,0.956878062749921,213.65097788130961
0.9943365129731138,0.12605381220590417,0.9686370583287451,0.10533785833639397,0.6996908208040568,0.03810416860600474,0.24146866939393163,0.12084100214667604,0.7937286028354377,0.76364116380313,201.29972281678403
0.415635737351732,0.20321968310186045,0.5456064737839148,0.7698943056417759,0.24360030781158626,0.35744658596550904,0.5396623817574897,0.23960420240131375,0.2611006514810439,0.16600060108522052,192.73937381572293
0.4200540060131973,0.3161085397491674,0.010189305660967651,0.9075455833712939,0.12804538398342324,0.7889337053369948,0.08455709637636466,0.24305959006872135,0.16575579961294373,0.8806239709728092,190.40892227879226
0.654710892786928,0.4430629051309859,0.8255242425412039,0.8694916374897508,0.23820052100157463,0.34962576369449616,0.06272156127076589,0.5722943044858464,0.558792761741795,0.6267523803384419,216.0800558044665
0.49759041876408916,0.17590698973611651,0.415590037352246,0.790045603568948,0.9037753321617993,0.7391937170390886,0.7985939761661225,0.06606032577126675,0.10473121049388401,0.5948955476055163,151.49060631377432
0.06546968717560198,0.5337865664936821,0.24647089624881624,0.37705290654716417,0.7210733972244392,0.3817046634261131,0.4367554490479547,0.9013405074058309,0.9866757100494558,0.12601065790292676,197.6125166469016
0.5397915962222452,0.9359119017741306,0.1619339390716712,0.7606175633877755,0.10943527697524358,0.13088606386329127,0.11339098221018051,0.415631233009232,0.6045379849232912,0.06335071477460152,212.44961259831555
0.9280909503696332,0.6429210040207523,0.37495507219359814,0.5541248503628476,0.7996881459971918,0.03576039312673984,0.008039015227246926,0.6143429226878983,0.564153253448243,0.5870718221844449,185.74795355943758
0.7854723232706479,0.9267803241919343,0.6030299124283397,0.19402809144763034,0.4503647147051628,0.0018270080693267854,0.5339613242491209,0.4248840447402721,0.46830392062325354,0.5559905361140217,167.86872061673256
0.10903571280076285,0.8400795725158664,0.8196795493127549,0.18234257013446487,0.21109226912504542,0.8699739806721085,0.08888830770751122,0.25484085555747094,0.0354351621640816,0.30985804025328856,210.11322660987605
0.5115231404642312,0.8514182219740251,0.9056970237790104,0.7784610045661986,0.5431982924247051,0.3702025181156494,0.42757130014018085,0.5166496218527454,0.4363119370864592,0.8721988417920772,156.8708579632767
0.24210964197910023,0.8944682406138295,0.5846876686301254,0.033657310291707376,0.8884559107849296,0.027629012993851787,0.8508361146205626,0.03052529146388472,0.07451530115085381,0.06625327390655689,254.41251003265216
0.5382231534025229,0.8719398739403241,0.23088620663462867,0.27612866200886055,0.7185722236198896,0.7977856518941885,0.4125093659972976,0.7302952929606418,0.19932541824938732,0.016376971963991016,158.35455908707382
0.9082987241884087,0.992963530605151,0.9093497188717686,0.1772468680680438,0.067493457349173,0.947704925503255,0.23519980619088776,0.40887115109080696,0.9869921981314592,0.06624749759014437,261.2355360058956
0.4771174345595275,0.10008917673907869,0.7807180460562613,0.7260476768828255,0.6071170658442057,0.1576198409190417,0.7827574092888696,0.6541627858136035,0.843908762879882,0.8830207593017685,174.01042924004884
0.48718231961706604,0.9578667615107305,0.3338256717048811,0.8799680776398203,0.5771982333569668,0.9089288508733075,0.9724527783652247,0.15498712938458103,0.36753381770522764,0.6415803618333218,204.15109624851635
0.9855284721420805,0.9173988740280495,0.7463710854842331,0.01836937871096389,0.8554858369597793,0.33615591398073896,0.4971220161184722,0.5918733678486818,0.5291446182543883,0.4352355348489779,183.4144329761683
0.8948296331472171,0.9529969222163934,0.12109420803616966,0.11196558716164173,0.9547605800465624,0.5020701198417284,0.7516516119364345,0.31434410991474404,0.43224959315240163,0.2998146930501361,175.27041407358007
0.8572615174930717,0.06748396267950996,0.30501407076375564,0.5622923234828326,0.9457744095973377,0.7427090152454421,0.7435009220853112,0.08723327196373076,0.6717612921594848,0.33799634437905424,237.81615029950865
0.7714182375685147,0.9659234632923807,0.11206557063371259,0.28461959109360635,0.3158019159446771,0.7934524251783919,0.8669703994509633,0.14341358958406436,0.25294350450361713,0.014245817679232164,194.28065676360694
0.7876643240397359,0.28090799013079604,0.10164777767422828,0.23533391948096982,0.6465298258651074,0.5788677462595578,0.834065489795752,0.9342367860069172,0.2263967437687947,0.3475859743036933,196.99176410872502
0.15086921536611886,0.5336858925351677,0.6774891755815154,0.03330545144624897,0.8625426075973334,0.9009911212870774,0.9349072008597179,0.6485304324262529,0.14857663306143043,0.826734946889656,252.34958760371808
0.737944698474113,0.8319785614523179,0.8540268202272083,0.905436643426604,0.5837888532165945,0.09289680142992074,0.6576453777818598,0.7269695884322297,0.8692692802839119,0.6053921536445946,198.12962396211242
0.9937417416562307,0.596592104861233,0.6517974613317885,0.8760098058589411,0.5971842314416248,0.7071413995034185,0.19747965751335306,0.8802781732617253,0.27081331869279746,0.198910153257578,136.98618360821598
0.8130995096152099,0.3407533288551593,0.5066114805101468,0.9290524445464057,0.7618599023548928,0.9853954043219053,0.11318452871289364,0.9803014127620555,0.5281416704417701,0.4087660942882585,176.9561467410685
0.10048004485812423,0.6409946313540544,0.5904004800364513,0.7875615742163692,0.3318687413635386,0.6998561380672342,0.2482719424135329,0.920691262122163,0.23279595343791926,0.5040047117851513,146.61969299713863
0.08540648388818906,0.5575736283872541,0.4132623137046276,0.9688127233267053,0.7432260459624834,0.9984099687419142,0.11280527497371495,0.7789951763745377,0.8421664645308234,0.3572941918715443,215.91668844973123
0.2926796648855903,0.6243469507016337,0.6970088277440423,0.4073306372075933,0.16050292731208393,0.47560357641841977,0.43995518517427645,0.9363672271180522,0.6427708824669491,0.6634361468921358,164.92255210095198
0.9123463209815195,0.8904673020674392,0.45093419592292705,0.15423830947440587,0.1284971438118725,0.574054375873382,0.7609808499797779,0.9621455112847673,0.5575961574753882,0.4244207903564172,208.96582769276785
0.04478960969038326,0.2222887456829128,0.9183923296151593,0.2914311184636885,0.9309081776459297,0.8665359487752778,0.3183603375365144,0.988592515704394,0.8895248111078865,0.4772625544324095,206.93209216828834
0.24861998062502144,0.6053375516096708,0.7471654174448833,0.8345301425423759,0.7444068376958934,0.6046551714615901,0.5108988197435474,0.16362473183176474,0.9177982715071936,0.27584190287046584,194.99207735212553
0.5067371122316152,0.1104746957973477,0.7472548893059007,0.08700261398223297,0.5123611333560903,0.5833693466511944,0.43483794399287856,0.8832475682841052,0.11722487424438544,0.9317869006203849,164.21965948211403
0.8053459335823409,0.28371070287002553,0.9722301159624014,0.5542268028886855,0.7119116771348609,0.28942236832593593,0.11641788679681697,0.4873337904125685,0.11674244169392844,0.9720668208546996,156.88494087842867
0.7488311464152565,0.19708750328800662,0.09649545475856158,0.28679387719528926,0.25217248264656433,0.7418719498282512,0.004596980784624338,0.2256579892425944,0.42519203466518973,0.8020105871566504,182.64507402417044
0.17760430034084773,0.6810478813137048,0.34862289575836913,0.9687629127720099,0.8267890449481944,0.43070442638379414,0.10361727445029112,0.8391594270708269,0.6775823708170549,0.5759671615946085,190.2569736978467
0.03611217935751099,0.48260332801711003,0.9788554608739207,0.7786387534645625,0.8382736885043868,0.09125775003583447,0.517816560754854,0.1254007740835278,0.09523986554835051,0.5496329749867045,198.2381425630557
0.9262083907454456,0.9098100890995303,0.5529097259202205,0.42668232027840824,0.8570784542223909,0.08743396329021591,0.6831283319472612,0.15724663267480132,0.06482833680415279,0.3559908187828147,245.84612472489522
0.96863780304467,0.6088632179074867,0.47696071928972095,0.2494611508586213,0.3550844907577714,0.3031057590350672,0.30981168029236916,0.05191897007166779,0.27485452436244406,0.4808055857768033,164.2832701426292
0.6716697809189045,0.6500355717938044,0.2437198858255758,0.8343293104506755,0.44739404427210994,0.8033408091737929,0.8857106169828352,0.9596032247309414,0.849144739616096,0.11682219577371522,220.2236156388774
0.7565865951923935,0.22237545503348388,0.2193885791623944,0.14247095836236834,0.4314069648853428,0.6631532203626186,0.66766909726991,0.726850461197943,0.26152389439823875,0.740990732217659,193.42906402955037
0.16536150359003732,0.08565146397629009,0.6231605771068695,0.02244363425660101,0.017638163733479262,0.37409188588978537,0.4213483345144754,0.39486851692777913,0.17675464159208798,0.7299911765483659,191.82415548732007
0.270907915103507,0.6726933180463256,0.20264875376216662,0.07021348076064415,0.8913309002646752,0.9055874264671604,0.9762193051904408,0.5329327401920656,0.43910935392986195,0.8314730226891576,206.8005401963398
0.8582974449473323,0.5036927580906434,0.4028642588467556,0.8774044562949295,0.12685484225936694,0.7027630957899518,0.141272494390278,0.4940203132084514,0.17254443717181045,0.8171958061496681,150.24557551522378
0.16562874449254117,0.6030029752942303,0.9499514812386615,0.7434300344794481,0.7582126258391321,0.9667838855088381,0.09105365674409793,0.2556311673135695,0.19011553566834993,0.6241951616592697,230.07159376919753
0.16535610929291045,0.7604572306823133,0.8986514703117691,0.8176431287239054,0.4386624744201656,0.5016363539188653,0.8902466262310353,0.011340324862289974,0.13931183872392505,0.5948313805265345,178.1328962898859
0.18049334085100144,0.5501486106164406,0.9927230793017503,0.028207565168306026,0.41457217723112494,0.6526227077725624,0.6963757022644237,0.47813767174363575,0.7551641758539919,0.6511351842659462,180.84158452488714
0.9554704365467216,0.5453848982629445,0.8122161816988639,0.028792767230640504,0.21161797490714052,0.20708292888039714,0.2590607938486754,0.6787111445592106,0.4313544180974679,0.8029348545066839,180.1337105473775
0.5614249895742323,0.35471387776581875,0.8471509667152337,0.7788870578912835,0.7483313970282656,0.426874794097011,0.32946877635569705,0.23083430924633297,0.13916239949357223,0.3503780490291638,199.92333707041402
0.021627967620026278,0.6612783769055427,0.686848824260296,0.863871843506932,0.4561805768143007,0.995217111938844,0.2294921333785902,0.8231878033316928,0.8508361061542087,0.773395516758727,208.416624165459
0.24199921427196391,0.10073427455567074,0.20070895003049816,0.5039513361341054,0.5759752167266959,0.8208840403791064,0.11887515903246582,0.3002882940090804,0.7415154697382329,0.06836057711247523,169.7948865207233
0.7975315343471835,0.3994778816266522,0.16300468948924318,0.9613040027904904,0.7363187339014575,0.48993281816734835,0.26294968038567457,0.6210874555880251,0.004228841214205192,0.6399743224242329,186.85868980019035
0.6915980851150193,0.6940803071533297,0.6089400448237736,0.5554945506309321,0.28388558219474547,0.969844366283673,0.8566460344495116,0.11585774835163265,0.7616987785384766,0.16651687738611654,170.44436581896232
0.7631636231447712,0.8992897176326025,0.07573357447868356,0.6020886510170204,0.37749473459726757,0.7242930610027785,0.4279902999755373,0.40316105343651987,0.2603917197168498,0.9058754729565861,164.5277817265205
0.3064062765877362,0.9646548083320506,0.678178944726625,0.574656068755308,0.3840650340042421,0.943186227038178,0.8243683387583421,0.4593405014278089,0.3783768677303031,0.22993593323805828,174.62840279630808
0.3599259928100996,0.3188459031689962,0.17791249359237205,0.9201427267186789,0.3137873609291978,0.3558018291850902,0.9848205509668969,0.43820469269609164,0.9866437451393599,0.2413108573364655,201.34313023845354
0.1415129440554671,0.5562819798417364,0.5102933244487099,0.5459433209366797,0.25812714247553903,0.46165769556463065,0.9899918302176421,0.14919747868452626,0.028411873121416464,0.46811918092215354,213.4031629588482
0.623776575777463,0.8332813052377623,0.4731031523386351,0.021840390888975825,0.5059894208046591,0.5228940646946304,0.6376973217551511,0.4529308566039446,0.26295745153762184,0.9078691079826287,178.8486626895393
0.2672650525364345,0.3144048081010179,0.5847665202370897,0.6807384182690702,0.9282525990927105,0.4052303328804471,0.14225742888983506,0.728914548189143,0.5426971644333854,0.2576736668101207,173.15930841576358
0.018952795852131055,0.14318631312583896,0.8566859425730254,0.5570877573491554,0.4214073784046569,0.33925063799985256,0.06308320320971572,0.333950172633539,0.38521782013801076,0.5821937542184866,196.4449248433521
0.930931691006568,0.8609566292848105,0.906533334086847,0.3955625849755833,0.7113685377801231,0.6790755606942275,0.11884659950000964,0.27494535684737076,0.14508045947462178,0.7863112438949418,182.1513168904604
0.1386406997860835,0.3117183520645441,0.9108310515857385,0.013339472172260392,0.8146915607123145,0.3909977262141944,0.06337056642014793,0.32195569363326704,0.710454888101052,0.13161828860830105,184.43074679950794
0.9657778750711692,0.4766970537918891,0.6778489914572837,0.9435379345216104,0.14914236227596422,0.039537121620033866,0.41540106726744763,0.16348326568606142,0.9861086908311291,0.8337976777858327,246.4470701843478
0.27866102809574,0.6110998221645095,0.8415631807676146,0.23267863588249882,0.20620836080184513,0.0016524896472703832,0.13983553245719527,0.049120076581956496,0.13425113443259495,0.8984376637021074,216.96558482521388
0.9877845763909628,0.3562817926357341,0.606305141948126,0.25046559547528724,0.06585713547189698,0.8798552171344,0.6352624916851562,0.5490739014364466,0.38770244192474035,0.6724491069617742,189.44813316406055
0.14093008044563615,0.035291155738953695,0.8235337467658189,0.1798756393225155,0.13161317513989457,0.27742462404498625,0.8564729680929869,0.39023421748136633,0.7575912342364373,0.37898554661393136,214.87441220246671
0.7609938905962664,0.7592858914536466,0.33121471086348486,0.5467793486478114,0.8797540900928942,0.3138264608151766,0.4361786688999708,0.4885946581090671,0.3422260023804925,0.2744941806890099,159.51558640174642
0.7822448475616552,0.9675108181694813,0.15736123635528965,0.3013310968458979,0.00961507208082757,0.3281330328845099,0.2518078095927091,0.6155885740159981,0.6621295567765793,0.35373402035035095,189.50227693349422
0.7426579703636804,0.905532467772676,0.5632507801142094,0.7075915634415154,0.5109656250480468,0.7102245538697801,0.3318766042906054,0.6473220738605627,0.23677912945056,0.503273214918915,140.67325018936992
0.9548040063890519,0.30699823134671245,0.9524321978627254,0.11633118523614938,0.3955613560516408,0.015824762368176204,0.0767440627087268,0.9405561002049568,0.5158811753024095,0.8066785614002137,215.28627277633063
0.4878378805273751,0.5962859958048542,0.1783957787165299,0.5561077417713999,0.05664810741583515,0.15119371037588392,0.9405090987640621,0.49633417178984596,0.40679534828694086,0.13908595871421747,187.69397124297888
0.5938486031631741,0.4414481239720063,0.15681555895787802,0.36849603952056675,0.7490983856001153,0.200332656466502,0.8892158961339997,0.012285317891135517,0.4064738292249145,0.46832299934727517,162.5998280988993
0.9797174318170647,0.627092378898665,0.5025312861477526,0.4713453488741136,0.25543704336268325,0.2961231267320533,0.9203427142993368,0.09219116536382632,0.7166192837899686,0.13945737385072943,180.4579600155872
0.3016170618112797,0.332048392044606,0.8268987206860655,0.7889364269486031,0.8103199136771302,0.460993406388279,0.285637490513713,0.4032204443294891,0.14579694682258726,0.5827531945730593,136.68357734564708
0.36143823435359634,0.893985725649973,0.9471539187590627,0.34181154905926225,0.26118611511276923,0.841453287654454,0.20042663539302996,0.0072031754476562515,0.6107042371440762,0.9006642265257939,214.19397894817587
0.6120360521449464,0.14597535000865924,0.27414262278340373,0.6056020908672423,0.6748086795564746,0.9417619473359955,0.5722844216069478,0.025098714711519587,0.750319315342056,0.5974150865584565,173.29254518577184
0.7339065171810757,0.6333077579681213,0.12263637368371072,0.8975562301179998,0.9381820863976478,0.4227094898830731,0.936607045017309,0.9859138114126202,0.09166588082279137,0.04900551928334673,252.87685488670365
0.20979369797551262,0.5275209097611762,0.5349616750945408,0.025390778843992656,0.5074360058762227,0.7225098537410906,0.5968392500133746,0.754966552142672,0.23793148889391147,0.9921689904103058,155.2559786638153
0.6180350563221431,0.4056196472877204,0.647177550251864,0.6021946066039212,0.45414209408022843,0.29365195618978024,0.1665563773364157,0.15478882449638154,0.801949505573564,0.8166724939236957,154.49510309953422
0.09189557933014847,0.8329743735665579,0.42051797812226765,0.48885788560416266,0.22615651474109588,0.3252462385236081,0.28294213731266316,0.7663453038554497,0.13465665221374212,0.9810306170202888,169.68071574552945
0.6003514254064278,0.4631043140589052,0.15730591394506754,0.5737010116657124,0.923297467091584,0.596496090146891,0.10083663332097548,0.1555689733266583,0.9635485922095213,0.7303223967812805,201.0505116301352
0.7686027763462573,0.4838272735065241,0.8915029056756609,0.13609334114847826,0.48506598281303315,0.9417789451366672,0.4132744050892233,0.9861904785273299,0.9672144770617153,0.8700795802141541,189.29183687054763
0.9572675342472639,0.13250767434101463,0.4573367768155444,0.5817869746693746,0.228525514932708,0.6873176848791619,0.3361626353113877,0.665757875248822,0.6902492676625089,0.3518020809087852,165.0019245076474
0.24108596925321657,0.3201982407025252,0.53099539963403,0.6202542782602017,0.5148955666929366,0.19970161285841304,0.5309746191906269,0.060212689977107936,0.14868149360298843,0.66059514514232,174.65209610022214
0.09453020243638743,0.14025599910244735,0.6180489061430445,0.2612167217430513,0.5167025855928534,0.7377265928612263,0.1096315615003638,0.07966883889939647,0.8094980651695075,0.12062952256655002,194.3567589004379
0.33869150632018363,0.38006826729061616,0.692051201148196,0.3709485594339963,0.196023670864926,0.9649095358459507,0.4275521829000858,0.9720510164972089,0.23506383552176446,0.5124219576647305,155.02632542114569
0.06527140708612045,0.5323687339133261,0.11045444565160467,0.65201847482783,0.002688116612329372,0.0480999169502182,0.7387858269665836,0.493107163570052,0.511939873170827,0.01781960619259293,212.37301482669105
0.2506226860630806,0.7355269440586709,0.2053796603092194,0.4255066747237529,0.46674635391676245,0.9397614392364614,0.176845725462479,0.008666461694189942,0.7490337357152287,0.7722932556062024,216.4810329294611
0.8085386483856867,0.30333403182099283,0.9331677187319236,0.19552514520191167,0.8095933509825883,0.33830061587032767,0.5010894862886772,0.46238450922213126,0.5006146691110184,0.6011182829714837,122.46925757921423
0.24747869102439746,0.2200885105743704,0.07781823423723411,0.018487064118164365,0.7221040803683114,0.025751094010807662,0.3705121678765039,0.09779889423464416,0.8038344284159525,0.9200435714945985,218.91835883151327
0.6607531426557101,0.0057142781939408804,0.952861296794771,0.9016878044759138,0.8874845829289929,0.16414731375007408,0.043159615282854946,0.7387030250338348,0.41083593987878064,0.8203942173533944,236.14758699473649
0.2066373867119915,0.42540930755103346,0.8163099350831454,0.5763731961902685,0.8699170605561631,0.6910690101215146,0.6955815823559683,0.4242559867268527,0.9944162746937085,0.6409157137062463,134.20127698288513
0.5626756982670402,0.8002862551068702,0.5769719027804897,0.927833924563262,0.3818384952898808,0.7484426625251327,0.06151928784634886,0.8699163436382413,0.3897511747555351,0.1806661866752104,195.53381654522556
0.43064260460031967,0.3959582013603068,0.5708687726191151,0.30248008752394695,0.4369670479002653,0.2767083355241027,0.6198375334413629,0.06498339814340814,0.6089614599816082,0.3886009764570938,123.46003437846755
0.026598815937071807,0.802004534735104,0.17317892862166406,0.43765358403548715,0.10095547436994723,0.1688191140011912,0.3769549291740918,0.753627223224776,0.003568995683465026,0.4730764508517068,206.12212460490565
0.4087659168781961,0.7936080714190569,0.15860895921004048,0.9392779635028851,0.9581168385659824,0.32957918585845425,0.8681144941248191,0.9019684180708563,0.25741277711097876,0.2820431105084903,214.63131866350477
0.9199094059945107,0.9680423011867767,0.4029786910639014,0.3516408775950305,0.7530136001995164,0.5844934822397733,0.4615769827507701,0.3090408901750956,0.966201285044828,0.7233480339011682,185.41427831312978
0.9052423046950951,0.6421912851602055,0.10016513344349443,0.8177499909903151,0.883209178770252,0.7329056370341658,0.18354666292067012,0.9701358295903109,0.6627420169832234,0.2961511552236943,194.83063341066384
0.03650077029004717,0.15939014887543124,0.7191029954866464,0.961131540103744,0.0877322343687994,0.467806194187941,0.14937011066498018,0.19963028354269485,0.09210952186556587,0.6028694526763254,221.1024185297943
0.3292537847695427,0.821348571568571,0.8467870607360373,0.5560061790298111,0.9979486650113922,0.5422120012504614,0.7175891766766169,0.8708700080702345,0.3549283384194687,0.8599968411310999,219.76522689630417
0.6054519174792453,0.5628343960043222,0.9881260749523844,0.05595652843038035,0.0631522682644785,0.710059395942824,0.6094813926854682,0.7644059793405993,0.5103436008988954,0.96627288601015,190.29959211150094
0.4932735646384704,0.7580442863941976,0.928149322941735,0.4445173640080996,0.5551859188407207,0.1097988486274879,0.9751543695247487,0.8046881812504918,0.11490153766726785,0.6626619500501317,189.22606173104987
0.16163331423569716,0.632911390427566,0.12524484493075216,0.6609276268808645,0.45199748578312493,0.1258884716444526,0.019842875180922426,0.9175309328770669,0.3733298882793201,0.8854623262022774,214.38814243307377
0.7871644098345943,0.33519040657992116,0.02994574861942345,0.9331617540801269,0.12141467506252712,0.31558756111937514,0.891583925376831,0.13033186205556835,0.8923290306406533,0.9324229510557671,210.99118136942482
0.9403912284004022,0.11276742757326819,0.8513365572512497,0.005370245045704158,0.9253534521049693,0.9943723691642724,0.8364398050875302,0.9816250187880596,0.2643650308457831,0.5958690283454771,257.2894291026008
0.8027504690010672,0.5947450174730704,0.36674071627137805,0.9735229235549439,0.16018516759292578,0.17006666426426786,0.6607642281859968,0.5523347452022201,0.5473259787179657,0.6300347158823276,195.13248554424348
0.9740509798408981,0.44476284048488324,0.6726713087349491,0.5282886372288336,0.7550057340569051,0.5913073085821265,0.3218630314320944,0.5820728597029066,0.5405443207835875,0.41630265113179044,135.11299858844
0.02300195784848058,0.8059758863995751,0.3310540145456544,0.8765406177148929,0.8240010572057919,0.7680319262479166,0.9219826710571168,0.8410336221776733,0.43090739020538826,0.06379080480866872,233.5008136705658
0.8170274409297869,0.28404904835626377,0.7777754676471735,0.34029218775885384,0.3360138651205806,0.7927302675431039,0.7892773222072986,0.48192459438888546,0.6083501503015183,0.167527342279279,139.14593244300306
0.3024965617295782,0.8790401986638635,0.08934357486998423,0.3392643699078237,0.45370198239859083,0.5897914881699095,0.4866261093832105,0.8274855051576416,0.616167407967783,0.6554728516484174,147.20117935109266
0.021447964844433676,0.44515877337614207,0.7794715052527256,0.9457324829550544,0.8531370834179702,0.6058521533252151,0.3167274684727488,0.1002654390030695,0.36022561823053256,0.39968061394598153,177.43920463841013
0.9447027896641474,0.25099925284674873,0.3239114813731645,0.6669941560504755,0.5432376445397678,0.6919958971865106,0.9669176916504546,0.29243542479863804,0.7207629802015639,0.911343972631991,194.76096867611386
0.3672490287353042,0.9452888784613556,0.9083792971622339,0.2612385290769099,0.41873510140743486,0.5696359171419566,0.41366600075919624,0.7039384861949375,0.16718522769572985,0.7408420516939976,190.598669214987
0.20926840041747452,0.6718505896032299,0.7589693376147872,0.29904955428968805,0.9046964299530788,0.23522562039812722,0.377923258600793,0.4903971305853817,0.3223355603842515,0.41431867829285207,116.02259602704576
0.37538427868681845,0.5852362290533344,0.21703315673426438,0.9815483658487423,0.22564538922503097,0.20308245351326049,0.7136507810620323,0.7266088606220467,0.22191682616866382,0.31450090874382375,125.03085934473177
0.5141986399859804,0.7704179938542313,0.8574674973632239,0.29943559096258954,0.0861470636549071,0.5198268348825944,0.16872462597517335,0.16325083319417522,0.5478890543925966,0.7406099591479253,194.9351741137263
0.0633980621744713,0.49231535968505935,0.9540527895998641,0.041730019384747075,0.7080733165333698,0.9176225135861773,0.4539909032148245,0.1004720660221915,0.8904102932640274,0.22761710395731138,221.47457110362234
0.44217458023009015,0.3550882309131915,0.10076605197047883,0.4516559608210323,0.6919216289883721,0.6584150045606846,0.5717836211523905,0.13024118709115062,0.715417204276297,0.5992951417506808,150.01584555065526
0.15033329755379032,0.9725316867106222,0.8952664468833373,0.2370832715722827,0.795085608349994,0.9172261803780604,0.8431561377064585,0.39806528057867485,0.6965910486894731,0.24278258064825187,197.65329967113246
0.31653381716604967,0.5820728604799891,0.6259633489984772,0.12605312771884214,0.5104773715940365,0.07843708194402277,0.4274152493304634,0.07596014789434935,0.8995484638510308,0.8169650027409759,164.47283344225573
0.7441969446933197,0.36134892320002243,0.8457449075834613,0.9406093305716552,0.5311635103883133,0.6766552710296677,0.8453189756319309,0.5516293017621018,0.5344789755513613,0.411045178757104,214.40889786381732
0.993299754664594,0.09539180199536579,0.2620493086053416,0.7298896235789081,0.9233523970942794,0.3934943397832814,0.8236148967181972,0.0640758386926169,0.2826802590982367,0.2886307016710711,217.9441402993985
0.8318996446449829,0.75183358426159,0.4398392498817765,0.9075215568877171,0.8962436902275118,0.0063999182684332245,0.33976903766469024,0.32633199282890824,0.5144964221555018,0.5094992116274752,175.18339743284332
0.67051697051776,0.6189721088588649,0.3938949863865523,0.6655492619290171,0.9595338975383076,0.400129148649807,0.056858155777251174,0.4217185152411067,0.686080329919905,0.9432324624380382,171.12744087568825
0.7896167512028015,0.49545711799669967,0.6248341863628172,0.47523983556448146,0.401031781611896,0.7353652785724346,0.0018472254141403965,0.27124342959696357,0.2873650228903092,0.554499651662756,137.3973120470585
0.9877789562550267,0.2676433054824031,0.1822922786809894,0.37478066239694485,0.34150990137875137,0.4934630808544629,0.05693612903769829,0.36591374526058684,0.12428049662057661,0.9989807830263147,209.62584804867188
0.46349678636497316,0.8048267209764317,0.605859320480635,0.861346942827729,0.019150361463809218,0.1658988734019372,0.3634990466325656,0.33359286104877406,0.11419423744597146,0.10529566323656736,183.32492543170494
0.8304304237488866,0.8241758360693441,0.8885989280245421,0.47956331982742306,0.5648364086248202,0.7107603997759262,0.176943828416516,0.8393701091447526,0.12792345299685315,0.44556515528811436,199.33573497181237
0.6108538742924777,0.05317428821515302,0.6967512971776914,0.33329281502370256,0.3767989825883269,0.07116869249449198,0.5476791127878798,0.674506349473101,0.6602048157953851,0.8574656567420905,192.4274625527092
0.2833419725752174,0.9173108990170626,0.384961185543953,0.2986299650534111,0.4681543227456483,0.7667616939038153,0.23127799663857251,0.8284899452160143,0.008521276263765865,0.5067315700120034,159.81660156855799
0.5261455365557467,0.733081057581502,0.5746973968326073,0.4836151541651127,0.40925255193575905,0.731192055364449,0.08758632124205945,0.1296663717018809,0.8471125404702657,0.3844928076705739,160.62654482317663
0.2998311148534676,0.7081113622087519,0.9475492570672954,0.673517681941088,0.07693031820901775,0.8157699984148686,0.2625280979550274,0.012440718017086239,0.2831952227448059,0.08277859710995683,209.37077578203025
0.770318123605176,0.0645105371680128,0.00508985939907558,0.4455580904182639,0.08859932265631754,0.852987449715114,0.6630687802216517,0.06984641786189438,0.8024847897692303,0.03974151454807562,259.5534261740829
0.7749822053662574,0.7513726255393294,0.9502625389927888,0.7740084547276455,0.23308109157962265,0.09077715423748178,0.9206844521549843,0.09711897662110724,0.7082392460006426,0.394662130640559,197.5218903853356
0.3420262021926628,0.8583449578704934,0.35888754289516434,0.2719339720279159,0.9811729951449276,0.4393747051343109,0.3154528488969077,0.6862669855987942,0.32224067591720007,0.17616725414377832,178.55624040458903
0.7097389249606707,0.48137252167409084,0.6031686341389065,0.5787490185143342,0.18649890725792007,0.37967103780166256,0.6743524270750245,0.4952839993339847,0.34562293026104496,0.35553457885302575,106.95613641019756
0.7315254155719002,0.034437681781991136,0.5979524326459429,0.4671314581669008,0.11368374962875016,0.1650064971518519,0.670088911572702,0.0541599206199751,0.2341887619920292,0.6367912377528087,210.10343119167078
0.3247922327047097,0.4930278719242368,0.23430633902565678,0.7199801479953244,0.008940619185314636,0.8194746145683525,0.9587421637495116,0.8639346706557437,0.8591858831855019,0.011619023210051371,206.99309562441834
0.05480133723730607,0.6211368581122292,0.04859459173450498,0.28895130911595057,0.8640560705169397,0.954982788038562,0.6789912026133641,0.10369019096323928,0.8270713317328234,0.654000003164098,235.2775327844583
0.2757174126847922,0.584147954343824,0.9614546093657653,0.21216519096689346,0.6775869356413428,0.8394096789046578,0.4212007444694287,0.8502233329027432,0.23153267154183466,0.023317687633936157,189.32767173054089
0.5280803573751768,0.34658858614942034,0.18641450560874162,0.1824920991828547,0.999350311738608,0.10381932428960938,0.4548974509118697,0.3797831313938562,0.014403357836508701,0.4565833509766458,192.84714917578356
0.2668036348022994,0.3651210297646318,0.6279375438055124,0.34323661054824606,0.1693857699482587,0.0633835839933663,0.32715275271002153,0.3070105790810732,0.5028146522589021,0.66570311655153,179.47118850450576
0.7952644272314074,0.5938644556971066,0.4738109884768851,0.5152862301681304,0.3713306211760382,0.4445185697367149,0.8533529964476602,0.08959356561189791,0.811176512810114,0.42839965991090434,144.47689375660315
0.22197820538893476,0.7561394039603112,0.9177239346081697,0.42168161634504064,0.9107679959828103,0.36399483492677953,0.4896880860901498,0.73402778572146,0.6159261346510031,0.8824489310059531,168.6893532895133
0.7240578777720434,0.040849164083434086,0.002352568735693783,0.2847583740406714,0.5425088980248114,0.27078921566886316,0.750019401827919,0.7836960013462365,0.23266237897580844,0.38990263560878546,192.06291038008735
0.7200526148811786,0.7769618559822905,0.8546057515060527,0.5017652925516507,0.9053014265343109,0.2865365727327436,0.34786322195333375,0.021556116906285117,0.5126131722947688,0.3599527854956137,162.498422639389
0.9810175614033214,0.3360633835268575,0.5937676245517537,0.9393609455394869,0.561144098087144,0.3488317605238689,0.2050122583522035,0.2513217191067514,0.1171700834973688,0.19415910005991743,188.23211301387533
0.42838679545522695,0.2452488139299801,0.7767643279205727,0.09536286602200361,0.22694289034707316,0.21362822155220162,0.8318440819152794,0.9614941430802054,0.4977283701411461,0.2598025328700472,183.80830787323583
0.16613153026531802,0.5743108708088944,0.6504088359996868,0.06241496788636014,0.7850157745232497,0.6571225110820383,0.7462810446368638,0.9920420174357523,0.09264453864197064,0.3268794413256828,218.81977104279062
0.8691738923684313,0.6306714645457808,0.46383087684790636,0.6918618800902246,0.6935433420615276,0.4650455188920859,0.8417180601515573,0.47181895596335355,0.4735681594441773,0.6788476710209485,145.49670711388768
0.44237160541041576,0.03522939978290529,0.3148761927591064,0.6651641370490934,0.5676707517053045,0.10679786295863691,0.7506000315530416,0.7564368339784702,0.6497098703796524,0.23461138741949328,194.53129601932636
0.8422866979885058,0.27939090088292506,0.6357498378665708,0.34518279824797793,0.1178912565809801,0.15206861268237948,0.5410204394619572,0.4502656573443392,0.5478546515096535,0.5672943982234039,211.01326120934797
0.035276836301517456,0.5526942921050437,0.2779231717985521,0.9807379465477339,0.9063391679980971,0.2403833897716393,0.8706149398890842,0.06454693003029321,0.6229549820982944,0.8312351091259409,241.25282715258092
0.6411043507627227,0.05662646560877882,0.7097743755484495,0.875622193856116,0.295354821265573,0.6539765916540125,0.6184669588839071,0.31836565082093016,0.5431455576509939,0.8782939789424603,170.8084765622624
0.9234628499918005,0.5582196836232407,0.6347401355586586,0.9814087732825137,0.36657422462880174,0.04411647053714862,0.6944415716180676,0.6294924951792945,0.009798684511686528,0.011707904101348365,222.8462343656042
0.4575013177619067,0.08784277686715647,0.5256852369870382,0.5520320646537356,0.19404447120020862,0.9118929183212284,0.28117742408282576,0.039671676628690644,0.5804633948354747,0.45264228142557084,190.49119399360558
0.8684032701470193,0.6470957472902137,0.6045674586712558,0.9136249816095124,0.3426987866407306,0.7500395566258404,0.024157724473945485,0.5718016806397871,0.9191831606440779,0.0576410753824812,229.99774102286835
0.6441987056196341,0.3805463668177611,0.425764642409612,0.01215000207604322,0.5780306956609357,0.27561297686011177,0.4791800898223797,0.4092265931644341,0.5521854994183083,0.7255119354332582,141.2362346406037
0.5133184455494255,0.15589805088714426,0.5759724950566266,0.9927964851054261,0.22667613127038488,0.9903661703775621,0.4942403565404957,0.415107634996406,0.2839013219316001,0.0722407074507655,164.33029908126804
0.47238536881709425,0.9799083769901361,0.7779924232264892,0.5829157777403431,0.23911420563310948,0.0031232010684870692,0.010497978291817867,0.7732740111504105,0.6610838428235393,0.25681556004262096,189.0342283796551
0.7393518465964892,0.1300666678987552,0.8922949656783918,0.7048935557155067,0.712364738467674,0.6257853495687538,0.7926997588568484,0.3973289011825737,0.3814605790776643,0.06367262049211964,153.73441967949884
0.7764833492769053,0.752272522188022,0.13267800570460186,0.012958150232450727,0.6325056459115461,0.12028022773391178,0.30430705650572165,0.9636600998386102,0.7483601981437447,0.24323391016823448,208.93733811766447
0.3211422255651073,0.19861345208814907,0.10205887158443594,0.4551703718805361,0.33788607122062775,0.3713486844280085,0.35756101899160275,0.7726175816664691,0.7618222655707264,0.6327710874396492,167.52703417247466
0.8548062337362116,0.45699274127196965,0.27588129690643914,0.8327915709448422,0.45050859578886815,0.7840020007715539,0.3735880642266136,0.4994478330910961,0.41489368819077366,0.5601349568330787,163.8909180693069
0.2768426289048439,0.8480686705972911,0.2899086721444927,0.4259497585496763,0.3017691089395321,0.7863631008507487,0.4352266027863041,0.6116835446390403,0.35955270634779324,0.061551535858883955,164.1648522208014
0.5026792373425072,0.48097951662254734,0.6100687932022448,0.35759463545088066,0.7277672002060592,0.31217922593929226,0.33454844516991367,0.2096065398480832,0.645294331405331,0.3036121334849611,109.62261163703916
0.7927702434230282,0.9064406926248284,0.3678300662220241,0.8470040246793499,0.7422165718559651,0.7026738047416324,0.8934625842709487,0.40689438399630784,0.5902373993184292,0.8733787357493853,152.36570950523227
0.4172661779425485,0.7033659096036897,0.6191855814557051,0.4477688089317021,0.8026090376352648,0.46668438226041853,0.06912650631989448,0.6118286103494666,0.26321903633889443,0.05761611938019273,175.61701555937577
0.7956590113360428,0.5590718820713204,0.6185857281190424,0.6707882874478769,0.06736223382034812,0.12437915466317284,0.3569996973334154,0.3105881762645931,0.8575610876515216,0.04346336850051724,199.20671347475258
0.18859514175347425,0.37425581818022335,0.7314528981601118,0.10050695755488603,0.763829440148211,0.28758136921134747,0.8338704222524844,0.9989013087641142,0.9367014053376596,0.6188417416527814,209.71396685141525
0.777207705325496,0.5472828437787226,0.7145388155210883,0.8839075504271257,0.7164847823553478,0.2257681524122389,0.1517113081930186,0.20090892758046985,0.9657046619512628,0.15486418990241235,193.86860326679738
0.3074155437129994,0.024946025524534288,0.7400293460690227,0.8524602207641919,0.758163652387927,0.15166509671900275,0.7126525873969917,0.4327954439615779,0.6937248404833636,0.9035328425503756,191.53435373873344
0.8070689826614662,0.04807489794264164,0.2216372854129398,0.6900239100738501,0.047145861274277556,0.6789730817857481,0.4531237235382174,0.8192307319925871,0.2926348649276209,0.2140495139065245,174.05101761971588
0.8556082177440132,0.9323476984573517,0.18166562992625757,0.9981095741414057,0.1519703149235364,0.9773133021938439,0.80241369238006,0.3767408764683913,0.3683842840000847,0.41842552330569815,222.41768389982212
0.3388903500194961,0.43445444155431434,0.8752396495223198,0.28978391660400493,0.9291291282316252,0.9356483799659846,0.5529581974993226,0.2609557235251223,0.9998558737439107,0.24088235735841035,235.76099658870646
0.4018310452188897,0.4998266907605696,0.20540036370209303,0.003032357087912385,0.09225372424398137,0.8051268783796726,0.544315876563247,0.4959959916060339,0.9829240404230124,0.08417294101983608,146.97130960447004
0.6125878331733204,0.7680975986687163,0.45241248645271714,0.35647393516351167,0.5736589166803958,0.47889892004653756,0.8950711929945667,0.622349601984015,0.4596617687386356,0.6723420955082188,143.27207051705744
0.6055074941067878,0.934961305771724,0.05208060245204449,0.5950123226359554,0.9369621677812553,0.4037596032849925,0.836076987547779,0.11737655060384578,0.5793101956291545,0.48068357682162166,184.91960101372302
0.743349392487549,0.4950420158588196,0.5872324675884865,0.4133107896519477,0.1374567404511573,0.45762541507132304,0.03577379706653694,0.6280400313363774,0.6920052425742994,0.0313952948225279,160.25062256948192
0.055597778234103945,0.7956109603261101,0.1136611208428373,0.9105472182303073,0.8597596551225493,0.3993721008360208,0.04852317588523125,0.9545609806372818,0.1942487765069879,0.742399653250738,234.13971508535099
0.3499846302698558,0.5849309559256595,0.8980960102041646,0.33065843848201104,0.15544943085915752,0.7074493377707698,0.26231987535667256,0.23046657871243215,0.5546450790973422,0.1530313911101252,191.2435149605009
0.6194271289245715,0.3595256520301702,0.557737976802238,0.43792909212316544,0.8474425026490103,0.30959397050467896,0.05758438214250483,0.2920695292290947,0.594685500360877,0.9582023403945056,187.87089955194904
0.01360296413758555,0.6598021230066698,0.46775027805905534,0.5325206886342826,0.5384051378493632,0.02466012004457796,0.9675398031878234,0.0029020860017490158,0.3076718672801271,0.2595990724666172,206.9837091055158
0.6414153790173304,0.5911168113574139,0.5409228217543899,0.14095367793940505,0.6931292514842714,0.7740864693038138,0.9192028652604463,0.7454213786044726,0.04541664868478967,0.3761383026900307,195.99748812278781
0.41207885433625413,0.15617362347719177,0.1552418060245021,0.8472963625608563,0.8379003415014572,0.7040991340332243,0.7260951214065058,0.37626646599019953,0.5023980258294422,0.8019319937750935,180.22658953773077
0.4346189800539594,0.15753379187684957,0.04742195416932371,0.4268976081723923,0.0008170719804841964,0.9441487175730556,0.4730674011529913,0.48872568899758817,0.8043855463638584,0.5692642037716189,204.62166762047792
0.15082564464720694,0.6452625496704903,0.2573445187227601,0.4730820531204798,0.6908664663732013,0.5144130992840906,0.042111867104070666,0.7099324438548735,0.4544698014358508,0.5032273863916359,164.59265188083532
0.8450142336349173,0.7091362671626914,0.44582024119781016,0.4863049700503047,0.6825214014868763,0.7857558205462314,0.550886248793211,0.09703171744204853,0.2359688114963353,0.44957830717169667,160.84211123158897
0.216154604783371,0.5303179007340606,0.10975760092720366,0.6338262103424633,0.7411277592776834,0.24763286724089084,0.06904716540324518,0.9131166827725982,0.6062767442860825,0.3632467438325224,197.2832228168039
0.2843460189877327,0.16032957579315577,0.8280479123819047,0.28288546668442927,0.8998818156588759,0.8499379435687416,0.04115814159949449,0.52726584574016,0.4940668785328767,0.8083116383719761,197.5063000737835
0.2610838516160343,0.44600747260251916,0.30443964636141996,0.5796317117752621,0.23891528811100016,0.5375644972512609,0.05811999325539463,0.42235522559384997,0.4430604943803518,0.9313451730414314,200.6486682829664
0.4758934727747046,0.008426922363944933,0.8871401263994005,0.3979970991652231,0.9655090764188502,0.3639354253717708,0.16794691278477936,0.5247790219588463,0.8754978653480843,0.3065504376358127,167.42918987420956
0.08134105252586421,0.13020975206125573,0.14944862455890406,0.6742295431950688,0.9132379747847682,0.13769884548472955,0.49330023039858795,0.113859867228566,0.05541751943412265,0.6825356164218648,211.9829204687855
0.9344215736792142,0.9515893120411718,0.37834792632157754,0.21206931302699317,0.6878811976313948,0.09591641938599815,0.19673962495393593,0.314257251424245,0.7329175426867376,0.7106923257600815,173.28587715838762
0.7676612229196295,0.031355667479140426,0.7544972038840144,0.7344324291876203,0.5647646637640232,0.5032742549781073,0.00010392032259587403,0.9660373567490567,0.08371196684554594,0.7267747820403669,221.46614068165286
0.48546104963690284,0.03418170530231812,0.7818738592704451,0.6855562370336171,0.8832178941880476,0.018282438325378902,0.049663845757538794,0.3684218314716451,0.433505150562707,0.7290437914770481,185.88515057120247
0.5802930532533617,0.7596593052326661,0.2806786694202452,0.11715927159319417,0.6937720556714247,0.2561358413029313,0.5214941118434222,0.8842891432072079,0.19758237428300607,0.47719054724063026,135.27074597236
0.6764420799727766,0.4788562959742455,0.5422390540320177,0.20141994233143146,0.03894425296086468,0.4458432868308678,0.8516942594339888,0.620320892546151,0.4468513412831706,0.8783070590308838,180.14332014626646
0.8630705100213938,0.34890047418655223,0.5379337351603073,0.18157155891124488,0.8394059547398696,0.27271690930296344,0.16737834092686843,0.5411395124227439,0.5116637308403961,0.5064306749399359,191.3695267179645
0.34475092114461303,0.1952846455366365,0.18167261885499486,0.18113492942100895,0.8364093803833537,0.40975559614479085,0.32590716225308913,0.10978329204606518,0.6697504342267178,0.7316807803261732,172.97607638272007
0.6504680317586221,0.9523384459355593,0.09303631186354488,0.13532502742070052,0.1715030075090509,0.7095070603160416,0.8876446830192196,0.019781920440985257,0.6659892306271789,0.0920886952215566,224.4068350807908
0.038673623824627246,0.2608165301125005,0.6262849911215752,0.027606961770611615,0.3912128217181301,0.884252637146649,0.8552052102751854,0.8617698771154128,0.8975720342909069,0.04310000104044698,232.03894752840412
0.016853726988403817,0.2341278977955653,0.44756172118400184,0.04299228967255542,0.03213874159496055,0.08402524334850481,0.40338864161077637,0.20213101664241728,0.8849689855504075,0.5867249459035248,189.6499208661782
0.0673761996945661,0.25635992475126235,0.15070963972889306,0.009119922878698228,0.10242498178172021,0.1727584829067209,0.7311505804598984,0.7650120085180849,0.9846221535942037,0.9031879683892295,253.6404770587196
0.17745281704382554,0.7851572538462689,0.7833064517122467,0.30149008287300416,0.05681227784101206,0.9068408614746846,0.8248657932726804,0.4821149526530034,0.9713478517326174,0.7552902178821576,195.88326828064743
0.23687270367189528,0.5376899571841096,0.17112909475287053,0.4613004983092409,0.39452689091700843,0.1983345017392072,0.4350849016272075,0.313702490950139,0.28591586820752135,0.7380905336392662,155.30020865455003
0.9200567939119384,0.8029132488807457,0.012667498057440829,0.7691405377200952,0.1703852831766638,0.49217274502622077,0.15712491561338593,0.6852068440444886,0.9273064970263895,0.9340097389617192,228.46618340227184
0.6459779310974251,0.5029405958704355,0.38968626983066756,0.31959547132070587,0.2336972784916831,0.10363099891194405,0.7561021879333223,0.04310881453110649,0.06699327644866171,0.7206585658980383,185.3259337649169
0.29825231685980325,0.11463302618483517,0.8922291163095307,0.5825465616309922,0.18440099322304915,0.99905802837629,0.64199633309271,0.020506818988301423,0.619754152598133,0.222589628137979,160.29867091218534
0.17081582673618168,0.5051771430733826,0.3660248981073626,0.8510054861084724,0.246657416151421,0.6026797079932897,0.02203967565172371,0.8371960022652082,0.5445990052876903,0.24561780745617634,207.57857060901114
0.17268223507725022,0.8201940097288385,0.26792179057570487,0.35831881062586923,0.9310449520899892,0.02060302271396186,0.5395090955142193,0.9216274784396898,0.6799658260155936,0.6061613661199097,219.6097769279849
0.919525885998336,0.9075880018377315,0.8167289545286549,0.3260125970200328,0.4797135467304221,0.13513295595674757,0.13386041624152456,0.5050691713298014,0.5598045112121329,0.02191853740390992,186.3088987464683
0.8008848892319224,0.7855224911612066,0.5925708775399596,0.4776798948302784,0.10375027610202525,0.8856756323320272,0.3845527630218051,0.8688996308231413,0.8037197905316886,0.1622909197447141,137.18475030714262
0.3422103254447625,0.10943415758846442,0.7729539964463824,0.09908529744775407,0.7414205161355909,0.952473954870878,0.959927020437206,0.12936285394293667,0.8976387848345817,0.9153352081462672,236.32245631793984
0.5328141748237437,0.6034463685618492,0.18547845183068068,0.707664838033255,0.9199361337239695,0.37965531137715824,0.17876873772348223,0.0526590680204051,0.4093307529027489,0.08154423111754439,180.5181824075984
0.4464827499042512,0.22932903845421226,0.3185460300878209,0.44464389181604125,0.35511072149401024,0.7671864917734226,0.7629707472928917,0.22110462810164733,0.2807647238713519,0.5414288663962752,169.85232818181905
0.2487844104366317,0.09133054499080362,0.9671254455177607,0.8863078022941075,0.08313333568081427,0.9494271016408055,0.4219416406615931,0.18614850117903436,0.228103109509028,0.9216052908079492,238.56614938135743
0.898718527276931,0.4275394023678559,0.22053103232788596,0.8206648794317645,0.9912585406355502,0.025284296057265898,0.5102823906595277,0.4242617112036652,0.5348263748028426,0.5052087971646919,144.36812329987617
0.7798373311493987,0.22689625953816595,0.09947007856918422,0.06438392630169842,0.6970184654124787,0.175207872628784,0.392909640708035,0.2048340526603757,0.6544657491513346,0.9088194063602141,171.73393207109694
0.8255259158054755,0.47144692755156825,0.0283264239399037,0.04059923293726986,0.4270341911095279,0.11605439126561001,0.9886559252458014,0.04633853873489857,0.26640093548781907,0.5799025604760155,222.16220202856158
0.4049627615827478,0.8061181828457537,0.8846493279592054,0.3214739847943573,0.032270430299920605,0.5441465537959201,0.4502748898783274,0.8680547172160353,0.8913595393766991,0.417963960563706,154.07262151899437
0.7050148449332286,0.6815741493727513,0.524350546155364,0.2947761863870686,0.060399313895078355,0.5210024728570352,0.5869642865027417,0.29011639410013335,0.9883921536582592,0.6247021773804624,128.03978156867396
0.08859105517423649,0.3814771867173721,0.25623984143002354,0.6447629919330958,0.17821397391623361,0.3377331149791849,0.7090669796215693,0.3295607430058881,0.9849916872466411,0.0651014268199902,210.57880871636985
0.1976085138895165,0.12371830052130317,0.7164446357406928,0.7939214899546122,0.008586708348210959,0.6493196366439741,0.1249177571612442,0.903091056785922,0.6113520227091832,0.4160390555525011,148.52022228858925
0.1221727969504951,0.6413333331621693,0.8205255058518621,0.8184606398413301,0.4530778240029708,0.041819176287619886,0.69619559329106,0.8219425967519031,0.3431832919568151,0.6965731640226964,191.92237324761024
0.9129198797884259,0.18704806653664607,0.2822734695383311,0.8255429649139825,0.010588187087645196,0.9409166107533311,0.8430249919110686,0.800043088485632,0.2233360133991832,0.12762280761352585,225.75519015446667
0.7448163926861593,0.9790426860424124,0.005341053932896189,0.1064473116725202,0.3685257261450201,0.6682849367599687,0.27158976528896417,0.567234446011179,0.6483923686002482,0.14364173610018316,213.59020420298225
0.7244658581120015,0.5546086901066447,0.9112931446809494,0.15071583701988822,0.77483482746992,0.14662754101008801,0.87382382140834,0.5009295785532036,0.5803245645662903,0.035220951727699124,197.66242088901316
0.04977920807836533,0.741676746198868,0.4040784946326733,0.16673109651241969,0.021853754969027306,0.09604855135719037,0.15760683213981463,0.4494618293740952,0.48321739628386406,0.08322873050134738,229.87783812994036
0.8908158665128059,0.5899121171508297,0.7014928162876105,0.32783272926203855,0.25132317519604075,0.8232907116764295,0.8683564454080024,0.6032489588273751,0.8720012640984575,0.2721188588104556,152.0763922684719
0.02203856603296639,0.4721621957825156,0.637546485045477,0.16467288306225392,0.459938951492325,0.9173221540827403,0.0773610026750392,0.12259376517565934,0.0844326633880681,0.49945965559157024,218.22291730121123
0.13200216945089083,0.36556236066555103,0.8499820635230506,0.8941022774453858,0.2981083106880674,0.5182260374826964,0.6164692228100676,0.8353382463052401,0.029902995816016964,0.21656182046631955,179.78348192902735
0.8946966026335731,0.8307233097743356,0.08020571969495605,0.23375553830623885,0.9619793018651189,0.5831331376223289,0.8864398649675671,0.7401348846299818,0.007604076529033055,0.8776671970959568,220.23222912974433
0.24637398943362743,0.9484965970337772,0.6290720831903673,0.5382552410089421,0.022773447085890797,0.7139957502215274,0.19879833986672935,0.041242723081782784,0.1400658717850931,0.6467811048395252,231.86976714410645
0.12871782194310644,0.4825085095645334,0.3875259956747986,0.865442463946618,0.9062435047609435,0.4468123462057123,0.6569593013169734,0.1365291121211103,0.41606091849740234,0.4113850318109885,151.71612075365556
0.7937456056110668,0.314546122265402,0.45822511076602424,0.7920376643012411,0.5866960370909121,0.7248269746123459,0.013289058860034064,0.05986809222672895,0.3305250446450493,0.13132394387986368,166.23277345070147
0.5976275347312983,0.5177091084026959,0.43362972474995054,0.47849156190938325,0.9015448221110379,0.9247192013884488,0.5461580213053268,0.14827201022594172,0.42387326657942737,0.179408968688323,166.46947238630514
0.9054705844463429,0.5698961198150791,0.3836180388955093,0.34828624758273097,0.732867350670724,0.7189158781110236,0.6448719919445731,0.6352554913014677,0.6187218124388729,0.7817397102401126,163.20905540323236
0.9062064780767406,0.7210901930670055,0.9353567288500794,0.8441370507111121,0.9254175446002556,0.6172232442309142,0.2571912515818938,0.32704700701753164,0.005847202805576934,0.4693800715181825,231.5575094882878
0.24847763746453355,0.9557746893234863,0.9875488817828748,0.4188807153636773,0.6036588819191202,0.16843313796893322,0.2638062746113491,0.646705868698318,0.855230022583311,0.7624645454536375,221.9503025901173
0.060202155152882963,0.20010313006016045,0.3707836933651598,0.6980559928533566,0.2936061227530382,0.032986041622741435,0.48155012313434575,0.2418440535755837,0.7330262995500789,0.7500047225837887,187.4824997772606
0.3521790021876955,0.4885341033479017,0.6662443545307244,0.010922211386013903,0.358068398330469,0.20827008164086225,0.4277882676927177,0.6242183618760484,0.7603868602326922,0.36162494880321794,163.46099872062138
0.8049405574810027,0.9890287857199879,0.34921808888744565,0.2614548486685917,0.9036671157206897,0.06535905075019577,0.4183951457637577,0.49968659284900563,0.04504274393939567,0.37482751413961424,201.05903271735858
0.9276735669290584,0.5598897243228996,0.9721752555356301,0.04635487848615216,0.4361115518665498,0.8882977843527308,0.1264007363030153,0.7991915054847167,0.15080702336375174,0.19688655966197255,225.9778394822635
0.3381888486748602,0.662643590569319,0.8453275282146865,0.9463026849709589,0.04468039355920661,0.08315087992469794,0.8392713860310013,0.2908879206018772,0.7316458426021046,0.24610303560637192,262.2603030114528
0.2689448500618966,0.764630493537393,0.8867019775113432,0.17209591467171115,0.8274475539408331,0.6260240789581427,0.9880788993172255,0.8105170544457372,0.3307911203045736,0.6458209559874409,204.2155870252382
0.788651027580912,0.7051882399940647,0.60981705784733,0.2197950363545942,0.7525818066827973,0.29547116441188337,0.9417600527139499,0.5546448028088349,0.4593308168314406,0.15893168424401594,173.41087282579764
0.47102279234106015,0.7936158505809005,0.10776727298771072,0.4807752849153859,0.18043554373514437,0.9023666301322252,0.5125934730325934,0.682763929520054,0.43136772990095584,0.5431271128146915,129.44002125638562
0.807744215100064,0.7275033519277968,0.3926408444056335,0.38322545042040523,0.006208580233483141,0.8276445443504417,0.4325280668010584,0.75273770467945,0.45442782111631475,0.9181748913368833,188.7570773435816
0.7755969318201772,0.5534608953632044,0.25652627405293604,0.07796368565262846,0.03829450651472399,0.8277244607099619,0.21120732758071392,0.99124819786477,0.10693281596672688,0.4483684501242049,224.88668915369715
0.062466618281491026,0.9466546650108418,0.8494565935278213,0.952822505881858,0.6698201862875487,0.1430662788575694,0.6755774776211106,0.7125056162083956,0.07055347897419428,0.35058484727000394,272.2199791806568
0.2427228833533861,0.5405616632465321,0.4165469093723895,0.21955680465132954,0.29461500350221603,0.27540236247690675,0.5662793042083359,0.9985948171928305,0.21314887758092704,0.15561718775134237,167.80823792368943
0.8300413764202521,0.9021940006286744,0.7624890221734503,0.060293272782027674,0.5408460983553445,0.7725946881532902,0.6337235259491031,0.47797568951635716,0.9130333578041838,0.752882957054318,222.68496171162303
0.5491549819797343,0.48543067782057325,0.8190893387214808,0.685269901653767,0.7774718508642533,0.4588525686670629,0.8053261252212777,0.25919110772862675,0.7785993937460132,0.4412220522123297,152.49166883815937
0.29675669688553086,0.7285895334133197,0.866718999281688,0.13911504484644766,0.01658706441934965,0.7408037304562554,0.23752868151631823,0.6757265789256938,0.1513333231200784,0.7469961713027424,217.35028348280647
0.39347581203921944,0.7111758290573682,0.06916418669059965,0.1495862513443046,0.44209535712479775,0.47124977594485196,0.5670023210819213,0.09478965833340303,0.2705713717102213,0.5361604596287555,187.1444989058092
0.5786165962910875,0.9439527031575247,0.9666660657257358,0.559222070342833,0.9844424972380027,0.7766213254756527,0.45942350179480484,0.5540143866906728,0.8991270108694851,0.7472493017125738,217.66758921582647
0.5020210900849408,0.6064682654267299,0.11110951674171299,0.0760293263645685,0.10529057290344046,0.21995677110730705,0.2936858341206082,0.5662619961943217,0.010800287015397925,0.546563253863659,148.1091835933007
0.36227748136600124,0.558340865839575,0.6545169556573482,0.11738810353495344,0.10787024579647575,0.8839567251106705,0.31232379661352816,0.9762466813434553,0.5824830774731231,0.7717002983515947,161.7184108094831
0.9292581052148169,0.22518824557933825,0.28043321113071995,0.7748387069936575,0.32328025040762187,0.835360824887008,0.09533855484132236,0.6645597447270989,0.9593090349079006,0.6589138646696575,213.16395667766238
0.897136908575104,0.5065962037701515,0.9408069873279103,0.6857587179695732,0.6156088141529974,0.33979971927834773,0.08510444186673927,0.20761054081401287,0.040683818595251386,0.010693818399852839,187.5509023955181
0.9105105239932995,0.5752818080523265,0.0103472352173265,0.711624134420121,0.5341527259113178,0.31418661060067754,0.5895068790828697,0.6792500782939408,0.5249984570289764,0.9587164419383121,146.5891265801219
0.8042082800376517,0.8588905270919962,0.02084628932505206,0.5625570034103331,0.6508048074858532,0.7878970510100681,0.6767835969289755,0.7315926162605462,0.3911438410940433,0.3727655932167956,164.7819312616519
0.780933576061262,0.5132694381321272,0.4591216085557509,0.16659649038252355,0.8973862809215658,0.12266717719304598,0.7742887784041725,0.983304568096596,0.5528423754885112,0.12304167584146908,177.32932063251468
0.7771966094694445,0.8993430010786765,0.9708821660634173,0.458978540279528,0.7331942501880979,0.7487378296452106,0.9396793902391852,0.0967541376602915,0.824515013973521,0.8391772328016444,246.07260831019394
0.22380692329873964,0.9973951136324201,0.010448010212753656,0.19159942628660143,0.6149645519018977,0.4020895433313384,0.9536008197701827,0.33142866508398117,0.9405619002573968,0.03317884807551563,212.0145369510687
0.9587137443237783,0.2607768978367647,0.8023835698078352,0.9656819085996453,0.8363882733689726,0.5013161707352815,0.1773661380386815,0.23193136973169104,0.22430187134820168,0.7611940138084452,212.3930308875175
0.5915395930549766,0.710564897563365,0.3952696988833653,0.7203175431460495,0.1231218635350183,0.9183738168077737,0.9905512823757088,0.044579414501520365,0.9861425571583192,0.8766641299957687,183.1925068084975
0.22701339851926183,0.4165858312835159,0.38553342453400485,0.9724398370389538,0.5189635344981828,0.04849068491727837,0.8232229918909163,0.5769525461083068,0.8579971389805,0.9763898482695893,187.5456109891113
0.3183573292183812,0.47949185730664046,0.952752703546121,0.6759684156356858,0.17672087246198243,0.03154115351029896,0.7802411427325008,0.12414424384573453,0.6545058684455136,0.6909041648260998,173.3218613519774
0.9572137692471004,0.15785484346829715,0.25685952872900797,0.28148718582336796,0.4835712214679877,0.07688181682814388,0.9617719783505166,0.20208717978489232,0.022999629941335642,0.34186950498130053,237.43502102373444
0.9718237624148618,0.8357377518514132,0.5751718753687184,0.0034915429891250183,0.9325888388853418,0.050675616359780906,0.5387710916116165,0.36317258711969036,0.5487126423934133,0.5697436130574778,245.1898792971144
0.4330893689319171,0.7590534526658042,0.11665851874519584,0.1119322419943316,0.023020612740475066,0.9452288217777036,0.33052130904846866,0.3399142432040829,0.7450840976442108,0.023033402651683854,221.79952591927787
0.734601847954328,0.9308501715361349,0.2689315085530951,0.14490367221100042,0.20977084174104188,0.49457394197598703,0.8697547316098023,0.7282063802844078,0.8944069727387856,0.7182151710590573,196.90970225228148
0.6905553849314243,0.27277136674420255,0.01839356338959175,0.9768276065879463,0.6456907454823531,0.6041401442392094,0.48041835720833315,0.7395300112151435,0.6267128095227983,0.00020832604221643347,176.1985900877333
0.21707385513959954,0.4376644433346658,0.7191415936980595,0.7781869045730936,0.34832844515115213,0.17913715322428947,0.4168437969805189,0.47167123517863885,0.799358031239319,0.4375250729186061,143.48674870633334
0.6104564945572394,0.33183223193813616,0.4052719073304345,0.6621839733608876,0.012029990836797566,0.5924763380492413,0.26757118732099383,0.883527580589445,0.8246585754711624,0.4455658419429164,149.44497186680553
0.9293739368915774,0.3212940877487267,0.05051129320667558,0.4157994754052827,0.9228819795650036,0.20137389499424463,0.25210849082604836,0.6676537564533479,0.5372596171296213,0.8197926175557603,213.80542840363086
0.47651232922866116,0.39248797665981383,0.7957951945808941,0.1128359969722671,0.915631183384001,0.26473566488075284,0.45258663923364106,0.03505560965050403,0.011097946294648775,0.38264985121087747,176.32843481137212
0.7380237211634673,0.5873739870254433,0.5223624826889184,0.09551232071383009,0.07544294664817208,0.7616013430249563,0.2639287773459077,0.6908247224373208,0.5362870983793704,0.5136503566612615,163.29830413696152
0.8834290270766428,0.6913350191378106,0.8782798615673706,0.2584065152879762,0.0858445955233359,0.26142168768602947,0.597712836374996,0.48885293405515173,0.24030066657930604,0.15108706377105685,175.0478592015893
0.8895626496194559,0.47544884553838185,0.8818934412384697,0.6875642799238876,0.05101092206433899,0.12326972832876826,0.4633298368957435,0.6944427425929243,0.9338677703556987,0.10845689039750794,182.16385915571055
0.667768188904994,0.5668742262549182,0.8729075048860725,0.020705085972705928,0.36056402631205586,0.15890963031207483,0.5730577034975597,0.869556464488295,0.24237683493674722,0.8705426025868599,206.67596570014908
0.8745836384387987,0.5493511559414168,0.8067074827796763,0.03727997000285954,0.5538854865310138,0.5211465261646586,0.2964971492895685,0.3635135168811673,0.1156653232841649,0.004884694472986895,182.89001805189292
0.25482547395547406,0.8918324354081922,0.9338485243433119,0.09802941686472744,0.45054480489076876,0.8830785117261918,0.34725429962168197,0.7127274748633662,0.11308493257051344,0.9867356382239837,210.69759054528643
0.33319178292876483,0.946899546597432,0.36695161000233634,0.39485375869057304,0.46905149796829115,0.7026762909034013,0.6420868515097872,0.38051295403004703,0.5407698879801128,0.15694113975023283,178.30046077694286
0.013034645494822472,0.22910282580381536,0.4642425587212937,0.23904460618584522,0.08439400981863698,0.12680380725436535,0.4233901682338447,0.2246301652544649,0.1681096943868936,0.1947127109218828,192.98031144562574
0.8983655654709997,0.976273967260981,0.6964503116670637,0.7063811149960638,0.7761927603787069,0.2339653082696247,0.5912200975821683,0.6037451438194047,0.44801848195282223,0.16543335354860456,142.12165367220194
0.6467199427346287,0.8366590457977219,0.29564139242000664,0.3293835083510651,0.9641130719937743,0.40175886220836654,0.27304556830387217,0.8503769115025933,0.4086820342202987,0.9186884783606243,189.98133753856786
0.20422946092110406,0.5485452352166656,0.9442137287365749,0.7770482649997884,0.9404490817354102,0.06516097158191403,0.8413364987348377,0.5745349197399636,0.23666443023563966,0.20983306773025667,233.89044985624636
0.34983124690085055,0.8632494810817095,0.8924648763088279,0.30996057505498364,0.5421844818055833,0.7408092007171712,0.38315040510900134,0.6786960405117514,0.8972333338544746,0.41639808414167867,152.19259947007956
0.17729540163479085,0.007775548810213473,0.10627362038378518,0.9411838303397259,0.6504084089598472,0.5196254530605049,0.7917538311523556,0.043874104345233866,0.3128450319839975,0.7306817202301551,208.4942474995908
0.7956197034872019,0.9312180762739019,0.20217567087121047,0.8515471420562869,0.9499228244105992,0.5983661029354899,0.5453409627969013,0.2970759522889628,0.18715709307340622,0.48555945789984356,175.21988332404038
0.353798278049688,0.8582853849150701,0.7709886693288999,0.9840285061656925,0.037073082562360526,0.30697863579669316,0.3929126954597757,0.041386835629920515,0.6902877725198004,0.700005641707945,176.07132387879685
0.873653658758288,0.29189194189871315,0.06438944553006598,0.2584409223407713,0.07208558230694273,0.5833720730895748,0.3202734261150205,0.7146498990912772,0.13199004601077735,0.3840639708429213,184.82221172845618
0.1598297936074864,0.9515524702985088,0.2021724925117574,0.5258135796293912,0.8601431966269671,0.5865858820528763,0.7961561183667699,0.18539229504027688,0.1548551303649548,0.6028518023115453,183.8890805026299
0.02965384501722168,0.3994268099533962,0.475321685724175,0.46549029084194204,0.5272443864157955,0.9900439920124927,0.7777276613580728,0.5520131402553448,0.7976952715522101,0.49497329723196304,136.79536127408085
0.05533912615811598,0.5711936559211109,0.5616122846658151,0.07198247747329223,0.22896813031443664,0.3108332974821978,0.026162911560004387,0.899640611370334,0.10163558757202307,0.39980690265770924,191.46867362593275
0.6984634372836086,0.8173979259299627,0.8734259698467116,0.08826171518461423,0.40292962736708215,0.7332660509112675,0.5646463929645426,0.005427829523111938,0.16746233274000044,0.4021721312462312,168.09709670535804
0.9932435896143899,0.699268502477719,0.3361535276870261,0.5787221247399628,0.5778030220934801,0.17880498702436098,0.21801059775909537,0.8494455222488208,0.39476153569061057,0.37484957225449034,144.1727659908823
0.5027492239351166,0.9200077559447883,0.8048976156688502,0.6026499076079671,0.23685994673572042,0.25838033690187134,0.6141872219424279,0.06396536593923596,0.7977264635386224,0.8439224105342288,180.90391686997324
0.784029970543775,0.9979764775053035,0.5421417624590661,0.043371084608916366,0.8146219828086778,0.08636955691754022,0.33824344129049955,0.6428567077122941,0.21781463169576987,0.03576920694144248,222.41725489848557
0.8486518150470829,0.8118611219209304,0.6444524540761907,0.6415638003276937,0.8517566526711312,0.39690526123957803,0.09351149966441075,0.375526611687795,0.8515852989254707,0.9576718507100737,227.07796964894084
0.15930038051490536,0.49691598921763647,0.8154105189743671,0.605041034832736,0.967788395935537,0.45776283296768294,0.12592791604326758,0.9848616386476852,0.6978790238559792,0.674404592236155,163.43958484791008
0.29633302589012867,0.9383867615605807,0.9706510194877969,0.37072484698460306,0.1707541722543806,0.33484492084441697,0.981788941219116,0.23316576863883554,0.5263892819706656,0.1553972514330647,223.2630579258362
0.558312947901602,0.4383137092122924,0.8436383739520005,0.7348046214286043,0.16808622658354844,0.551899073788536,0.3441732623163628,0.6596151172021774,0.012475935304796515,0.061219455453823346,246.9639378659751
0.14439179964315574,0.5363530112682005,0.861292780268749,0.18067848349608062,0.5206053817526385,0.9887525213840301,0.595822609044798,0.45886445233659257,0.2710784476886797,0.19778689825814577,180.433943175072
0.3193025864323694,0.8023780235442811,0.45446185105378756,0.9030377477971215,0.4595907256780989,0.36788626358499965,0.8645545304060628,0.28534587789055843,0.37538106597540033,0.43141093914808415,158.8632034541393
0.7195460760490182,0.5954635212489547,0.4905557417050762,0.8623030611108291,0.42269595967166707,0.661522920893129,0.9784948436151395,0.17535736399518287,0.30245673111401794,0.07655482118000811,160.12055766503352
0.2989461731990751,0.8243238880123062,0.9927899542205602,0.8131149157420438,0.3381971054552424,0.7154480005039813,0.10372088586987793,0.016561210640092416,0.36859066489223025,0.09904831578597473,182.68771562956704
0.8765990114107846,0.497422859733081,0.18231670169195346,0.1537128403397401,0.9690622497746086,0.9190787497090142,0.8348749569790935,0.32857502196100896,0.34789805608285207,0.0949488129735544,219.04028779090012
0.3853184964515861,0.8807644191498246,0.12445425129581766,0.3079787421369825,0.4548787656877794,0.5953938620259661,0.5315939086170339,0.685351885319263,0.7196322819611406,0.037612150819324786,136.6826470134078
0.3400136603655505,0.8361219819974371,0.5600376718122464,0.3650584129011437,0.08215983673069771,0.06675662044080233,0.38032890537561337,0.9958000217660952,0.3525421871667649,0.6032612377336232,217.3964187708009
0.6898664653177398,0.2825571954470181,0.8138122958998609,0.75333321952841,0.28970524759599203,0.6319924581028818,0.5926082328174832,0.5593948356041477,0.6641643996659768,0.7038497515393618,130.10289926828438
0.26919311188930617,0.17211782543904108,0.2596838564353404,0.36754801632392164,0.4887062005382117,0.3712283427522113,0.21094712833852558,0.25309181428246785,0.1391273101328988,0.5373998314977428,191.79460758518158
0.4755769150240474,0.7847162931108786,0.8423392579746884,0.07773565557445106,0.49707460107941304,0.7684942113733914,0.5782780391716659,0.8430635573474355,0.5482139786840703,0.5763994444016237,171.780719492381
0.5105720612260298,0.9997599505717627,0.746161621568866,0.2066703295296286,0.8449357104375006,0.6337238599919801,0.9341897236692575,0.8161221465969103,0.3566132003922575,0.2752128228008537,216.61250454436123
0.8020756396630667,0.7807492538513223,0.1275799875536967,0.15849040671551817,0.2678489951115932,0.6864082961465009,0.8160913026911131,0.06593632322900245,0.05960963560212662,0.7565689700686605,226.3764735851109
0.4543013663484492,0.8622032484219387,0.9214877233078348,0.6301321213577428,0.37849557196853467,0.3624821232563583,0.7424812404484442,0.6755656190232471,0.44949131870830594,0.02651352005516927,211.56250840833582
0.5153007763578554,0.9860936602625309,0.2962779903922965,0.2710324219495436,0.4280490462337678,0.6432879798495762,0.18618923745866467,0.9003929949531706,0.6278913344768461,0.7520629820012792,167.0938616790246
0.46725155424449094,0.3172574268118139,0.14666188433086425,0.6190147752814091,0.41854449351559453,0.9773182123480241,0.9031494721084027,0.896725541612383,0.6270757147302221,0.5261557995321227,157.1695306917029
0.18837507279250965,0.08392173917638945,0.14238935190623503,0.9439664969265259,0.7478815504245774,0.4955853639435096,0.02046961879224496,0.8019236887603809,0.3071231369768007,0.6385001289268084,202.4280253557729
0.8732902030559386,0.13293352125511582,0.5843434655312029,0.4739428278764449,0.37245829428930477,0.546511444568898,0.7949051567276739,0.35087576570564405,0.08163181709283862,0.5252400033726482,166.8439220926991
0.7466220070135412,0.18030715603068792,0.8696846966966328,0.04471736367287504,0.519763316430593,0.05835248043669983,0.528726353636106,0.6967640595453136,0.5994934128136404,0.8270162762023365,200.0493217798781
0.947126123165974,0.002103756876341789,0.5928536494964043,0.47996548820076046,0.3657330319553965,0.5207810580568847,0.5678388574859944,0.8464144486168819,0.9910768621216823,0.2742977973217322,193.51691746519043
0.8166306976772592,0.5014865699025428,0.05505670658481521,0.49124822349740793,0.4185792971797757,0.7105222256041799,0.09861768389870562,0.5811824612910208,0.5617189541343323,0.963405909640878,151.46942519466128
0.8305748689550855,0.17412835284474193,0.2278605932200911,0.25272164176021805,0.23308159889604452,0.19832584692069655,0.7634586214854234,0.9021258523580767,0.7980175863768595,0.38579426347303625,182.99967992323118
0.9080500336006392,0.34687387195487085,0.29914328303396764,0.3977554335927178,0.20723465620050174,0.8573652776177754,0.6779117667029292,0.721050979737202,0.22697712883852983,0.0887989751747047,154.02880885213136
0.030452169580604482,0.652582954721461,0.8088561545150948,0.15828236650442928,0.9397244707578731,0.41876783856799304,0.6687816397565013,0.4050574389596726,0.9785329844508263,0.2332537630875785,204.2846227344058
0.06807020953386522,0.2644786780847802,0.6225403269940889,0.19642799336418681,0.5865250267867423,0.412831084471471,0.4677348469259186,0.6504122027652043,0.23557790060281003,0.7167965493004437,162.75656859022928
0.3595279909749234,0.4436688241569783,0.6463010550732592,0.1180881578349543,0.2587148496214585,0.623512628114548,0.47095765981079774,0.46548280167388534,0.9612650105793222,0.3546813887240614,203.41353735904568
0.9648841182085929,0.17028363793279833,0.7566768110838216,0.16407939263142968,0.9903382053482827,0.25862892041397345,0.5951950709015787,0.6775734880713725,0.8917061931071505,0.7959937626850805,202.4452508028936
0.5542985024992665,0.6460533710890449,0.18721640029318953,0.6770057406090719,0.9989004153809267,0.9672692186882277,0.26924646917877926,0.8466495234647945,0.2928961717677643,0.048184412650134734,227.65469429870234
0.5228345587787477,0.1853440078243238,0.5949992368517235,0.7816882038611911,0.006841822535730624,0.3914722002709121,0.5651949599211306,0.6466666070860075,0.6135804795103286,0.10013665607951794,131.4712725164613
0.7452911157662386,0.41073398111593484,0.47888699472636476,0.28601591832507367,0.8317054421393953,0.23492856082622748,0.01964695991710841,0.10256380209556581,0.3660073344978696,0.28670584791151676,169.30819094357454
0.6894276021876115,0.34841543929590535,0.3711217942947378,0.9719119314030671,0.24359476310193873,0.13711535106988648,0.6433589680600078,0.14058664258064735,0.9646043712713697,0.02940488196864499,231.52564231737244
0.49668398151014903,0.039610434400105365,0.8480130007877068,0.28307853952070516,0.06354080626560044,0.6041705056154103,0.7172613391564291,0.014502226691571973,0.1987529436060289,0.26526791474531386,194.66264362589322
0.23032156430940398,0.5297722841548668,0.3370592774370329,0.22358060295811166,0.3883662811930323,0.4859223783599149,0.31571820394147454,0.563633712792068,0.11854219665148802,0.7813618847929463,120.2646735850472
0.10753265289855507,0.5383875177679298,0.3612775756050236,0.5079220615834106,0.782520560937042,0.6665951173611958,0.350271576670671,0.28613981246209863,0.11394233939149234,0.06001058742516774,172.0607765883517
0.9175882837015082,0.1867976544292359,0.05707902061972592,0.4621252611575417,0.8151669485920758,0.7442234878779761,0.7612290299850891,0.8262414282903937,0.09024237702161908,0.2974428345706367,228.7809155787733
0.23626170344319997,0.7974923078027837,0.10921917758419963,0.11153224993162214,0.5824621018488418,0.39067225863578925,0.19135235101069048,0.7033412044932186,0.8279133454615605,0.1656651639359732,149.4773739660438
0.8479501813301777,0.6466110161806042,0.6906302482497175,0.518287123413676,0.7436187683065489,0.5868113712235535,0.6939802411558327,0.7748746498163064,0.3604164601689348,0.111029620560123,148.91992717488353
0.15884913081004992,0.33425486820212513,0.8304653138339755,0.3528466663870595,0.4616406724323472,0.14505331714551084,0.12298585792537686,0.06308353676908984,0.7517674937050034,0.6477286705457006,253.41878462962666
0.8207729353652197,0.6139526211099713,0.5975252509658479,0.18672354243955191,0.13014081032395763,0.24461874362925007,0.6776776722471274,0.9269727227236801,0.21430713684394298,0.06915139675962612,187.11004460371532
0.25473457682489087,0.3260376916362031,0.7091452832859158,0.8987366829817156,0.02009890490299704,0.48969630191872204,0.11412939211054973,0.7909844631009001,0.216724528141097,0.03459514032960109,158.54716209808367
0.09499528399709678,0.9891240515105049,0.9366622004908183,0.0037004594655527523,0.5523273978425773,0.2553197045949178,0.5261064752459174,0.6069874565295136,0.48959152360998714,0.2503493001072411,201.74415280531414
0.8323699924850059,0.4487433067247931,0.10501772839552226,0.5849886547422221,0.12016281491041769,0.3283473064213468,0.3064200382212644,0.8797580419980864,0.8211113690793451,0.8280829702727516,172.93653584830787
0.8360368315511528,0.5841703716935742,0.17817071795741113,0.35523649917440725,0.060116780400134795,0.046999258924566245,0.0010452317093890828,0.847460291473208,0.2814852772945041,0.5565082487795939,253.23754313706175
0.23749036589604167,0.6382426484236863,0.9336663684468149,0.21514112237511762,0.11730243882736258,0.5380549856003969,0.9729942849430613,0.1977617901278026,0.2634193659946219,0.13494049731450808,213.6440400043076
