0.10737397882558353,0.3632674982333749,0.5749355051202587,0.5145344400196873,0.37196060257284747,0.7182364823165671,0.5015540508555751,0.7105578818614846,0.2749865615677668,0.8615436436550904,1416.869760817907
0.8540584755655466,0.7496925731337241,0.6202511291409367,0.16772682058303234,0.11906807743166747,0.01550509223571972,0.9180181555132221,0.07452532631261455,0.38489452789547407,0.786580846750342,6970.703529224643
0.12063129162166253,0.9960388948686761,0.4267143440602986,0.5520063475224722,0.3758156791673234,0.39364545475978785,0.9465781384087799,0.8395204226394312,0.07107616369946368,0.6082781486792439,4388.598154184065
0.8077005964428391,0.9285925108581587,0.6458501690004409,0.6642250996953883,0.7913913043303363,0.6360348842288972,0.49173188409882784,0.23670310864525468,0.7963886370163706,0.3665634977701755,1194.1815332715253
0.5023733682123387,0.2704140960702184,0.4948961557808955,0.9993133497172768,0.5318158750687096,0.4866883440431099,0.4255933585160514,0.8355434902487107,0.45723726529100517,0.4515277207249675,2621.4623159901867
0.9871088518432373,0.24196474646470745,0.310771697244555,0.5422276166093678,0.6187275456278847,0.27593814911550374,0.6853265710232144,0.8692555219616562,0.5197820605816819,0.011212604603561105,3752.598372256316
0.33860010676601837,0.4950399913660455,0.39469685493506823,0.9486182872379442,0.0243832037645334,0.06711454955621543,0.4516707169573764,0.13298328887234734,0.30513150055488947,0.49089010317310744,7966.590676275862
0.3913371860564785,0.9199712296647645,0.20676481169715855,0.9325746134137104,0.5853192951993643,0.8202620086565695,0.7980711177104394,0.4414106373252563,0.2794124301816413,0.517248336481756,3116.041751118538
0.40653964804416753,0.8431865367765716,0.3466625146131386,0.6943952458081128,0.8252736106063941,0.517239603633126,0.11158937971664384,0.6782694296800509,0.07715768601625161,0.4503720053299901,3075.6562178236445
0.8782187725946271,0.8222845640091385,0.8893150311950171,0.6247892430007973,0.021435638748209973,0.9571803213474316,0.8695146133260903,0.6301939788160518,0.32646848355946056,0.10729821379092375,2429.9697187836364
0.6008941903606646,0.06015897419582028,0.15762728456690744,0.27372416925824605,0.49536763908807346,0.02293108528188137,0.3807250523990662,0.9716713890340541,0.7892531033994827,0.7596149660578682,6158.1305214152535
0.4663046722637201,0.5338118898464539,0.22728039599175898,0.8692898304683014,0.5677472987070785,0.42128623023422174,0.8076969457541477,0.28060685388251305,0.046847369248199655,0.6180441060363304,2692.2943830110407
0.45770823179568887,0.9038841421324011,0.7362638974966553,0.27990571992893254,0.22483483525149284,0.8806646243785733,0.11809947863289239,0.46951878091769106,0.6739600099696514,0.7702463772283834,3386.958705019988
0.6541051319612381,0.5366097990050549,0.9441956426734562,0.8233351330985968,0.5600839538358624,0.860077920111945,0.9032911453906443,0.9498736623648928,0.758600632379796,0.9005485874713437,1660.2743844733802
0.6105596127626824,0.30596802974220105,0.49337103864802123,0.9811210291514377,0.009887728285836173,0.6694092132552865,0.6243647134391971,0.9613938223870891,0.5403299976991414,0.24461179286213042,6148.522438382129
0.30455438612112506,0.09986870191764119,0.8481563723447827,0.021973731046784017,0.9521483529899599,0.2950810547018712,0.28334389122481785,0.47782799698127865,0.022550916789227382,0.23505124142550404,7050.285682173517
0.5870809395292489,0.10260033521178114,0.14050874581470507,0.5456744814666992,0.21183997025054158,0.5218462875809163,0.10090870705037946,0.8878947723430487,0.9861095645746839,0.7820218504344609,3623.6753874400665
0.1575726311527591,0.2139292393473765,0.4482674576239536,0.1673479311225753,0.021308239418708186,0.7284043523398863,0.7533477855344144,0.8536142508819139,0.800066586512865,0.033137968159425935,4649.139756836493
0.8754290927952736,0.9283552739473937,0.012352361667435807,0.8340428584706714,0.29594414075151787,0.2710127719877178,0.36630061794165314,0.3663276962260106,0.4749758973182471,0.6755989701492141,4294.984832497105
0.8838279155808785,0.8496957278990279,0.14304720347888256,0.46212734206208284,0.5359802403485148,0.3753942646462721,0.9503083379690465,0.019152899827845737,0.15154570952744062,0.028518206529690504,8742.65401050238
0.685328602661546,0.9908779131114543,0.8298556514057543,0.6251258128481211,0.7652915758093491,0.804048479307979,0.5353287027052245,0.22120055302094455,0.5439348317011492,0.05255135948599243,1824.075492471934
0.9392011718470533,0.011694792854223812,0.6360687446699059,0.0782105662154563,0.3072666847603296,0.09166714824589761,0.7479173186952396,0.465751340044957,0.7463710370092058,0.19177266409423255,6821.573570030862
0.8547537097704571,0.5972880600227579,0.3906649075504688,0.17291656931998978,0.27931405121947395,0.9340594932041539,0.683687599033555,0.6402622120105838,0.9920237646917942,0.8440797201647617,2718.0465527031465
0.053068589617351725,0.8431729990831395,0.010921647051663541,0.2553914726624765,0.9355671900638144,0.484589293079144,0.08903026538245162,0.9410363028677484,0.7366328487241113,0.7055754808343391,5996.549555791222
0.9361244407368831,0.8020455512666108,0.2697379678945625,0.1658846593285589,0.7555408648303276,0.4765245547688518,0.5275995647812859,0.43897068352880986,0.9833543335085366,0.7164489277744276,2766.809756389681
0.09998261232734729,0.7869811501497399,0.06542977987018839,0.9254500209598789,0.8666172678879439,0.6023082245017439,0.7819808991414592,0.5726268565660618,0.38188511514773826,0.3162168863776649,2144.6759687687054
0.5504994846805296,0.9044193753207498,0.4839063723239644,0.5948814069441555,0.18790285415615893,0.8423733507457832,0.1636570985813106,0.01855489203254579,0.47603080197593783,0.382770258454487,5105.423878946549
0.3903816547997937,0.5323483449504834,0.8071833191740297,0.8481100883108977,0.29600097675724146,0.06683456818173439,0.6597632412091974,0.4620079559475332,0.21718166244399395,0.18352098864481037,2873.808204380161
0.02877677253713795,0.2773691488114858,0.3856778784674001,0.5737323499563014,0.6562894104404035,0.20980451328917193,0.40636298667270254,0.23122397572387166,0.17092797587014152,0.2824222357454972,4164.897154534406
0.591225528983164,0.3961704374186521,0.043954582896329475,0.4770186881732752,0.838926343171064,0.007448753531599017,0.6728046514331724,0.3609622250874316,0.0616178321711951,0.3066247201477802,6291.762350822936
0.99037345291219,0.20317690482195916,0.21013965133284718,0.8299724081020724,0.3997298657471835,0.44297523332581723,0.47056553567838777,0.9156488541273416,0.7562031137577929,0.18598716376696822,4794.217901936846
0.7218232596994134,0.5814387322522109,0.7538535739720763,0.6013215169060099,0.7690079706726781,0.5012313229332229,0.7074551873093087,0.2595011453906393,0.5021702407538072,0.0031964422319796792,1186.1570774270447
0.078645745217369,0.9061792324863164,0.9917192940460073,0.8921469986110265,0.9857320825659154,0.41896377675939944,0.388907917576775,0.0667576062614087,0.7363281605695673,0.0016167472975621155,4110.134173402655
0.3336890805040048,0.7933085637783894,0.1358584839640743,0.11304762985741923,0.5637737944764529,0.59197365127428,0.8505506838191215,0.96958988368507,0.3549885126856309,0.5025927740307906,4549.251471023976
0.22881255322909388,0.5035732125032315,0.5792155240052371,0.4413015251875001,0.4907355353296684,0.4890407537874961,0.483146429949861,0.7772150343043092,0.4679472954675462,0.7780251964237143,596.1670739601545
0.8931167807818416,0.7247843988596081,0.41821220310585594,0.2986124310367194,0.8066429456478134,0.2996859913078126,0.6802584562157562,0.2829971323851105,0.9891976166150677,0.7281399779454789,2226.616553437548
0.9729204534459666,0.5695955971853354,0.8950321891118092,0.3231391798350527,0.26822188912823,0.7930322448927758,0.582388495390957,0.7851437003962141,0.7119825662018018,0.9689237922389203,2933.815042088005
0.0069185448389772475,0.04488830762103524,0.3631403530225432,0.16955187506301017,0.9990428552864433,0.4342862160744587,0.9489084907885631,0.32172880806300186,0.8696695126302889,0.9441658685648909,8815.6617483311
0.7508202667490994,0.23556585385280016,0.6524014083235324,0.8213371824780737,0.22210936734837528,0.4320140218729469,0.17796678308198188,0.21945215256036865,0.922270336618247,0.9141888114374435,2668.1288506584306
0.7045506633834562,0.1662560254733254,0.7265040971032134,0.6172248635458185,0.6035536202627791,0.3600118297412128,0.6043273910887904,0.5218361173130769,0.9185064138771585,0.3823950993655464,1909.022852005814
0.10557398806182594,0.9270433803763557,0.3455778740899157,0.1449828738082558,0.5260484515118677,0.29783034057674596,0.2273720359003536,0.4430007775394388,0.7773395860084124,0.8934173822057155,2722.7912560151362
0.053811610698691115,0.7392999478958864,0.30557478676683847,0.3765709593188421,0.5314361197692931,0.3260039025865521,0.25817891075874877,0.22208945840131267,0.005260493865918758,0.29643639950821166,4891.229491606218
0.9794179053829897,0.2035040885099466,0.12530455515108974,0.3342036174235147,0.4418217440574531,0.3334580288702925,0.34702318031162405,0.7501457848713059,0.8362827612870712,0.27977639506888197,5060.951475815859
0.25447933930109645,0.0682833643005053,0.5615348834147765,0.1469242144786903,0.9935771152801842,0.1465146066229268,0.4340748835672913,0.7486645577289548,0.7999069411512764,0.5562990314754235,5287.024645452984
0.550429930820565,0.9030317958015521,0.1431171563442386,0.03570061475313602,0.6582024143469559,0.9468086246904635,0.6853568424223272,0.5152695552051842,0.31418846668001865,0.2292269025978333,5339.434922800906
0.9113451034585249,0.6472790179224714,0.6925661363332644,0.788451444828378,0.008452202696756395,0.462687488973485,0.5249795865897959,0.4204961304122391,0.03162844806116416,0.991388141348584,3858.8347067849186
0.9024417406152421,0.1509046419210891,0.21390382337864366,0.584553257294763,0.5817869085819487,0.7541870071650502,0.4060118346275158,0.6676840965285957,0.38095618245684193,0.893003733271012,3238.575733282786
0.2869052688341377,0.0508644695297914,0.5188629543295349,0.5543731437152779,0.42966724607519635,0.9151934957379997,0.16196370053354003,0.38982723707482225,0.20309443696177443,0.5066031272308049,4509.612306345997
0.7034809914029888,0.19652399650999208,0.4594843898019637,0.46861549565246263,0.9029845911193624,0.0764726822944225,0.26020789724505466,0.9513218527388847,0.5124053484165356,0.3488139531960479,5351.333174640526
0.41656280126009904,0.5855624427348113,0.2749430367122313,0.019380236106898874,0.5179798751350025,0.5483304743699401,0.1634566895006937,0.9919299244482618,0.37705026340709835,0.12501447860835535,4598.5586281085
0.7851378164415591,0.4129859294403505,0.5483956851254558,0.43218669893726036,0.04586148688579306,0.8549430676020456,0.38082251295808456,0.09118269271899437,0.5915580057054081,0.42088899223795095,2535.488686732331
0.022410110484000656,0.5721256843996717,0.7574448284996101,0.0893447029312956,0.8940443580443239,0.17062277408015802,0.9987396272520696,0.2839511572574177,0.24544618690073083,0.9584715356325633,6279.644501789346
0.4426561278771397,0.07335336191914243,0.7128261014023314,0.4052366153529431,0.7696941167103899,0.8749358301187724,0.15839666086095816,0.37113475771345383,0.9210091276947495,0.8200101608443076,3292.449583251059
0.012940835641103265,0.14126758913208726,0.14444801373316485,0.22302416725264318,0.3390501731647204,0.872856230330185,0.6888609491272896,0.47185251566975495,0.2384543789814999,0.9527514845717378,5853.231459276358
0.3371064319179211,0.6284267910147666,0.6899751967832298,0.40917279897659165,0.4667306498659677,0.44156620789700674,0.41885701601474046,0.43305193421715116,0.5876604070052612,0.03184998049902177,573.0230276842656
0.41274879186808555,0.26034356356216204,0.5608614851995982,0.45405572644993974,0.4825226438967951,0.6140146230570733,0.6882154152338611,0.4657681531241725,0.6276809083410333,0.5983577985250264,305.5401131715916
0.4201272718152079,0.3120417332123132,0.35601678820907356,0.11332778670618437,0.9901411511480044,0.754618104854034,0.6315942222695724,0.8187471152870383,0.3188803055159083,0.04502688824752554,2618.6086259452186
0.29081521318113424,0.32972094759016746,0.8366282926087766,0.9950276389641709,0.19203021774462825,0.1458952099652322,0.25748274243400027,0.06154295487136374,0.46519444481970196,0.5655596306826517,6469.866571245158
0.486305334587944,0.06863426786973303,0.44444844960151986,0.7860707203838102,0.6740635109363436,0.8385929099841679,0.03326783541058531,0.7253026603746278,0.020429273628635114,0.7296887323948236,5128.133633637855
0.1318400729470005,0.7301590267787496,0.5268531744883878,0.7732197826642879,0.44898265694060824,0.5349071931995562,0.8134137331837739,0.3852325343863777,0.5541033819051807,0.35036829176793005,1142.2717657878693
0.7632076629959467,0.9859375543638441,0.8202023685504246,0.7810839412603601,0.9180679921155672,0.5749108176959228,0.711838493242261,0.780686002850028,0.6703643017537249,0.8152571816746786,1533.016099758136
0.5867553654244158,0.6478762836503306,0.8331899719552042,0.49332467454049733,0.8449135097033647,0.8319277866644358,0.8096192852839401,0.5452634706200888,0.8320927060265305,0.6151989586018016,1218.3303871100618
0.8510777951567752,0.6931397356744712,0.39931989177788885,0.12480755387188713,0.3960359407580114,0.6040200682555368,0.028194542205501327,0.2599708706046304,0.39225858771423794,0.9183191293959568,4136.556114504704
0.11901817291590855,0.7518583086769962,0.08020510594964458,0.8165897341400071,0.882977892484501,0.6043763106879981,0.9189287255624781,0.5830668944835774,0.648966635133898,0.3702123286600746,2466.3594195085075
0.6568667897800744,0.9737460204778978,0.6344633058909983,0.0830213609823468,0.45321440872532937,0.40581515893879405,0.8015095581485735,0.9553263337282896,0.5217797672822578,0.816651366983433,3780.727308077154
0.4014634684324201,0.13488202833610508,0.02159317739435207,0.443378120405694,0.5401934033335761,0.8168729428119466,0.8721292231263436,0.3010203814211001,0.1288891882735128,0.5079091084775059,5423.029165326653
0.190853479690837,0.26063328757212145,0.8905407095115494,0.24439547418125274,0.12489819956112358,0.6673597648028673,0.6839315782937652,0.42677320265748275,0.347730030290923,0.4181515649064671,2956.193342842905
0.577592661411745,0.34742519695195306,0.17349864751550748,0.24651301968081762,0.4378581060413028,0.45167726337066993,0.022442928938806617,0.13550546965376176,0.25255284163345326,0.38807034288319664,5436.446447149517
0.3189514340660501,0.9682197379836569,0.2623118539248279,0.47905219549638633,0.5004813613647855,0.09059855713383358,0.6158479539251912,0.9015078370994524,0.019637790930108867,0.44479325754333765,6803.5642527466025
0.32326734061207374,0.9273282607814375,0.007124561372195637,0.49826905255120735,0.30783934011987624,0.32439113924149754,0.6521019421273642,0.5844385023735396,0.020816687533002476,0.4233800209564287,6309.705493844126
0.7497416302561878,0.24669927264259517,0.4013207938018981,0.8350387190103808,0.3418182767895924,0.5368549806311083,0.9142125728279257,0.5119893245231525,0.5622532575744961,0.6559477475128966,2386.9234494011093
0.0846718952684632,0.023254384409563955,0.1443952035058088,0.6383810209968124,0.591407589362658,0.47055437968210034,0.8350924575377473,0.4975717443493761,0.0012721772532844344,0.7775260475482048,6717.111820604034
0.42233524068151473,0.9288172835716306,0.26221650623450143,0.7789166099756836,0.4403319251959441,0.5455653625220316,0.3568825855539487,0.7596399166655695,0.4598869127754769,0.014425434794695602,2644.0028475922295
0.9647978874472574,0.8812693049675369,0.8899733001060208,0.38542826089530624,0.14708285665953336,0.9804081593387655,0.41404962047931937,0.14780301400372597,0.7985766498301804,0.5006445679813697,3676.7841565612985
0.4007817740883839,0.19965190308810699,0.9125781104852473,0.45906142231426084,0.571888775264098,0.14250272255503948,0.5276952908640261,0.7939712112464486,0.7156469687020905,0.7025760552497843,1810.99161752826
0.5140141939700609,0.7728939287361237,0.15850125233769286,0.7249425809939458,0.48210308073090313,0.8146979333317801,0.16741587437002314,0.9445659636707181,0.840385960900386,0.2366069817761577,3133.8131136375305
0.24244680928903994,0.8534773251862667,0.9269280723601807,0.2793973173585562,0.477639531891377,0.8573834094819247,0.43497523954199224,0.6929974073589983,0.7259932246996273,0.37896306998972007,2511.8468850138033
0.15819881944604575,0.5957554942046719,0.22099629546042987,0.3086801276158233,0.015430231875509404,0.6026706833981288,0.20486803350687455,0.4132946807639949,0.7018317964739229,0.3638192934631391,3245.8917957576823
0.2544773620729823,0.9708099484052548,0.283287448183016,0.4443880778560526,0.5933553759535328,0.7064980926473508,0.10211586820517948,0.5387799797675892,0.10168177588809757,0.478757268077457,4241.283044458543
0.5054901743548168,0.30039184780825867,0.5357484532406712,0.7847245298086791,0.9568000342513957,0.4089477215623629,0.08607394413733749,0.43108200334040536,0.8602685691941451,0.6525400682687743,3260.4466067577587
0.2368649043728357,0.5703550454265784,0.7485061670298396,0.5947347029364942,0.4775600406116922,0.8191814354212744,0.41784820272377654,0.9598290168863213,0.7615596773376043,0.5759057164372005,1656.370762204919
0.36734170536632316,0.1778938773409442,0.49563155244474155,0.6990409408902136,0.012392715737310711,0.7732187384396394,0.14526057238215218,0.006546192559093056,0.8170557610625638,0.8589963585181606,4992.584952636772
0.5423149923361478,0.3668478474468674,0.8027817987907749,0.22549422438087274,0.04421727784817309,0.3793665935767737,0.10009462571261163,0.7652053774886894,0.516960539557274,0.758604431525549,3944.8897256510413
0.8344889521374554,0.8932321198839388,0.7448080725747532,0.9431714259833197,0.45434762928720696,0.21931395190099578,0.8028981433414065,0.6176801855039058,0.6060355927724944,0.33658673179104315,1714.5125019860614
0.922826752242814,0.296365587855983,0.5362404099071382,0.35635901450797614,0.7741819321094056,0.20700799712196227,0.9068413272348851,0.42011364452406197,0.8637308294567728,0.22109081697784305,4164.878410391345
0.8923695881525127,0.2665613358400366,0.808984429726971,0.2957490755956558,0.9039984015761352,0.7687037069128951,0.718219549500002,0.12324609892571481,0.4717947113273575,0.04878594432490557,3479.7900784844855
0.3380441824472219,0.9592016966073897,0.2168765123428661,0.7347776613682526,0.43397896406387904,0.25330644041723804,0.11897222485040515,0.3073988213284047,0.7072642873212979,0.7844756424745399,4115.9750597937455
0.5875781120243391,0.05937560914793816,0.7547237727181216,0.8876495754455777,0.5152462772552614,0.9117974600756116,0.7761304431943066,0.021285490999353618,0.05691848918430842,0.45104147176111786,6975.848687939021
0.02702075832038242,0.736377958523841,0.7564939778275886,0.9692305048433272,0.06092550723264789,0.6224353553165481,0.7623486996340031,0.39878560530375085,0.08869749711052966,0.055031760263308804,6882.2170147498055
0.4328987685109945,0.03496898051278863,0.7951453716191993,0.3728130533418744,0.8488659989672865,0.8121706947615341,0.007282937477169127,0.27513946637475695,0.18396831007133752,0.24735404999790878,6107.615808423275
0.26728316081067394,0.02239791840423022,0.7660697030178789,0.5816390630255225,0.2469752128944076,0.36763081846773915,0.8474230558463649,0.6444712974046732,0.1485215227930371,0.7985113201667312,2566.4651639697418
0.9375739997802022,0.3679398816261019,0.13405316029344228,0.879965208603591,0.9103051456659567,0.004905825281106058,0.7913723923354046,0.6721933243516008,0.8015277122962603,0.8668704316725856,4738.818900538121
0.4064327334143041,0.6497652717487749,0.11594740366348111,0.7456741588285787,0.10719478312015807,0.8072222222545973,0.6182764382670903,0.8547789607572783,0.7783668842579582,0.5084517051147706,1859.7495772806078
0.8552863181260342,0.6682429743010461,0.5152923761182984,0.4075515213158878,0.5848245446165249,0.36952051401071384,0.9626193030209136,0.3659853826426077,0.7527251121570423,0.7181321449828025,2136.2485048156987
0.30197604448511195,0.1748192318554741,0.21003871530035423,0.9756666551442094,0.7738604510118353,0.6627890533700179,0.06406219563492077,0.6220725649872043,0.03418096982763552,0.44287098912004264,4846.04236303638
0.4085913570722316,0.34714957663918367,0.6103779799004437,0.827722831942556,0.725025452351175,0.6555622998924197,0.156876075900387,0.1534015431300706,0.8213260716907841,0.9678489900101139,1691.8311854834542
0.05812400842424792,0.2104787821426789,0.4123613121861128,0.5530685860948638,0.34603066819724715,0.8084129995911528,0.35275828050943614,0.3712641538781867,0.5025322530817483,0.6972647878138667,2849.17407199375
0.7187857722970887,0.46514251049532196,0.3845561187135066,0.8179383669449507,0.36272812581906877,0.003952154376307027,0.15356006041956372,0.8761685151866462,0.05147715517186935,0.18887105883025945,7726.932262590224
0.906968464128213,0.4927370553116327,0.1334231897387127,0.7188437271828823,0.6527880883906617,0.9835211529457799,0.4397411678922575,0.9314940783993262,0.05848903676471251,0.38810773838087365,6746.798888999505
0.7462006554233789,0.12633787147619546,0.1352031495734186,0.45348564168625294,0.33644388032269856,0.536881562669335,0.5542714466584919,0.3213307966439324,0.8356831375776327,0.41375708382921605,3175.9115415018036
0.1884096932573205,0.43602853981868517,0.4493172503881745,0.009647091558466547,0.3702061539323118,0.479435137436219,0.9878449720942618,0.5634407554939566,0.2525124218869388,0.8419784005845846,4447.682289796156
0.9179454508739123,0.0361347997104462,0.5494141895613898,0.3151898639849622,0.5840700623543035,0.030632283908546998,0.7138928545569794,0.3253587708003851,0.8116657752280357,0.67272754946779,4750.044581065819
0.8416343713087595,0.46365234115133247,0.3189326001018358,0.11766497970835921,0.9283828381153554,0.3636313826496629,0.1260878738754463,0.4863224649928455,0.5160000424535421,0.3243948374137806,3052.8145347912473
0.9642527055871308,0.2698256492137394,0.07290028512077062,0.0738222676251985,0.8458882800737467,0.45874555095936453,0.4611550704661934,0.30750180172699937,0.4774768763338766,0.7492435669634083,5601.044099495602
0.3534008316924585,0.019922162727359805,0.5320164335775655,0.1343148781023078,0.43709518526834623,0.8077124368111057,0.7905844733170408,0.27326758752851643,0.32184401638926663,0.7854712222581866,3530.8004338046057
0.5916123258265444,0.5376822291289066,0.5834470589879762,0.7674626599729741,0.5985502817419942,0.3516453351042783,0.31422435472882904,0.6803205211158807,0.4721250530306216,0.6500500087583971,420.0446033637442
0.39408386812516205,0.9698148096174416,0.7858051355177778,0.14624940494910377,0.4027874970284637,0.8031231712374783,0.4868356770372442,0.48250673640754327,0.42150545569983455,0.42254232382697077,2558.502948354864
0.35036909331126453,0.3243477651609479,0.888539131651873,0.7625402715965933,0.7278130215933892,0.36265344694596546,0.40237847713081765,0.09894219434337148,0.5941738879150358,0.23165792216798975,1609.5548942645737
0.7600949159887866,0.8290743058660193,0.4051364669910277,0.206049810222804,0.45349181953141193,0.7704724417054912,0.9896006567721894,0.9451344242176051,0.9084254947984723,0.06691880066479827,3649.1124434235326
0.6823353910207671,0.03455063064421027,0.5647419290678648,0.23109448357675777,0.5438763349887077,0.9336995596374333,0.8710894554642292,0.6455502032052524,0.018354125301162205,0.7717420221947732,3839.8803128341974
0.6829055609578952,0.13215911245655576,0.5502236139542374,0.19264337806316678,0.5851400886789286,0.35753886181903827,0.13013911426924607,0.6984878043967997,0.9328891735971859,0.11173023745955069,3867.9933537113075
0.5779010056553723,0.3857483118988885,0.03813937509016385,0.26066879091973283,0.4267485427218616,0.08601081149188328,0.002168758639310986,0.23230814670328137,0.5865880382036989,0.5134314767451222,7691.511128518351
0.09685533025685034,0.6388736332118267,0.07480989761766743,0.6167616267703127,0.9277295839188023,0.6012251802164834,0.34171062915284045,0.8503085171005792,0.8054014913511871,0.8652541297806817,2506.3726883234854
0.46630428450041517,0.19917849020226652,0.4075977395380699,0.3246147230445817,0.044980199322509296,0.7419340881515508,0.5499718463362442,0.8700009216453886,0.08663583474762193,0.7715911092639055,3671.69215773317
0.8783056464985458,0.9113329622524758,0.6795702126444797,0.9344585204179089,0.7307890933778061,0.7585762613125713,0.6437378522098183,0.36223785396306285,0.2167960948831229,0.9670019477747307,1380.604563387273
0.9876470439486232,0.6340731104397547,0.1939480172187823,0.859842445649635,0.2956102190680858,0.5795302382442856,0.9755207466095239,0.2795934359547845,0.6579170532365486,0.33079753181957183,4625.606088811425
0.9764481166513062,0.9482376058925448,0.09451262245739145,0.6680614290597011,0.23079543600423846,0.2941054212295986,0.5371571745315608,0.4060634132395379,0.9714065820483064,0.6234219449797369,4993.238523077886
0.6480333227459065,0.6270956158473823,0.8287892170206779,0.40429743315808053,0.6354459384583778,0.030565394265914425,0.4155618720962707,0.8197297597006082,0.8886918733170646,0.030624163235462243,4534.200034054225
0.37292631445698643,0.546908653558051,0.7322915293734762,0.7118814623525768,0.13295666136927276,0.9055642236236832,0.773930471170741,0.45884464942114533,0.8218563556682223,0.10843151610753765,2218.24060817165
0.3251743378971643,0.41085645584714703,0.790269256897677,0.17503016110747727,0.09713906965146513,0.23314972129786127,0.5990779002938657,0.6379623837313521,0.03286762630960216,0.5217069659466248,5043.9929060157
0.8224646199482293,0.21385747963241764,0.6411622673518397,0.6622191705503345,0.4541292413073802,0.16345563581188682,0.07428126224637144,0.5022240315862477,0.1993862227714588,0.9128082513946691,3327.2119184117123
0.24096397864054964,0.7766575406358613,0.3052119482902128,0.7412566576643055,0.8857528040484156,0.30035447828178463,0.8173930541387018,0.029156822186240938,0.08251111599770788,0.7707737915961236,5763.367667556213
0.8971334446810221,0.4394872670226244,0.16451491993037737,0.20211456148624096,0.917558503875824,0.2090945270153457,0.4723666237098697,0.404035270184258,0.6257636838482891,0.7850869790764115,3767.74971110175
0.6447485705112372,0.9711569357906401,0.809931174919708,0.5342664202496017,0.6283334091620678,0.7460639663081884,0.00545783741560768,0.45533399697086707,0.6643457947846395,0.7696861252122976,3683.04197053805
0.08000631491001087,0.10046665643422681,0.27740364154180697,0.5792376521731749,0.5125216488858365,0.32050039908286954,0.903003361379575,0.013812681608861066,0.7533754937042635,0.8977834091830135,6228.827516056576
0.7615563223591756,0.19612756935041586,0.13096570920064732,0.09453493503717725,0.6166094621409722,0.1952477662922858,0.7887061353859647,0.20397461260101402,0.6848427370688714,0.48210753288956476,4280.280875709749
0.20832509972175395,0.6072221488796582,0.8121370374495105,0.6505345832143817,0.7814721532229245,0.8258030453215571,0.9992976936034599,0.8106485545247187,0.668487525818803,0.857300847865763,1290.5360947648574
0.4154169609963406,0.18747625912694987,0.7895429490883862,0.13908820759817198,0.7256867424944915,0.8010784122510187,0.855491029589831,0.3854998007389022,0.675449326171737,0.5508566718132388,1795.8957161994638
0.9856926372134032,0.27907635237007244,0.2847966518840104,0.9568304223024285,0.8570577275923084,0.4104889056613674,0.09064945722253026,0.6710803658337491,0.704416123076352,0.8819170666663135,4311.5634366076665
0.40315704246046313,0.3538178439055101,0.04683791411072313,0.23847346924512036,0.39268261033395957,0.21240843689746103,0.8740041493607229,0.7248521292070601,0.29760083308945784,0.309403168409605,3476.81872948949
0.785251366137349,0.6925096936061075,0.22898970318998224,0.924778409013487,0.46052051902704794,0.35219379810301654,0.8910983687150944,0.4924209694261745,0.9610026799671241,0.4407017310864957,3737.300744329156
0.052914902054733814,0.026786810815196405,0.8759133686577445,0.9023272263553495,0.9346154272547448,0.35130624601544524,0.4915570666160173,0.6716399148204766,0.8116618521872783,0.10871819280343342,5563.574525232712
0.5667158548472504,0.9411011954452553,0.7983224519146012,0.4335671284494865,0.5448471916751046,0.00940456153217184,0.13330225999428424,0.5199168163658342,0.5184325084067444,0.5614106166666473,4623.067307050306
0.37215087613443243,0.6735524234289663,0.12852684267807546,0.2970130759949021,0.30399462674824307,0.527142873999027,0.5931980784900994,0.3008362156446218,0.6339363594000604,0.7424883893954064,1719.653773462807
0.9697957616822709,0.7383566400228981,0.039405837357686324,0.855129289779913,0.4249834784515649,0.178001315136064,0.12031012381456752,0.6465564122051574,0.21199092123610785,0.35814489216996115,4453.878374382852
0.8079226521953309,0.5318342027441197,0.6812471950255499,0.22195130909062932,0.6463004350607975,0.6551882565316212,0.2688499167596208,0.35092500664758997,0.20173899940767526,0.7233306664804965,1228.667091837656
0.4210018186961322,0.023184877388692904,0.3625845400412493,0.5115672327985318,0.7337864701091044,0.2538100625292735,0.4915287454717092,0.971186991804158,0.028286602106697645,0.612310850602981,7004.856617362948
0.2604549753607407,0.4462029990687849,0.6141212016099266,0.5556987760882971,0.6449261763698297,0.5930982566061038,0.9671338117018672,0.6558912064062529,0.8289950158950729,0.86274265324706,1396.8374481648032
0.41729498475947757,0.055799742470695524,0.12867063337503526,0.06936403357707399,0.7999410259790589,0.4669775042538039,0.14783062181303375,0.5679801668884168,0.3572000453309899,0.5417420048027582,5187.7205468305865
0.9969684740130303,0.6513876987658063,0.7364244211618866,0.6164926081314996,0.4076476656661766,0.9263278640247173,0.018788751121514458,0.20132356567164345,0.8573186705061925,0.6784244796773504,6382.508663676545
0.8979968548748574,0.7935609166220318,0.8968063360736176,0.6303579638931041,0.8248052470781126,0.9829617602834502,0.7560799924455085,0.6885707095613857,0.9403356552448678,0.9722276226809388,1733.824125409239
0.5694244350718974,0.36140956322443607,0.7484766827483278,0.30015010045287505,0.49367388877951235,0.587812962172209,0.03155116697231897,0.846978682412246,0.8501779451338566,0.8998403816028074,1369.5296684158964
0.26882436825666156,0.7326057233408484,0.39604537524052863,0.1883063695459879,0.8311678309291192,0.5947565759058455,0.22501636830388816,0.12948529293076128,0.6231569143657306,0.21883109043216342,1939.5430554571249
0.9482524720728731,0.215925940294044,0.3822472707784117,0.3197506456243311,0.3851649643513332,0.8375605378819377,0.5462697200139838,0.8078042166346889,0.8826943541791951,0.9943748116143043,2956.9417477022853
0.36434224733115483,0.12402603758474418,0.05891139040741644,0.6911421526122181,0.6621617928395843,0.9657439311331525,0.9981329432861966,0.30083584983005407,0.9666719378376661,0.3672096349302215,6981.527332597363
0.11056540320695896,0.11681689768467496,0.21232552026771534,0.7502542693392198,0.6627946497302425,0.4173053158063529,0.7150318961195055,0.19887835636752837,0.7384530769339736,0.8707075882014965,3388.5758911248663
0.9094510937426782,0.8591553881284157,0.9207338404405468,0.4864319786070782,0.3061413163479383,0.5135907730232114,0.5953849397097879,0.40924901038225225,0.23091316160870945,0.6290925201746652,1333.5861534698872
0.17983009524959304,0.8659684858542825,0.6743342335617526,0.7015109935166911,0.0553999294595553,0.5353294017860044,0.20824135741163508,0.14418313638553548,0.7338433220193007,0.8044072619931562,2796.6069319550634
0.8266819875680099,0.896481495982503,0.7810097261134583,0.667728999369823,0.32290691528594695,0.1837514571880472,0.31529259977322344,0.347671308315177,0.920426449027794,0.37336899761027365,2655.4418055085857
0.8005718568767349,0.7045259539818057,0.9050103680210646,0.9700856095005906,0.5821791655266718,0.5274318556088716,0.09206155972604713,0.4490103814016896,0.8306833954294587,0.49680538445756417,2791.229397154113
0.6714296057181637,0.5717920900343372,0.9439427008423555,0.025847914076538414,0.7934793022507137,0.9097608115794267,0.6743461950124877,0.11047138035953419,0.37490978601685654,0.6963677720099388,5152.851013899629
0.43268246242554775,0.5034437606127143,0.15266577514656043,0.6334153856000956,0.1356022041242092,0.043322524953881,0.17031127493042164,0.5467834880546482,0.910662782167978,0.403054004556077,5901.504509439197
0.2780253217557497,0.816564321820563,0.4248744073413865,0.7636474783890068,0.7721696862395793,0.8461565661231288,0.9664037799806687,0.136341713543903,0.8928556987274926,0.07051280708468521,4713.782960828627
0.11965180802019093,0.8541916332593343,0.5241286313555051,0.02501522397032674,0.2514483994694273,0.5206778355968168,0.4319853321733591,0.8614380362795152,0.6651345074621356,0.5760467088691317,3436.509360094042
0.09097676288791001,0.4389906050320411,0.41016428843117714,0.17847200063805346,0.8804365753504386,0.9613013485868893,0.7120087486272576,0.3067251571594116,0.168052027222517,0.23130545677429515,3172.441170774824
0.3021700484894505,0.316725477452244,0.3655470357343792,0.2134430019454867,0.778852997257275,0.2682930805700522,0.4902064837594853,0.9512605095056604,0.5759401955266762,0.8720515327485941,2474.467664870614
0.45387442363850505,0.85474868768358,0.8138028820101979,0.8597972493649539,0.04967868315936863,0.24652748619158416,0.6652991981640222,0.7428264564201645,0.9501517857742022,0.4850006349590309,4784.7326234904685
0.12128905563959702,0.9437063998176589,0.03345813825129074,0.02618694148509504,0.7657320333023525,0.7373240685496503,0.619276681619399,0.7520872451054944,0.9609783061434944,0.7780086104356984,6773.562213171543
0.7272385533562596,0.5597564529693525,0.8481568359932153,0.8414550768868633,0.7627758297051974,0.059886536981864746,0.5663389922722025,0.6306167547580724,0.24458692747281174,0.8568417246463047,2152.202609514974
0.023019731957981127,0.21006394684468088,0.1674590671081706,0.545466189403755,0.5982698858963931,0.9534730859747028,0.24675952259308376,0.540493640084694,0.49345833684520624,0.38191751321536926,5534.986838601759
0.6180183014948731,0.40500695661329345,0.6854791119882473,0.7113355468623175,0.7401865526931339,0.4604475296909516,0.37885871916320313,0.13063243817622372,0.3385179338130072,0.7158523231093799,1357.6787490439135
0.3213517021535527,0.5939205221220636,0.3918960261079818,0.24225431151287924,0.7627163159829022,0.6050995470346541,0.8946064593625831,0.8473662304973004,0.07440508490955866,0.8544891665299625,2104.3359388192603
0.13692193330799107,0.14081018981664462,0.28385413131762083,0.6757458062128137,0.13261790066222823,0.46659970970169407,0.9408793215846659,0.32127275931782284,0.6238129386235075,0.28925257360661927,4939.724957413729
0.6826078100704366,0.5635136289467656,0.4626331175804065,0.1838861718283591,0.7905867040789484,0.4564457698249439,0.42389902761619214,0.46117555800703836,0.7477631995643644,0.3088999409981905,857.0989806642149
0.9802249459779788,0.24012194587691849,0.516002744217942,0.4723411440466555,0.39638268493654727,0.35319156246341565,0.36214140565580044,0.21336641935616396,0.05751920705216651,0.44182375852802436,4818.192516333505
0.9993070820318971,0.3011062310258741,0.03338176837094131,0.5106401024123092,0.9068854725740251,0.4087017699728098,0.7097700643390131,0.9716295416772334,0.16576658639761999,0.07756512998885068,9088.29656245714
0.7179483457045794,0.24377904534230632,0.17558800042987155,0.0811250707598169,0.9419233490306965,0.6042945957692503,0.6545350776669372,0.8840471867024695,0.9357867012052086,0.4261477171837257,4160.588480450188
0.15258906787420445,0.7053187808924439,0.8216528918430143,0.7388577714999204,0.9996040966581908,0.16866894072038163,0.4209078744791077,0.5958089822853297,0.8860229973902335,0.8117416539076621,3933.533554582511
0.5534919513252481,0.7134120234267483,0.300987874256582,0.08691859685942827,0.46306526290533445,0.5268010944091714,0.8292023148332652,0.13937036694699412,0.4808590201484001,0.9098491320933061,3581.2482836143668
0.17787236276649254,0.6982679990017517,0.7627065436625113,0.06152693660910313,0.679315522953303,0.3187650002971262,0.8500543312716411,0.05922022369469593,0.8588088357953328,0.9643488763741528,3391.069402586232
0.9574156341144545,0.8968201164773969,0.6074086250332025,0.09997943789023023,0.4539592378001841,0.776155839663944,0.615279942186983,0.5083051994616901,0.992613057518536,0.14230709514403028,5216.6144214715405
0.7554549965048635,0.2703069967196977,0.0670811170431922,0.730995443183518,0.609491577045633,0.24869390101676025,0.8769165933373896,0.042438829674913525,0.8011774394331368,0.29396372925178005,4349.941123657586
0.19470922689603576,0.03338587134051407,0.6662558692689079,0.30356199493750746,0.033217454001750024,0.08877764411291733,0.27520405492242495,0.6153234309552127,0.30501392739103705,0.8208359263662098,6817.157879728506
0.6374281152729557,0.3930876082673639,0.03335235952240423,0.7363785105094264,0.5441353148327944,0.11054180855918183,0.741337893944183,0.11823117144042627,0.2246866522539296,0.6269644589743183,3496.8602335203664
0.8948484245064934,0.9566131450952322,0.7859169136495929,0.321377700532269,0.5812128266793861,0.24871150392412655,0.4789344122180471,0.707758732440837,0.05657041509093608,0.7097244730853776,2405.729343820094
0.9541046279099955,0.24507455050226556,0.09641389706143544,0.7500546086678166,0.08806176340326388,0.8434488368405161,0.31876821818230916,0.6860781108703897,0.9599223724818146,0.14625531913842849,6887.375609482499
0.5929437678289383,0.5201801518758646,0.39670712007270303,0.7983161386400126,0.9878438009669297,0.8176478437226383,0.4547154392199556,0.9226773190391451,0.5108949822287765,0.5497797750554663,2194.6714235780587
0.983930843788723,0.324972703235337,0.6394013036930475,0.24123043902632124,0.01246066329647011,0.36263715237502325,0.10369042890511337,0.7208660865301892,0.3315123809562992,0.22640341147923293,6068.509461015057
0.25597801000666764,0.8284279366235203,0.7349159476566275,0.3936972417027417,0.992075097738865,0.468323000302329,0.12558640714797642,0.24305191883763744,0.9446321708265202,0.5795661250999994,4345.835199097036
0.009844674658138874,0.020656951802822898,0.44383096377173814,0.3287349340880924,0.2638690644579288,0.5865112551761434,0.285126922081692,0.03503647203640614,0.5780085883901735,0.13910153949993975,7161.888969839596
0.6810252212136926,0.12465157187776266,0.11977816182254031,0.9881509907143885,0.6646244685125877,0.3943039861609071,0.7277492379152334,0.11524127787298655,0.15849682751053829,0.2437194332171292,5789.890180266036
0.9481142492782437,0.23400425988543483,0.4629231480701951,0.2212027071788666,0.2749212563880945,0.4871775896335977,0.9691457644419414,0.10506249297730674,0.3582628318245932,0.1643588702434583,6849.96513344937
0.012851666092064784,0.15405612602325913,0.8111733074877896,0.5041719867925961,0.1217419676503757,0.19342410761466733,0.7626552187193689,0.5807250889150979,0.46033540290069364,0.07535698461517659,4842.822164277282
0.639636349746419,0.44717902006764687,0.2158013574338643,0.8969202892969862,0.8172618627154895,0.15328901528931038,0.2945927058928337,0.48672882362031533,0.6754585727032114,0.9702127197667432,2295.709255700372
0.7596187562363141,0.46179901872763995,0.6890514841222116,0.42198561896955467,0.6518352554940204,0.8541363849074929,0.9895778202579115,0.05602177149241083,0.18327966317075461,0.09324787138023316,6583.732505325281
0.8511546475485932,0.6789031115043659,0.45682697215755164,0.21123112894242713,0.35236819859018975,0.8873463919396252,0.49752506573635635,0.8335507076755097,0.5610551955020971,0.9756408625448464,2205.357424342203
0.19589230983305805,0.7735661864075006,0.08939561632501891,0.5375999303681074,0.23640768223681852,0.4151041360228135,0.06974290117428417,0.668154027837765,0.0807876321163824,0.8385048528572021,3357.251357752272
0.7383891292983986,0.04226795920033044,0.9051708446330461,0.1777106222433772,0.16240001595046794,0.1981751556014968,0.007242465358171524,0.5334247926148012,0.9017488071578608,0.7189889960248154,7570.52684289895
0.3204409155066419,0.7411936550726098,0.5665846593837118,0.16621685941763897,0.6864025827063573,0.3278410123325274,0.3008238427596679,0.4073851903810791,0.04785119148427097,0.8040300282636245,1612.7405809956592
0.7816630974022406,0.23168635080854183,0.8436459310104407,0.7411972398540317,0.33577403652735704,0.11831209982204027,0.42753834147157566,0.0019508106768778566,0.840015293210058,0.5929695632433711,3316.0693472082435
0.32895248890411355,0.66880673858145,0.7233831883999938,0.5476918638441565,0.6815716169980816,0.776671058637097,0.5702093104273934,0.3699558283072474,0.25740886575096333,0.7865496206706084,435.07131047345416
0.15699878153726687,0.21169736435033737,0.41347909601469757,0.7627379761163211,0.6988795177504219,0.6707119525043905,0.4880604651413176,0.14949480374931223,0.2381148144736699,0.36451623151212376,2722.459618850203
0.07024352047627469,0.3666670527545943,0.9092743011120564,0.1511059782774966,0.5110031502522985,0.40073698089573795,0.9145417194875742,0.822399347737913,0.5787856377606259,0.45248427373684696,4087.34227819523
0.9710904212336917,0.10178801318656994,0.4248114205068395,0.9356077658184836,0.4154313127752264,0.1251683379309969,0.7533502069849862,0.9206007009744119,0.12751247739243765,0.14059630118905697,8547.268666421496
0.8385849962065799,0.0826848225540967,0.48685919624511464,0.9989054593281252,0.4711809094297068,0.43849776113280814,0.5188952261787674,0.7263454753218905,0.5354246658914097,0.6060824333297359,4273.5152508427045
0.4424573663574478,0.5514552718268362,0.9872126020191373,0.5772270023367501,0.6546404839595262,0.15465896793583378,0.17009000141934383,0.10157293231957198,0.6992105924810357,0.9759770001303714,4562.26531145411
0.7418291284016516,0.17074915523678758,0.9162580549700128,0.24607250193312247,0.7546992496239044,0.9735341599200722,0.1880906167478441,0.896658407885201,0.914199991402471,0.06061293963027037,6472.23838293187
0.897625683792685,0.40648803281223167,0.3628104212238461,0.4260082052686236,0.19964735012162438,0.013649612121030663,0.11849990221079021,0.3598305886138228,0.635496773125076,0.9854677240743284,6201.542945093194
0.21608878754817717,0.10759814703001025,0.2508238807034079,0.0066734612549391725,0.997417911070293,0.35853035873997396,0.5476040908014016,0.8112156309756389,0.27881464999877026,0.5493662725888322,6111.35712300654
0.49826206101412807,0.6231258994827366,0.2724036287129713,0.6980375461036307,0.05000091406525564,0.7669690277181105,0.010025717572970771,0.5471921261092358,0.7203577530377056,0.6670744126353846,3608.5366198156307
0.14352074861962072,0.2284767976228842,0.08084906165580386,0.9203750470327967,0.07339472816147696,0.3449268521655824,0.6936516945181926,0.06545767787156853,0.1304496392956802,0.7208407732155172,8016.951743988095
0.8981400033360315,0.5579421086614639,0.6524115948437234,0.9302334602396023,0.24105764925620388,0.1544931732336592,0.39131055689165295,0.6230303981655171,0.3848466201712113,0.6013413809699629,3572.536067920761
0.7989069448776048,0.2009624033056462,0.9888863122336018,0.04732706785616436,0.3952068029997734,0.8678040541503212,0.5462330380926814,0.011343662909432672,0.14419382926461366,0.7503604506414857,9100.489224007793
0.27193847551313943,0.7714763703731489,0.7384397311560682,0.1451455224723467,0.3477192221335258,0.4365920346339318,0.36919568178312023,0.6027763997964651,0.1335130909772635,0.962309455625063,1616.5973474292343
0.10943343661436067,0.5693860583303104,0.3475867124393722,0.3446541382175382,0.6790238153558364,0.7018966946079842,0.8731877271109076,0.5665408531578543,0.814247314904185,0.5911036995218518,1390.652784152821
0.06670181682957799,0.42289557504365494,0.8268556803033937,0.24816561342918386,0.6995112749579948,0.12096998466190156,0.8755193890797001,0.2338547961590154,0.8696723461868662,0.6500521818143573,3904.6447329949333
0.7866604375703885,0.036264383940432854,0.7863320927852313,0.9494579147611879,0.17721181985250167,0.41127226539638595,0.05703818288263707,0.9545361743968852,0.08376708808529176,0.6684813862104605,7487.1605516632135
0.9105488663095065,0.6244565639459527,0.8294972114965063,0.6931766882343992,0.4179961013233625,0.8241560488606808,0.142654486989912,0.8129789777962563,0.40822628628217306,0.8526913207703563,2495.742232942565
0.902646964661088,0.5933444857209218,0.8637165589446081,0.6197524600295854,0.5972467564526313,0.339297254098476,0.8941416792734846,0.7669062123114847,0.47761457174170974,0.025795277836411112,1856.1550912394223
0.9571956233907724,0.01691315417356154,0.3922645292376866,0.7654968807273284,0.6756709028140304,0.4091499553022462,0.867551785027591,0.2052241690746437,0.5613791850430476,0.7196956334076127,6199.333632179476
0.7336817932082909,0.6033196995227877,0.15227705738354191,0.24546479706869784,0.34968966045772487,0.6685177537071105,0.6332906537829014,0.5528590034236871,0.22147631738254114,0.10216673645569463,2370.8489626337873
0.12785577085208366,0.451112227062736,0.3464128069316189,0.47348117625334674,0.8936617509642912,0.8458575947514967,0.8239559613249808,0.8909626736084655,0.8229917911719771,0.550045173853389,1412.8534521963213
0.9825310581209207,0.08520493843291355,0.9585774587952566,0.7874574430984518,0.03131079362606448,0.6662346148472316,0.5599778769885135,0.44309504569189917,0.8538191385731487,0.9840610371787988,5526.264098248891
0.9381845989872237,0.9083689794915354,0.39698929682801876,0.036879889757320594,0.0033268057892145153,0.11348237466857847,0.32007175597424375,0.09526426996642834,0.94896945979842,0.355222530328552,10494.11308166204
0.8147135650461866,0.2645826796300551,0.20666661338102843,0.7127535352510631,0.6772872482038509,0.21533154200868176,0.10016956837702085,0.6980487914684801,0.28732490610729844,0.16305655623183712,3181.2465416126415
0.895269771392981,0.7295385634312783,0.4532052682912696,0.13246384253188281,0.02237570484377638,0.9506600150571625,0.014319996031415982,0.5792085107188999,0.5908524796321311,0.7864729903202894,6609.538569157039
0.4394969643957263,0.10444224974208316,0.11920436915389754,0.5309171201214833,0.3487231734699098,0.37623139816756956,0.13050278071027666,0.6531593583746989,0.1848545169994983,0.28116221485815296,3936.164328561583
0.49418285640315307,0.2107016292767102,0.4158657639906391,0.5294201312033024,0.9874316784827368,0.5300877743870881,0.1528020467722333,0.5762961741743633,0.6627305524224006,0.6293891876730909,2653.3693212395915
0.14379817377432813,0.2530254733076668,0.9871288095640768,0.26197749306320706,0.874953010834257,0.0925940878023852,0.394388465713131,0.8612495319210206,0.05543554239365833,0.860764624390605,7730.328832693377
0.06854874700855385,0.9929076988140919,0.48999345626371427,0.6980106598411938,0.7667107482009244,0.40584794488256926,0.29089335045981957,0.3822145429911652,0.04356665203835719,0.747575159876772,3180.9789181789774
0.5489883952118776,0.4265600198924726,0.8372089547723935,0.30576383942506935,0.8875812284761355,0.9118289236523529,0.07506811200904628,0.4546428268509055,0.9450744534557572,0.9061787264120866,4441.476234958496
0.886767617498751,0.9477707579525353,0.6471557546836707,0.37446213661346495,0.7693885911813424,0.4543778274808794,0.5126179555356688,0.23700196877391977,0.7700170812233802,0.6117034552179924,1216.0398584085535
0.14770985511831658,0.24567271633926369,0.629846590266832,0.22452759321677906,0.9069919578589035,0.4598488351658754,0.4153083537540404,0.16445050667357097,0.4088919987950843,0.35520226548751155,2694.5635596588645
0.9756429170956478,0.8610341621796487,0.16142328107234938,0.01899838214085403,0.7345424333241587,0.3025392488498313,0.7273843485922368,0.6460271321906391,0.42225107133524664,0.6242791346779826,4204.470586666694
0.1416644900662104,0.14240702265333904,0.25801941481512214,0.6372656111548116,0.18028073891145213,0.672558313189685,0.4972968009197605,0.26279814307199123,0.9211912620257593,0.008735081149442325,4986.080357387215
0.6004236791971332,0.3836063733400821,0.580300306038842,0.1543813390095824,0.366536026367437,0.34058269431686017,0.9794377194744838,0.18314388632864986,0.9348839941968411,0.6543639581352735,4220.016272048592
0.13678679727661425,0.061365983973363125,0.07677690422418715,0.3297937960995797,0.2407788052844524,0.7556213875280658,0.6734498247398961,0.5083270322241534,0.9021702567086283,0.40135713880974755,6463.488627704832
0.4200214176652892,0.6986466732191436,0.025656774225826684,0.679667437217436,0.7348214782726953,0.5597401169403943,0.5521747610755191,0.6066875963255924,0.41372805834497883,0.8552639636927184,1804.7464506817432
0.8564653735340136,0.574449020155525,0.8765618151266743,0.5358891065701707,0.7086551119154841,0.04010488956578351,0.034459771336667,0.22965110900103025,0.911254052103667,0.3770000198896408,7552.946307073857
0.05112562673815846,0.1945353398059455,0.7879222486822984,0.15228409107989738,0.2828915524434361,0.18879920384981985,0.28631710219780737,0.6059003883187162,0.557218371889536,0.3082309923037365,4597.881568481891
0.8411806803110606,0.26948669106262757,0.26833514873843145,0.22047541474298415,0.566795948802124,0.47508680965058003,0.034721840837770634,0.46589215400177464,0.12665987938309153,0.768550058792073,3619.2842353193614
0.6045916970540827,0.37374949883260333,0.6189004547367457,0.6264238056531304,0.7539673706583593,0.5129630832332732,0.46943840469801545,0.8776069232979973,0.3395837190576161,0.3392185894204732,1411.9144091206551
0.5669278417058178,0.43355897298701584,0.9188188416647811,0.04071405013399276,0.17775399521500979,0.316480393076251,0.4266039269771421,0.26000318317951965,0.674742682343027,0.3015253778811523,5547.16532097357
0.1587630493865868,0.13886587716695198,0.6067570328859173,0.20006586113045433,0.36168965809738707,0.33681108814009497,0.35545339935548825,0.9258328460073304,0.5265501759635908,0.565848675907167,3151.0643388318813
0.6215108187171602,0.44082878931263714,0.5831937430328766,0.41756530643327006,0.8922023013664996,0.36387264494978877,0.08182683954690251,0.25848402991130903,0.3883537291108844,0.041986112319975843,3593.444853739756
0.454867385119333,0.1882022039772384,0.09748155747111142,0.614241495043009,0.3849986537511422,0.6649749378038181,0.05397331176700859,0.2177207957205074,0.39446258469368356,0.598446536148325,4361.541318627479
0.1409462805782028,0.037650472074400976,0.9920757437737845,0.12149144021105063,0.19987395028688815,0.6864324020101437,0.09432588463804781,0.158893422027667,0.8034075982522361,0.8500314625873725,8066.980290087097
0.2730409495260733,0.9348834468006475,0.5022844873228326,0.6086096129628003,0.6842510844863264,0.0014230541721221845,0.7937566629476754,0.8150555571576359,0.016135327384259823,0.48851568681404434,5176.141286090218
0.8104485718079046,0.7972152725938739,0.5145392069180368,0.0797853374891142,0.18272055318353264,0.40490762883288933,0.6085230074785164,0.5934416321104358,0.991490165092964,0.2515764659829164,5275.5340436766255
0.13499092297882442,0.8918330967035961,0.1937174872833829,0.13561035354241147,0.24767760993682564,0.24489968784006244,0.272936351556453,0.26523728971101845,0.9809581445635525,0.27844658634516384,6598.314858202884
0.8375494931562057,0.055612669349141886,0.7123211075661053,0.35214950561204417,0.27732552025114454,0.8061633195502358,0.8519142308219851,0.03888200341740522,0.351191841643296,0.11638993933392927,5619.060084135872
0.526757012678263,0.5984853162840954,0.9644495931106883,0.9055889340696913,0.38026576854717675,0.6974512159432001,0.0756149287841732,0.8195499062948676,0.612483125733291,0.8193207723069053,2702.1060984359137
0.6971660189781578,0.5209994786548342,0.8211471303409833,0.701945110093409,0.7748670709675601,0.45638666015695073,0.36030288993223325,0.8506615103355415,0.8378222035483429,0.39492799095247555,1175.6949948090207
0.10460381212708847,0.9789104268931913,0.7960475357014485,0.44756551633918584,0.727511711304373,0.2227189605980353,0.7908781128338077,0.8358724479119506,0.014327800177828642,0.5886574761300754,3958.7137677510227
0.432444889459098,0.2056411816058804,0.3681738704352777,0.5457939361059463,0.026931510828337002,0.20693965341842124,0.9868513858869333,0.807923645276289,0.3134529437261575,0.8177602148407472,4431.664755276446
0.9963653477850326,0.9635509959387599,0.4228288038235407,0.34577211882911396,0.6404602675574553,0.5756121144422338,0.3692945923633828,0.4571244585497809,0.4607698499871662,0.46824559990325354,1968.7900961974583
0.339900088520528,0.06924174769390845,0.9052858672522797,0.5859537803186504,0.13371372965995498,0.8433310599589514,0.6098498059311886,0.9890809306837615,0.6062070362435904,0.12064204639557019,3453.742973913563
0.7881082439423919,0.12302662713280788,0.016866326905502826,0.6623954876931023,0.8680147554086319,0.6484046904647011,0.391169088338836,0.4034202867636255,0.30772606982349326,0.22575117241871012,4370.34398883901
0.9430520256989695,0.9580725161038817,0.8034265585554063,0.11845456255626308,0.665682481554068,0.3880261795342277,0.38005685878947526,0.3849528301818125,0.5797296388076305,0.5124303372637309,1996.7537861198143
0.16855168335439896,0.5278531258353131,0.21521855350741015,0.09914244216199386,0.8584604861069954,0.942143789101002,0.6047951300449712,0.3843667638530217,0.788489342065954,0.5507034707020314,2393.8518420313253
0.23298394179189064,0.4530041096911227,0.7132885333473028,0.7006226413239016,0.3374562380526296,0.867216909525673,0.5542413832385181,0.43068411941415974,0.2829424591115579,0.12418931983052794,1521.221545291799
0.7026200874435927,0.9853112616914959,0.8774305368220581,0.5194945522159158,0.43858770272648495,0.6373192751066197,0.06619641296411205,0.6137934527999847,0.0395126626896416,0.3235777378569714,4377.335556219403
0.5286139498923168,0.2557681446765955,0.16671428390500664,0.7552709752020653,0.8461722696769278,0.4623328217817967,0.9984621101245071,0.02123869172835724,0.6968367709554102,0.3592255092389577,5966.72844366538
0.577935192452046,0.43707455405703144,0.7052960334229043,0.2794661797533634,0.25966164489939014,0.49481587236646285,0.9727091356266431,0.3958751710595467,0.5295415003798448,0.7270221292053467,2748.8609094735098
0.6693158786744975,0.18594674323916294,0.47035168666529104,0.14346503607768946,0.6278602255511856,0.08801064636109246,0.4732743512533646,0.8992761136145987,0.7871789997905753,0.6934224314995137,2681.5161161587857
0.9145982251079741,0.5112278485256023,0.3418311696104186,0.568539273832846,0.06875388848419295,0.37867885373372745,0.46273857264354523,0.7530251869968804,0.5108668042274487,0.2590823366192856,2614.197695328745
0.3347352360070003,0.4738858945292057,0.7440870035872659,0.1383113813750264,0.7516530665801365,0.763171406696003,0.0938045306744254,0.4926024511922359,0.0893231875606566,0.32505811722265154,3726.098339551443
0.3778287102570286,0.6438912639151988,0.6045033937831427,0.1898923557173735,0.19649517737881184,0.28909894829556837,0.6986812410049897,0.6453396714279803,0.23078082981958203,0.516746640292101,1848.2507180781504
0.2332887392760048,0.058130329067212605,0.40295003930188644,0.9983011601382592,0.5278434691998403,0.9648287755464624,0.7407072883037299,0.7042881121458184,0.26046284235378914,0.88757401629914,5197.40447499604
0.9973601165063115,0.9469069385945412,0.8588556728296893,0.7894391465663585,0.6958158971606911,0.1822454074423916,0.1615910654595929,0.5420613584129027,0.010476083079148713,0.5035437466105769,4282.76752105863
0.7085428508885042,0.9363970510648225,0.18118290146534854,0.2881922417474124,0.5653865588894574,0.11726569308613266,0.3857371291935183,0.1791904470688538,0.7864372998927026,0.5896512727566935,4013.6313368048386
0.9246899980540888,0.9214455511322502,0.8656505647198346,0.5076929818468279,0.662823566086902,0.6910024329138,0.7174603709662977,0.30983536526006705,0.06057781732157408,0.735138472841826,2091.6506952132086
0.59142097544864,0.49189998397339374,0.07158834611111975,0.3613636002234478,0.6792248071077155,0.35145477626034816,0.5153394609071308,0.0852271943755285,0.1224664122858401,0.9371506136490567,3813.63942098066
0.9644540881462507,0.7462692681127596,0.3502938444827344,0.8327622778513949,0.5276892944477467,0.6016109443329366,0.030550183112527884,0.3850646510817214,0.6193161720232585,0.847360771485654,3403.8771174313065
0.06654418031911369,0.9833521010601763,0.9820950369199782,0.5768459236115249,0.5725260567011249,0.32875298631993044,0.8127185586489165,0.8698868419957079,0.3271417314509246,0.3163414486140479,2724.0328225309177
0.2236557989170077,0.986414105179407,0.6513638739881247,0.9397029229151869,0.7807907436296774,0.19122350891420525,0.17878218234242982,0.22950771631347966,0.7314398137771403,0.7907951306552236,3841.6968876762016
0.9379463536689098,0.6137465817284631,0.3262590656137614,0.4726209271419406,0.7091990718517128,0.7280260873241405,0.8006377407884246,0.9602954405878251,0.25737449026853676,0.7698756077677334,2814.3798604479816
0.5432181143064865,0.45605851495013894,0.2731579675365583,0.19867980399662277,0.7460833278124117,0.27980935795094497,0.7398863524649719,0.4120968729812663,0.43754192064421393,0.8244513484280681,1217.1754946325987
0.7691607229267413,0.24633303825060116,0.6044753632910029,0.08072411115167566,0.36519533783637403,0.21672964440733855,0.5257872136337871,0.9730267560524504,0.701995794114667,0.8537863333586848,3519.1989361601545
0.6293980969432262,0.6767690322726806,0.5871769428043782,0.2108740600989253,0.004466523160572722,0.794915765470487,0.3498086837532264,0.3012958267380037,0.2056537052001316,0.13920486821721223,3725.952891564104
0.1290664977999516,0.47362288512444506,0.9105050436287125,0.5266555254157305,0.268221635589305,0.8411147033186233,0.4492412969072599,0.2537268066504834,0.28564941827689394,0.7344485514999631,2473.5161105773227
0.2929635931381992,0.7498695666159471,0.48044099726233924,0.5203189243714584,0.6092312812956668,0.7170139105531649,0.7689488780826162,0.7337573711693237,0.8203042310888686,0.5675359644108219,416.5345951347537
0.11465450629839391,0.9852693857390705,0.5068997805170574,0.11123548731406996,0.5437033237993022,0.9219491331168322,0.9979725396174555,0.5850888859555744,0.5415007520354743,0.6108989142707189,3862.5434852840526
0.37797458501820125,0.874780539642009,0.45004827537720093,0.2107943686252275,0.3102164703744176,0.7218627932241577,0.5466294720463136,0.2473227411636455,0.3501297137408095,0.9290281113800752,1961.8469298372993
0.09456955921780064,0.9603544297565523,0.4508225618413235,0.14816357292284876,0.5988799730314933,0.7386255979312844,0.05825043835577781,0.98252838662905,0.28502592843993235,0.6272557801733539,4867.505998166373
0.9655467105167199,0.6410861339042105,0.8338013057781716,0.7705482490653364,0.08635693893290564,0.6759323273617652,0.8397961479237274,0.31259492945855416,0.8265614040586488,0.44002599369727546,3402.2702442400237
0.8781254597590078,0.319395284573765,0.2292176795344032,0.8384431810169294,0.542032147644584,0.9287298292334039,0.9282856319237552,0.34958247309005663,0.44114810121661874,0.8871740271193089,3402.11752487365
0.9551560139446555,0.7082396213187508,0.33879491027332365,0.7944631141066103,0.3897624646394534,0.5100536631013013,0.7413306345950164,0.3735660043773378,0.8412066096570682,0.0663327042527323,2915.3200954576805
0.4055161782377197,0.24022886451067504,0.17589093779301923,0.4970940126666622,0.9219617098631401,0.09855009091382105,0.27776875968811066,0.47955224913328565,0.13568753070537043,0.16612600002272382,5979.539326627347
0.2337658043118277,0.49880801128022634,0.3185693615783811,0.8805343678581244,0.321819656127042,0.1279398006267175,0.8181435018599018,0.3917570176538899,0.5999583266065411,0.04716385050830241,2521.0600210047846
0.9297138849142235,0.4354705441225485,0.9687955162594487,0.035978525914752146,0.944889448401789,0.728937325686187,0.4873494479920699,0.3399459235546348,0.91275809953933,0.9261535702541955,5424.130376660132
0.8427499242461837,0.6568420201140043,0.7721738612932573,0.7159399314913896,0.7564256591479446,0.5097905008894342,0.16951942591134428,0.6946511517300181,0.8549192487209395,0.6195455830282829,904.2561200136441
0.5131580258158236,0.07976434763671292,0.16924486488627066,0.42157211989025944,0.09161042234021177,0.6521155874963139,0.3847047698567878,0.008367904569924645,0.7471622004243873,0.6738212216367307,4568.809617635615
0.1345110159982542,0.17321668305360083,0.7293430540389415,0.67576407684896,0.8262729812242043,0.3306618752884982,0.2599631042238021,0.7514975242331589,0.5130565632249372,0.2049845169082234,2336.6144503916566
0.9327550036574057,0.5622816528576364,0.708788870739367,0.28837428426239753,0.004942732012985007,0.05446078686639033,0.8078070103733519,0.3874255734225712,0.007395323336511717,0.04424198800880541,9557.771871663434
0.696753869455764,0.1286281957153187,0.48164116517652644,0.23420699499665665,0.39853052496464225,0.8922637274888603,0.05706736685491631,0.7186207629216924,0.40849197103122326,0.05733378725012772,4329.661775865694
0.798064079370574,0.41030566838929095,0.25006143037593964,0.9323948370343941,0.9597556211960848,0.1294285714136003,0.5322101362740491,0.7646531414749674,0.9489152749754362,0.16965548029275634,5659.539822193981
0.8429395168251416,0.01512377695129452,0.6165972130943105,0.4767115917715832,0.5000745336363169,0.10884053312939646,0.6387623431032108,0.8212038194628175,0.17546777254774115,0.27661860293860163,4812.2357249162815
0.6588950366475056,0.0010528711527502121,0.8018642411243666,0.54893851109574,0.21273592752479598,0.1952572832928221,0.03207253204065297,0.3142860992779879,0.7319508741881846,0.2530283711822612,5608.310612812655
0.046698379719680494,0.6749996088286205,0.4148371534535219,0.11286482897539829,0.24607538828849607,0.03018709980048262,0.7223322763925875,0.07561279759108264,0.6543495385019901,0.6047390449463581,4894.67540340586
0.47865334357898015,0.9147748755775089,0.1589816105530718,0.915467782780846,0.1833357909584129,0.5777969651085779,0.02025310989550566,0.4322410886235679,0.5090098317877837,0.5909963304983701,5768.6346449312905
0.8626937123797418,0.20553179556896128,0.397893043230932,0.8345528263758102,0.4930938427854823,0.27442567664608397,0.1557520273025299,0.3894791652962343,0.8224449865835272,0.8290582373960025,3127.665586134754
0.8289082850836454,0.19314694982608527,0.42225745165179185,0.6265122335545399,0.4736636371202465,0.2915029133992224,0.8470770566630997,0.31455546984423566,0.2793265337378079,0.4577309445428541,2380.750621926248
0.10007581153605194,0.3860481918868135,0.279340520110401,0.1852979986016492,0.629609210522358,0.40674695572354047,0.9927163079619781,0.7808265901514947,0.6813214449169609,0.968871624489366,2927.3649606750446
0.03873727904124047,0.08860977739299991,0.17442718100415966,0.29609616961836316,0.22063512663456242,0.9346560607165041,0.5166461018754285,0.5197653503737583,0.6264322632181353,0.08843205581989666,6422.652936157833
0.5879768410634505,0.5649958434403771,0.6065388813234295,0.8962929525797734,0.947077915386463,0.6914050694671044,0.9270640284625512,0.1876173911330501,0.6026505187773807,0.894421567165367,3057.9183093483643
0.37906851135094743,0.9629289860314271,0.6474763554442223,0.7865283292174811,0.3623606267126058,0.6466187427420829,0.900722619386831,0.6922963054553045,0.9640895827869296,0.6731627779146109,2894.3336846716666
0.19600279764196993,0.9913435888186907,0.3318647686996973,0.06784328647893412,0.8478713593590709,0.687972061804821,0.8976313193056659,0.6382933311239875,0.9777228528328772,0.9412829533363963,4078.2613937908704
0.3817236337922941,0.3463134654708391,0.24136552449273418,0.23350833648910596,0.03737900480824219,0.3935588422706743,0.0446760690243595,0.7908850276313054,0.14420481130961427,0.26018454612333675,5664.587568909206
0.9185097195540634,0.41254682939227727,0.6694715512315444,0.2625045459710659,0.03538454952684622,0.5595378879672104,0.07222884841365673,0.5017547813644166,0.9755762809617383,0.8431383219559014,5075.646046519175
0.08413138281577082,0.5439701350500182,0.6705058297318782,0.6940346285371997,0.5149955200547116,0.38566493371667754,0.8077937209680315,0.3885262839071352,0.1638016869390292,0.5334380491238868,1800.785589665534
0.7609405445756071,0.06763323385987996,0.3849222455527259,0.14365736764421322,0.659092259393506,0.11583561345526905,0.7709515793775585,0.8476082936586168,0.21734398791870824,0.21832782007770035,4537.318410375224
0.5963965442302108,0.6429275444415772,0.5678021899096571,0.5062538729668221,0.15386406537201813,0.40633228795259735,0.09420306252893518,0.4879612340045387,0.035530185926939795,0.9977441307670092,2351.451669181079
0.13006995594876303,0.3068022268373335,0.21345490932199407,0.6555176477218192,0.05488197998776212,0.16906876838645502,0.4107910712242223,0.9094672553718881,0.8047579874337548,0.4982025601481683,4858.192096206205
0.39254734478388253,0.16231575490301087,0.03297336007279472,0.568019447804564,0.8100779226563654,0.8544136638255732,0.744142866023248,0.23452326894822484,0.5041524914658712,0.22551013119228058,3551.00089262808
0.9832604366730506,0.9641434522069973,0.012100800336967699,0.04280862292545318,0.3526719751639319,0.06735669232397168,0.0066389561111586115,0.5975898285861571,0.9548707944203607,0.0075502619342812105,15225.691137472228
0.5895165437903904,0.5682052363846073,0.04130363277406457,0.9502314671869578,0.7759351339989807,0.3725477504506032,0.7298702134880019,0.5152011406609618,0.6264358906434778,0.9335029084852191,1729.9217519789004
0.3726993460458934,0.7332555273352382,0.3662438571656811,0.5831126937732284,0.5391291696419028,0.9197243415956344,0.2039032063059174,0.3821441413430571,0.4238274254596054,0.2147814272094899,2665.673207658061
0.47406657533322927,0.3864564519402336,0.38779103298185813,0.04147615571813357,0.8259105049222045,0.6207531556714321,0.7589135323598146,0.18601450706181266,0.8239385969326339,0.8156834978390255,1702.1656495871994
0.5392975563864039,0.8895771887295573,0.6584420620348955,0.4878794613511265,0.13869616211742097,0.28195410810135013,0.8946087357497715,0.16998188330271824,0.06865847961807259,0.965674401559494,4535.039825774159
0.47652730902693363,0.356460803152734,0.8416381350146748,0.1549935808559869,0.9622598533783018,0.8256494283202146,0.8902623804546087,0.9067763957229479,0.4733102127750044,0.8780052520173277,2707.7214828542983
0.8945328920207101,0.9822729072376333,0.05441873290339039,0.8813748351173882,0.313407861867646,0.6584792504080165,0.6879510625014088,0.036797088613817364,0.5735853021134288,0.6479072222782566,5907.082568302638
0.6006205744881697,0.9018651769443684,0.78777590617319,0.39988246589415466,0.6266141717006442,0.9498269259970207,0.4583519306717522,0.3632434744189602,0.3350476791902003,0.8393793943353673,2340.924368566641
0.9008990175164304,0.7378477440497409,0.18212372051478087,0.21276836812097177,0.07226470007375618,0.3984903990344052,0.031628162870858345,0.762496819953973,0.4776315421432821,0.746518346371358,4818.238286252432
0.3726444655594471,0.039076902053178375,0.4236745171741195,0.1591752353566639,0.8267899624181662,0.6901273160877729,0.031928288400648874,0.9264939430235821,0.5968607729879574,0.34195229474907884,3796.1542833004346
0.6147001344297124,0.8872796373972712,0.14143204424826927,0.982880594460026,0.20722074878398222,0.9280332498525024,0.7089802664270143,0.5418277671230319,0.28055281332018,0.0464106272470739,5299.616867667236
0.5307495430355581,0.011568330770219237,0.3606433266007073,0.6483142070649545,0.09643434292827735,0.019488997454190637,0.8964183626556038,0.5121385361144586,0.7168552412134122,0.9583581115123893,6019.048347180341
0.6510708305398742,0.324757105831055,0.798112556778744,0.017275651327911867,0.32226339697375617,0.0107649117976083,0.7348120276154884,0.8870603477948092,0.19300740601045152,0.46318806235478716,6360.483216352242
0.12976186853655636,0.6382985020892983,0.05445368080983848,0.20776030077499963,0.3427237371218018,0.6646669139357638,0.920710720570288,0.05220488194402195,0.6569379313614544,0.16352220510009008,6290.198453766417
0.6380022403695546,0.8771750609684219,0.5927355141710489,0.9431516545692729,0.9829026389774065,0.5347456760909,0.24991740953951236,0.07833024124806243,0.8051095755324333,0.8096215701111008,3322.816076442153
0.460846842200091,0.5461419205362007,0.1854259832805979,0.6388043853670429,0.18879265831614134,0.8006249633246928,0.32170152636491134,0.626980014202205,0.4414638981066381,0.6980606362272619,1090.4297872465186
0.6837533413400717,0.8158244563582799,0.06405357074049944,0.17416000530171238,0.008696755214919083,0.8623463830587323,0.9420111990012348,0.7666897180634639,0.3543628203625333,0.8068928566559584,5814.454280027355
0.9286977173121849,0.06258705882821347,0.35635740556344775,0.9067272660088015,0.672578465224965,0.4250800413554623,0.7110315538135519,0.7055251738557204,0.09909590072131746,0.749342941037546,4977.986866946358
0.7222657712201437,0.3950483756803689,0.41707567360629894,0.90596476474978,0.7915408430347858,0.4977690937651543,0.09042893956320663,0.8378872786996919,0.22087813525049171,0.11064409955010546,2920.3371543209696
0.018136602732382046,0.32484906672889313,0.5365390709928063,0.0165309891588149,0.5852407636381292,0.07206242829681375,0.6639860605895054,0.6736775509592787,0.4071515847975603,0.2537118729950555,4587.334486769561
0.7881975709111595,0.11317487258870629,0.3730431642645401,0.30818298990503057,0.8195112310458958,0.07012263217596748,0.6169144687781246,0.7774828552220203,0.43475415215450075,0.3395145230141716,3939.759595345789
0.34063908765074213,0.4639692203563982,0.7087407642533929,0.7506015020618818,0.6669138198425846,0.18435428127318143,0.28638826504178116,0.9797055368260245,0.7969428144167333,0.2813137771356856,2307.9723126660238
0.7922117126337558,0.8085085423859355,0.06790054161457892,0.6758298589210395,0.061936596596951055,0.3833137811590924,0.06645499602450777,0.7086777110191786,0.011836793335363804,0.002376199719002936,8292.950158163874
0.5651315342232847,0.973200082572853,0.5476718961397115,0.8958545432793457,0.646804746769037,0.11971587638110537,0.8491001963531176,0.8435701010745978,0.45274186124734717,0.21970057005573873,3133.1746702149608
0.36091176596783237,0.29720592801422074,0.1954072800442218,0.442548673710228,0.681977753333061,0.49627694206770734,0.06941360356308668,0.17721438656219524,0.2718500224200029,0.8302587785290383,3675.0927376868867
0.89483355791147,0.7748488984791463,0.9516300548908285,0.14147942828954052,0.5445032931489535,0.528277660190798,0.3765844998575145,0.8335361456396795,0.6411708219967674,0.27396942147506254,3243.3554476996164
0.05502591507462318,0.1665646597956132,0.0867698820896925,0.3734898741922952,0.17426605073813006,0.3199450134556422,0.7812822778383848,0.6331491515478611,0.2947348980620236,0.4304328836702068,5418.145468216875
0.1717607470655328,0.9515835479327612,0.7490897917332335,0.0892108294348436,0.6344420813261273,0.14033626428849388,0.024191460278273014,0.9662362875903588,0.8077372039468946,0.9851284748719187,4413.890406541575
0.5464427544985434,0.2656373261241899,0.2997003288966096,0.27008653830590623,0.30508609094115224,0.15304215763173357,0.9901628408932935,0.6998237786101139,0.7339252274263387,0.9066487805635385,2296.682282535434
0.5729936519106276,0.036150583920592005,0.8365802910837271,0.8760796132092578,0.9660747628668548,0.40417979238279533,0.8562211328210618,0.4375101953972035,0.8449588650135683,0.18499352554456427,4201.979775620598
0.2436096461272519,0.42281466792744504,0.852485814539695,0.6314040444616656,0.6655478519357331,0.9338891934961324,0.29494947166462393,0.8558691731233989,0.6307410258560021,0.7704687848871855,2581.8824011207544
0.07877044061030214,0.6397610255295066,0.6530552344779892,0.7296858785474363,0.8092747328852734,0.9814910134140341,0.8964668973711704,0.7543172487077933,0.09933606910608439,0.07545850426257128,3796.3568948074835
0.11767522291832389,0.6523659362042716,0.6481263617514292,0.4079502157368141,0.08099521318540859,0.6558589882916466,0.6112001286785,0.1943105359806928,0.3750152763036284,0.48772228964119935,1794.0301498529193
0.9405892407742933,0.9203912153772853,0.2262973687111024,0.35260926452214325,0.9024313402357401,0.531351993743528,0.01217463190286161,0.28281153788099644,0.25441447038961285,0.8930684871663661,5766.107244732266
0.4195623340638712,0.5802425176190174,0.28644572030158577,0.6583374413719048,0.8675601212604699,0.2673143558755875,0.1741585685412771,0.42583166784821713,0.18198953294779885,0.4882816230570728,2520.826874371061
0.360456378836298,0.6710858917506864,0.47375650063264796,0.8239723817569641,0.056225953632184855,0.4002809521417201,0.22767203086059662,0.3556800036444696,0.032338111172231065,0.565382231339065,4694.914207827895
0.3204011997398153,0.9376385074373,0.6707907621839574,0.7603969188689877,0.9684294604252657,0.2622596295779518,0.7979374858561549,0.9118949886339962,0.3499378810063193,0.08776988090235127,4332.55427646632
0.3346566069598419,0.7371401924022514,0.4346885704041843,0.038373112209246885,0.2428110539172198,0.172740760969326,0.15279563539598473,0.9595970816627107,0.022036939961515012,0.28730097768692087,8888.38845896864
0.3160143347094344,0.424365360759821,0.21727736407869624,0.451115216282732,0.6641050460230314,0.6678783116325278,0.31211583691741995,0.01058948952851857,0.7977083496972145,0.11760948282493688,2852.3514597670337
0.4671653421700447,0.25635292940139776,0.8265135816780604,0.2455697352888545,0.2814551361921366,0.829007560683072,0.6136722145602106,0.19063562201922768,0.6480376422354509,0.242179479333699,1917.352412302112
0.2302162669757878,0.5551451566331563,0.15366272687787652,0.7562630126313672,0.7325001828757874,0.8694645952493167,0.26373181671040136,0.8784327517560909,0.04555008400250726,0.4685660864201523,4319.338784070069
0.9621549646550017,0.3370606024569538,0.4034577065005398,0.6759062649715949,0.9100700973675029,0.9311760429472287,0.9499480824351907,0.45663513091027197,0.28238075454999056,0.6496052670910555,3374.9656646726303
0.7334356572061531,0.22957460805495,0.12644126253807442,0.16042419997297963,0.8264685247815438,0.6957808724874498,0.188113816871044,0.726461456704764,0.37134987932214136,0.025975165006929313,3552.5873313824904
0.4996301585205083,0.506698322514245,0.903062015419535,0.5932900972866284,0.007582871035561656,0.5623951882560337,0.4817525494923952,0.2423275555024974,0.4387048594718085,0.9586400329947281,3131.7277225274556
0.8992386089300956,0.634558996059673,0.40578673813613997,0.22753095831661607,0.7418785369985764,0.9146016460764993,0.838654574733849,0.7180946715592184,0.8979599368904763,0.07427334384460615,2817.3786483506383
0.48371412310533957,0.7672568529338725,0.8279421232306076,0.1562291011834217,0.9045047103591374,0.7594736969648835,0.5107888657542536,0.011203141158200647,0.20414894303775677,0.3640911230165019,4727.47591786619
0.5950659521609492,0.33556059668721105,0.8336362926385109,0.6864362093196813,0.895648667297321,0.5608238867522188,0.6357366660796147,0.7131260014743059,0.08497444906476193,0.1392331507091995,3268.524229913848
0.14977307584489608,0.9208104724314072,0.2649245734015646,0.590834937599994,0.1802512523255434,0.44278450837758054,0.8263656795584039,0.4325533601442938,0.6407951808618221,0.21582786624871053,2806.8576919590364
0.13229747602656294,0.8146029239191706,0.41872851908699416,0.5383104390440151,0.10976243304309474,0.15333949186380447,0.1208189177920943,0.7854475720149346,0.8666674110674046,0.6596508395307048,3735.31218964487
0.03350810500695023,0.5793175249668344,0.5662022959208577,0.597497719864097,0.815089581123422,0.34621495781706635,0.6335130208834263,0.9588736053187238,0.020706413096181597,0.464602117997472,6138.725847949238
0.724105795219756,0.4902370499415578,0.7791542397893244,0.36634510463056047,0.8007307364168312,0.5959601527231685,0.3896507040394418,0.9121718539096371,0.13194171495135376,0.2967544649048882,3612.624397483187
0.732502104937396,0.40816423678449165,0.28181043294102304,0.30066974615626707,0.0910494097539053,0.588742292299769,0.06156336477197155,0.036446249281140486,0.47109357560670506,0.5055326329127743,5630.622672558348
0.2841874575335813,0.8604732123614101,0.9595360709487272,0.9853416339014616,0.6919177330899952,0.994139448375051,0.8841764034060775,0.5069159161426311,0.050548936731857896,0.8371733851027884,3154.0589663287737
0.9304861030828548,0.6379903791324942,0.052606938106152246,0.5772101082201909,0.3549053695192539,0.8851272785606581,0.5758649320233553,0.9091967728165645,0.8384618473153914,0.6818793764342201,3026.3910675511756
0.7384587196816732,0.5534034919139809,0.17282861880920186,0.24303656417109254,0.38188654060823546,0.07181207137000345,0.8476139495134456,0.9207919397026275,0.04646682231517152,0.47482240506216467,5174.035249881933
0.45546201617720017,0.9255090337074106,0.6480219863891563,0.7074647538935132,0.17078921340609854,0.16697057620181488,0.8206699600564058,0.6824414810780045,0.9971633471984352,0.5641345669327079,3877.263285313512
0.10217892884464441,0.9797643021290883,0.8618463501852035,0.11245697370634489,0.875934186438195,0.02019732816881492,0.8216044492578518,0.8916610679117031,0.4612290467613639,0.007770687070994264,5372.653233144879
0.604271381399726,0.25858115747313215,0.7080824765262017,0.04556946303967824,0.9171585923418983,0.15289589217812471,0.31681943960556747,0.604690980183847,0.22193551836438463,0.09753863542755115,4481.430453078192
0.05661469167430755,0.010411718224420774,0.37265123724990934,0.8022813125081638,0.030471611258028664,0.8041489498566053,0.12147004724898014,0.567858700760923,0.08689620475864013,0.3524546782512836,8978.763171683713
0.8613149228303117,0.8955890592253136,0.15556011372268164,0.7731849008638352,0.9529508054736947,0.7080027079421062,0.4102133868214688,0.531380582694384,0.48315690149629187,0.9482269396599808,2677.627008524484
0.6124722880975972,0.30008487915853255,0.44764975160040266,0.22747555519190732,0.9686027278783825,0.8609163182966536,0.5335707211561266,0.7012128202340022,0.37910400493297314,0.42007399777181065,1390.591034463461
0.35865377872172466,0.742273403494221,0.2419093139502182,0.1955221282134627,0.7006636996311224,0.34874840744043323,0.8803054627007596,0.22193852813659942,0.523932651120623,0.14660048977920714,2814.5796270304577
0.5981499648679499,0.12104428571954728,0.02960862880746018,0.5797407292363322,0.27313491933315315,0.606979209489461,0.2692063802610116,0.10407639894399134,0.6053672383230588,0.12604040998246302,4642.066713023393
0.6191474835752604,0.9619176387622671,0.6618221238136448,0.31539723604226644,0.5584847321779027,0.6723643782513133,0.6755547108905593,0.6284969149875664,0.7999914044054514,0.959089113189908,1325.6175583717798
0.11228798065741119,0.6916435497697908,0.4741212273567714,0.7488001953573044,0.5325035303720892,0.39126713200806773,0.044878298635108504,0.03424635553721722,0.41250638158237274,0.4267245274288811,5097.509179888334
0.9983576511342573,0.8931340531966965,0.4549142637138611,0.39302296165135064,0.31544277545763855,0.7270322571305039,0.2229895773195243,0.3396674781568807,0.8414116121184227,0.040947645115317455,3598.727036610613
0.6335553131674088,0.3232308319752589,0.4875371813281235,0.8461399306379684,0.7209092352566894,0.23579916595716,0.11908821091459798,0.6419247670185507,0.2839172160899618,0.9818872156579226,2067.821155362214
0.04511116766269552,0.17190193917604923,0.7114769224178693,0.5171255840597708,0.2051353776896373,0.48009984169046627,0.9878797555600743,0.8226937182226972,0.8675623609148561,0.19983668296498247,4780.463779505045
0.8203479857549149,0.8649611292650083,0.298992332736151,0.11112740404113786,0.03568694593138333,0.8856592597275892,0.08067710428376695,0.17533604716348306,0.6334963411606775,0.5253257886644861,7046.555606203662
0.05682997876357487,0.7027935999377471,0.2167998961061317,0.3446132361429647,0.7839435928442758,0.1006564298028545,0.7732559466694562,0.10992398460751107,0.15958383749115834,0.908027087599818,4568.440307823872
0.7122410707790471,0.20344676811949158,0.4166787585096072,0.23107671234092386,0.18604446198794777,0.5243491022600861,0.6976361421596473,0.2285376250383475,0.355810203493818,0.036444027483177543,2772.460947746867
0.2699740244515102,0.3161755773725856,0.6624287387455328,0.5846136602715996,0.022446938934386207,0.9632343461214516,0.7388407451122306,0.7535354100735114,0.8827921749627866,0.5581515170083099,2087.7384843295604
0.19141166041478086,0.38702833587345165,0.40213304201546385,0.6837937939286303,0.17923976265205865,0.38978788250046725,0.29809846430832754,0.719569245898477,0.06749419295350911,0.019344516556775715,4402.353366125475
0.783459776601605,0.5010946195087322,0.2985457664058464,0.5648710568930986,0.30509362363324277,0.565694038640475,0.6954143365850802,0.518570697667423,0.5875653031327873,0.032098523855439653,826.9710043098698
0.3366715839017742,0.6958061133377735,0.5725154042136597,0.2672096477940249,0.34632320434450914,0.592701649506459,0.6133300447846468,0.1902061724416697,0.8350500186694572,0.29542817647509245,1267.2773189484042
0.6336743486825874,0.36847339689817993,0.08968265730955205,0.9601321316716759,0.1475609791797876,0.8030386472210167,0.8267892355613753,0.07602230203886806,0.23309988019904726,0.51002973786836,5733.811976077485
0.3419094283089209,0.8822878263917963,0.5884978511718721,0.5080300079233258,0.7232344836767828,0.3095520711316775,0.3662620263706352,0.5488106059786664,0.2160955538222824,0.6794915763918371,1155.416905341553
0.7826812677650218,0.16591467090451617,0.9855261242087128,0.4541770938500308,0.2628786516427025,0.20456045477483986,0.06005016433863952,0.09651423476265641,0.10615635442236859,0.5348955576636452,8328.970388297319
0.9504058170771031,0.5232944302818702,0.1655919609510481,0.3852496751056358,0.9397645346225862,0.1431364688414769,0.32044148504914793,0.040422490120691656,0.18853326396414005,0.4956660549967836,7695.916448229132
0.1562785787609069,0.7446191643752111,0.19302273344702903,0.9196034142399827,0.7453601842301707,0.6844014221479838,0.13417197151043603,0.08431257494643907,0.21092055285932687,0.1727560452511706,5022.251537070417
0.7048019143815573,0.3409138928449499,0.05473475726899257,0.6043223984224075,0.5525429169349855,0.7852192173656718,0.3296145485878914,0.74473188360473,0.29299306209764797,0.5424000749875503,2311.2174234286404
0.593092161961459,0.8616141443447188,0.4295595037378621,0.08966741686629898,0.43452939943835134,0.6613010084198375,0.10023337461802784,0.9817269163516743,0.33272644158957443,0.5417862371055193,4332.982994063558
0.14992578795078138,0.15159671591177837,0.5515198751346637,0.03954692962141748,0.16253876332309036,0.14967373625083846,0.29590865925850063,0.7404559358985101,0.26988987133069964,0.37373328989594934,6412.986980197475
0.3002509060142483,0.1280816151293468,0.4172631546188659,0.26541280615643426,0.8118983799320717,0.9844108554534438,0.839316707113031,0.5071190619037103,0.68076798297646,0.10560098438014398,2651.0720401672984
0.38823043002864244,0.2001892990002223,0.0843092890492152,0.760627130914128,0.6616009460479164,0.05724786664540016,0.2460071585223379,0.19512330599782823,0.21248481849625778,0.9510738456657137,4937.911414848516
0.7665537159589704,0.5019594286319159,0.06739657502079854,0.7628729915107615,0.6783930469604822,0.029608344404495,0.17466839380107702,0.6423714067456894,0.8751275186839926,0.5238120948982717,4487.637101217606
0.809987546386897,0.2546478014346715,0.2222740385351527,0.3176286725064378,0.762220974716021,0.014854749113294652,0.9092855531196156,0.8688123850121712,0.11008891865428017,0.8989144624901959,4492.940625996344
0.48682165596096094,0.592930388612698,0.087724713846556,0.8254732459004905,0.8727696116567953,0.36990843382311844,0.5951050143419994,0.8448536439108734,0.0066715336979839,0.24224314596650276,5393.106659147239
0.14373800787312796,0.7454093030772286,0.4268144965461098,0.19007709030440167,0.2616239214916338,0.11357475591740485,0.36750076590803005,0.9349148537874398,0.01836557882544787,0.3267127633431849,7158.984851803509
0.8236148359217289,0.20302529291308602,0.17991297503124437,0.27862935146205103,0.3771673719175658,0.02619480546694497,0.6667956216487262,0.9525290045453904,0.2751646927872705,0.6921478492226567,5615.246685032386
0.08675024235864692,0.30200581214633637,0.01180477386766432,0.21108071463035516,0.25654090936619034,0.0006228816613512711,0.24165506827756678,0.6618781877214948,0.6127696847240871,0.6455061462520669,8374.68815970579
0.7549364320466744,0.8926867403691107,0.881446552312338,0.5091404828564121,0.1731390388829297,0.4084327791573511,0.6739704031815485,0.3044364574942955,0.5904103268234088,0.26129070729198034,1572.5079995063475
0.9754660581206129,0.9444738147751118,0.4777307005462743,0.3508088642613657,0.00719712256877314,0.31765220805757843,0.4809952822943604,0.5461103994764849,0.40143381123793553,0.40780604938787246,4209.331484597803
0.9837988851938095,0.07586253642431884,0.38153394406154384,0.37618541778178993,0.4898711735266329,0.37418545816886284,0.16884018063472517,0.9119115637033787,0.18200005163482635,0.35697381307958254,6516.250275509758
0.019784498054239652,0.8668221913007126,0.3376080728666462,0.98713075857585,0.357234395483658,0.007362636281000534,0.5735785259052812,0.03656951729903013,0.7577869023629401,0.3578558431611153,6489.073548953697
0.1915336804952914,0.14864877368125107,0.1790140417208106,0.40818074886308897,0.317908630819398,0.5115061605684084,0.49854332754225905,0.46464684651395816,0.21912928675208765,0.9204256046010374,2602.672517003917
0.055362245827376366,0.8495585699407241,0.25215083529129456,0.22390146577124848,0.3485044829714311,0.8954526216557313,0.11221187045074166,0.14486918665763293,0.15154514422302623,0.8861610171129358,6420.482602632802
0.25412104929953216,0.39290948899279543,0.9592356178394463,0.7491377879362436,0.6432708935141471,0.41428563336766133,0.4526039335655929,0.816346955876214,0.584649381996597,0.7858334710171477,1532.6862274388097
0.4540690801231455,0.3591018348138071,0.24254288813470004,0.6355403626347951,0.9157062783311337,0.47719470520472484,0.604394644511244,0.2587799961290045,0.19008476194568935,0.927226528003183,1886.9966625857112
0.5168336321995805,0.2631550851334252,0.6926665559938249,0.35400936858385523,0.6522088201552693,0.925183220108925,0.10735155016466802,0.927049313996323,0.4142400881693614,0.7634450764699311,3632.306223997376
0.8724510222384073,0.10264621856589673,0.6264468029066379,0.04765841295508966,0.8627660303243917,0.6713600299729332,0.3770978867072825,0.3886909073567969,0.4352546117699234,0.877961907782286,3209.9860911084975
0.20145999611286192,0.21366869718353532,0.3100393739241858,0.39092882896878633,0.12764812826204786,0.5519905449358374,0.9837748763070957,0.3832441217152154,0.7771957143323289,0.34040472687537304,4463.728002318641
0.6426774984451844,0.565204050339077,0.21318966561310126,0.43283804772856804,0.7134667128359652,0.16893075328194418,0.36900660404427665,0.9383863321770908,0.4841428004124081,0.6342273637613899,2649.250297302258
0.12985357204863912,0.29096824198064275,0.7069177361179888,0.7348779933852702,0.0656105921142992,0.5675405747112758,0.6395322934049231,0.0019753061083918055,0.5109934190789999,0.8514903918185582,4686.530698723427
0.9591491765885595,0.6928952027813956,0.24460465509106377,0.3757774433912252,0.8348688378336596,0.3381320292176191,0.01297519460410912,0.9565366841759287,0.12717896441172094,0.3891378709029094,5905.284872455506
0.7799270890421154,0.5450046873375546,0.386977128224991,0.552197707755524,0.035053630501533095,0.13735362992619637,0.07525406268556778,0.1947825001038722,0.1347928153455722,0.1942562892664167,8078.631867025129
0.7206435711736298,0.16756804222680732,0.02942050054005929,0.2530585584146142,0.12497582927453643,0.3140023376974024,0.6461333295229285,0.3630601463534502,0.3369186747285984,0.9766616455049124,5761.238631415137
0.9517202530179029,0.9763609139411935,0.051921843875836426,0.21113638795957446,0.5797754468592584,0.7533261886700545,0.5167370772085657,0.9069288230725654,0.21644882375542307,0.5462145030996305,7148.583084630599
0.30287858147022984,0.09988109420101565,0.4197394136336893,0.810349633579975,0.8463222100540295,0.6485123567966726,0.6706719143740842,0.8118874428965965,0.476386670828018,0.6057179807076841,2007.3379583987312
0.22911745316870502,0.8414878367992779,0.8524966063462732,0.15808511617949506,0.1373708865591633,0.4887385696644221,0.6269064492528506,0.1380363728348014,0.4760206208958294,0.20741975499526477,3676.228963659594
0.5959686022428128,0.5754193025231339,0.21708430576043747,0.367075718490087,0.7471051803809665,0.8368064476547233,0.7368013822437972,0.2589021231499179,0.6037296411751358,0.5785658728694314,1006.3495054962206
0.8798341714303138,0.006223456254499715,0.5762555707010598,0.5172479365546254,0.20896587410060363,0.7653768619905721,0.7464026721349396,0.8593697704043346,0.679324352166091,0.36650885979407066,3604.349855180246
0.16144801682592036,0.9776342675554391,0.5107810875108966,0.6947369265772428,0.7212405987628524,0.22840415031972205,0.9381732355363746,0.5321858985105545,0.7205378215050768,0.4487955203426268,2802.899453799191
0.7376436800285769,0.5292912255659594,0.3486381583271687,0.6584206306509994,0.9150401647205582,0.6342684075148408,0.8286872029027872,0.975087524331141,0.32175802507220685,0.9140955955891988,2876.1790372813043
0.7610017694122087,0.5607764020968116,0.632679794467107,0.703311511641874,0.2745832075815041,0.4616021235391258,0.6801925630807885,0.2389478128550867,0.5945189287968343,0.27127606844598195,926.1406696914942
0.3849519165576567,0.8356621935953862,0.32755284717475575,0.5354384047300185,0.4242664563693619,0.7683612520935604,0.2840153085895947,0.22687033549324698,0.1068801136531986,0.5568605086495085,2903.024504369582
0.15533677377404043,0.058936943865558034,0.997619798567402,0.9785245134299516,0.8925959819685654,0.35525239404811837,0.5878033978243179,0.0747877448026334,0.3381945133718729,0.5537204865438738,4872.528192295528
0.16792322277134653,0.7126632351539124,0.6129297652606933,0.35954154254690707,0.15539811455184938,0.8699285081156793,0.8353937939904328,0.2449498514052907,0.165737314683167,0.836676573975378,1929.9540953277747
0.7188811645558858,0.9533426375033027,0.5711440409817738,0.5304178643570157,0.9992703112236087,0.9098450178377202,0.8677633956938227,0.9044656161119404,0.8426486753463295,0.7206684144408793,2393.2604268615178
0.31153979676233656,0.960885575584447,0.4006093079716908,0.2680387405263114,0.08121679337473942,0.4655546113771154,0.2824154562594804,0.05088752296585419,0.6242489557447278,0.2686715906793562,4875.122130130293
0.6441251796518265,0.6016729332532633,0.8730762300922701,0.9583068384956541,0.2741742370536209,0.37880563653579336,0.4827800254073311,0.9231572618481244,0.25859408998372435,0.5490100137192122,4008.0073584888614
0.9426106647569459,0.26637539906828245,0.07256145892869914,0.25667153840887824,0.7722779025482772,0.789863786929259,0.94797893260021,0.03518673860702892,0.3400610414949694,0.07213707018379734,8589.054318651113
0.9712517627842365,0.8811657060480999,0.872206697358071,0.14985200703983792,0.6511709111065814,0.08361674039011924,0.7026425737851081,0.9981956416983538,0.7960661881944174,0.6158538201644749,3830.668824094147
0.8453723196101248,0.6327723164418596,0.9712898202140221,0.6540799015913688,0.10355622138453191,0.7764462472615561,0.3381148829656132,0.3321316089041484,0.9944507019978922,0.18462774089230372,5287.068997764989
0.3341676218859613,0.6616854154540338,0.9298007903929157,0.3545850178759149,0.7901736558174779,0.4766116863832489,0.7246922781662979,0.8171103102870471,0.23039688603230946,0.23052520886199657,3036.293921125072
0.44994132008895826,0.9653955636200707,0.9470148015484061,0.10568870767245331,0.39754733708948287,0.6829060989717802,0.47316783695720765,0.6976159624743264,0.2409821062634323,0.6253053775556883,4191.475867608274
0.4715150131245569,0.6821331199163666,0.5014220245050205,0.5390458216762459,0.26328616357428536,0.8736699038599389,0.9997664710636879,0.12664973975568916,0.13451104564196592,0.4274305880287924,5203.367863301786
0.27322841724821867,0.5666191315110798,0.2204176071997489,0.2981101617946721,0.9864534362170158,0.38608868119782014,0.6162574167831767,0.7512566908448881,0.4902098587150415,0.580724787039146,2768.273668070893
0.44005309116228364,0.5230632410263797,0.4665668431097313,0.8462025471320522,0.07716527247548255,0.20782512084451166,0.11786680300841779,0.696067383877684,0.09566202511412747,0.40441692275370555,5620.023010610292
0.9740541875741665,0.00656779025818055,0.985913272802905,0.5740798868685724,0.5160729896549119,0.4289970508500567,0.4092466707382617,0.6864917505362726,0.5407588897641362,0.6641763110687592,4831.9874349122865
0.6748874021378435,0.7527356904016985,0.9829257555745708,0.12346241035577565,0.08438709605061379,0.23259845620674635,0.4441389826348092,0.6616640274650321,0.0492962684458258,0.04486153958877026,9183.09341681628
0.2805535811151877,0.0687335778774476,0.2750035229294413,0.5783686403474599,0.2711853777040216,0.7173156036437727,0.9014948496069612,0.9943087239777563,0.15976477496472963,0.8497656306656769,5184.8734869746795
0.30530213318177135,0.5503841774737374,0.37087195540456575,0.6346523548786834,0.21998484962971432,0.6993232782002415,0.470024670758881,0.0576025482275776,0.29198671665306275,0.018824641996769698,2928.876314054808
0.7052742424501575,0.13470095091689216,0.6538029197215497,0.22326578845742517,0.8297044348144398,0.6227200616852405,0.8491198362898226,0.4654908369211028,0.9344479767035293,0.47928305135242655,2905.1144981044176
0.9150628448582336,0.4940472320901407,0.44360201123132414,0.4226645029984708,0.8210136716062987,0.27419934949027636,0.3395164071282061,0.10944360606591241,0.22056098015183112,0.9254904106190638,3494.624160926333
0.021756989967788853,0.28609695427233073,0.5173304066003859,0.7917701033241594,0.8220759715811659,0.11932444744798154,0.11407976290698663,0.7470163338414113,0.07408019536751598,0.2849857485678622,7084.205831267328
0.2552640650608209,0.38599386605563757,0.35989741370652517,0.10915018922487552,0.9915307686333491,0.09769840404898811,0.42846726863816864,0.7914791788916506,0.9555683224700386,0.37518697955008073,6082.040905628305
0.37728687152284945,0.5110112486498876,0.8028684909163664,0.7794505503094327,0.6365669377552364,0.38773732060965294,0.8289824792919461,0.7692063244981272,0.32690772949099056,0.40034834716745493,863.2973097052758
0.7008469888158596,0.3348638898869114,0.7411839939313346,0.19399722191559454,0.9151342394714885,0.23165582547626962,0.3250433082515267,0.83770960905143,0.6314133176028279,0.4558090110900488,2755.00800549406
0.7620680476102265,0.22973816658209145,0.11091953641051333,0.13226773578649487,0.8750620709461365,0.7706514154731094,0.2510433933511943,0.8559124702177242,0.7447968095263466,0.5284367221237015,3604.9942861481222
0.8635311141574563,0.704399052477325,0.12898532807629548,0.3477966097498757,0.7846847013400797,0.5401843678527467,0.6336681508282569,0.436491502482507,0.21991812047663384,0.5269805396518684,1952.9243833469877
0.966888001594995,0.3231358243630932,0.2943944779945239,0.5264208835525608,0.8492325044382955,0.003282852450184337,0.8014363580329769,0.7659464247266888,0.3308582966286696,0.05447013743393725,5325.996302933166
0.5149469957920898,0.7408196523784808,0.8173526936141059,0.9457878020417386,0.6949603796376058,0.7493833109627849,0.6343285171561475,0.9601626549973004,0.7467412060514428,0.20512074731756813,2002.4237362027864
0.48095047429761695,0.9701184073759542,0.3349961090586965,0.8644093369990578,0.11533081826438929,0.4525265822850135,0.3809446055724077,0.8374371279006835,0.38759801140645767,0.7929257354429122,4992.226015338953
0.24907769506435729,0.7077467458826402,0.04012250185980615,0.6590967387321965,0.15199063354287456,0.8865214915380079,0.3099393365166542,0.19754658194358155,0.6263264232828359,0.5612522294682996,3166.922590439461
0.2582267666002884,0.45767401507387184,0.9367472898598234,0.5880009320885156,0.2496846565628016,0.8160914959698979,0.42414415995608723,0.5075886740905575,0.4759031254443987,0.5941300751052415,1670.4327232259352
0.22349944924514253,0.3483795046826351,0.40529987732948924,0.23038448618327256,0.8454483498813504,0.03610254357079168,0.34002301070041985,0.34044656343974666,0.9355075520610844,0.3921567449262655,5146.019139592681
0.7285612408777997,0.5354960110475976,0.8767690335704039,0.2612374056822754,0.29370967907942225,0.23080998605728398,0.5464047668649522,0.6934533158642752,0.9438334510901806,0.19601586411498628,4130.327222431537
0.18475218183841247,0.9215735915653912,0.6016977199999769,0.24923205420463435,0.2356655800291051,0.14346152758933528,0.8579679921922462,0.39613291429179154,0.25209678521081513,0.0964338109415418,3285.05043198748
0.2931630439229187,0.41045941097437255,0.4501217214215748,0.28979195780018496,0.3039263760760974,0.4022599230528515,0.3158564804425954,0.2510802037163147,0.957286712255438,0.9203482573603996,1206.366467323298
0.07478357594981022,0.4090002446665094,0.8922311091536108,0.5963818638181569,0.9774793198958815,0.9033833144886972,0.02137504474831431,0.5004848055703007,0.9108279231555697,0.3191550666761064,7268.646441750637
0.5554834938079984,0.15906695377825208,0.8421919068691399,0.40081286969707186,0.44140118243136617,0.29128913601758155,0.791125012142674,0.6454612842956631,0.754680594000185,0.3384454317863671,1258.7245078058056
0.30342860633039803,0.7275921206680334,0.5420461696216307,0.23885255214298629,0.34262087615068704,0.0268975530536385,0.09164580911571318,0.662610105518698,0.02948176342244757,0.5486883543352958,5799.8455466946125
0.6888705660438501,0.16942616824305434,0.9739840981612006,0.7605524507131834,0.008664416664327823,0.10681345030786349,0.7652273222243288,0.18022332050303158,0.007834842033244804,0.8658856924869472,7592.164925403424
0.09638448207624462,0.39618364614250456,0.475794320504039,0.9686335846798492,0.08391405999190682,0.27188932284770884,0.2179425498128288,0.32348731642991224,0.1295785125174279,0.9997383201948059,6512.92756486138
0.016287823848783467,0.03785127877600125,0.2034928014755656,0.4019437500041557,0.2990547519615798,0.9681020182787751,0.8736893614682534,0.8319453371007026,0.9394568021298237,0.8402023630123796,6626.106674627094
0.2514354998683541,0.14038422141184026,0.3706975709575374,0.9333514123943907,0.49064885035041417,0.5503560164410971,0.061075716069053265,0.45781615267599596,0.5407112288840275,0.35734179823595913,3843.5977512091026
0.6119555200690173,0.6249017043792879,0.3071564600952249,0.3048038192921052,0.8415496067113526,0.45588670450152247,0.6602592297114243,0.5159546457320854,0.9143172080100463,0.7480794101546521,1417.1742501158703
0.5015212452401965,0.4947050613470044,0.00279248334376736,0.09110008435752703,0.710108401796098,0.40852744214097214,0.39159379857846777,0.20720362621020127,0.4416080269939249,0.2857072427037384,4559.192761229649
0.25853248921659877,0.3576783582269797,0.17057450320519152,0.34214158268744477,0.3359654529131104,0.6385441420351416,0.20718056326277312,0.21395149805162694,0.24861630576403926,0.5597235021610838,2646.328132169899
0.661771569753854,0.4275900861119043,0.3643468205956747,0.9920271424661876,0.8469358501171744,0.6721849903270187,0.3845713556291933,0.7157396554212119,0.048331326241790484,0.5541369437194935,2865.383849436761
0.3416767087814663,0.7289096101463058,0.6815231452963019,0.20979713918334286,0.9102715013240438,0.6903061844232139,0.18310571902541173,0.27079151753891173,0.8259822965509666,0.7211409678994244,1777.340766713698
0.5334800176154691,0.33598094183763316,0.014749294948747327,0.08346606215000285,0.4868009558403654,0.21162645679791636,0.41143581361218795,0.3706999515544348,0.39637301211070586,0.363233268736478,4948.632991826264
0.38724286457572,0.891720172547317,0.4103956389322133,0.582725620905137,0.3355250685749639,0.9675293216686557,0.38664328210581966,0.7137330921710067,0.097322214380264,0.558342336326472,3973.0181233569147
0.15207613341901083,0.5376363588414936,0.9082707243006528,0.03535195046609818,0.11862241700447052,0.12179798304151024,0.3956265800099905,0.028445935319899918,0.05022081541264278,0.6467948169751082,11355.42195261232
0.9700174359112892,0.658496456826715,0.5309307561835636,0.5900160738232976,0.19393498484872507,0.19850824390022204,0.29050126207731786,0.2539682337490291,0.5705608357840479,0.6875443822783235,2697.5619245836724
0.4776140161144744,0.5392004246256433,0.18927166458857247,0.9552826468157545,0.6931359356471276,0.5302031256003155,0.4040973832837199,0.9828827435525028,0.41807132803349056,0.48042784611579425,2838.1820414505364
0.09652667289715522,0.6563972307955225,0.08911541052380945,0.9120854790039048,0.19327494801305245,0.020089152854827597,0.5854360736757511,0.15081975292670646,0.5347661078721417,0.4985607639751807,5355.001193813394
0.9739652470680112,0.10908225930715088,0.49163124623242627,0.04710298725593498,0.9105557091760956,0.142953820954555,0.20555347574755234,0.12683904095772147,0.03466914597387827,0.16723505405985495,11452.205899945844
0.5865191439601893,0.13030598119157866,0.3677864052619626,0.06404705899663976,0.1540692504087986,0.633109898324211,0.29578112103985177,0.24378177615541086,0.054169895018502556,0.3103539867704198,6350.539233400628
0.6507219096773902,0.1680569122210498,0.05978446708072416,0.3685733824517795,0.43979362482972584,0.15888575993013077,0.5691576467939482,0.9338979976248133,0.12465735113007992,0.24067658087754995,6749.02554443865
0.11213367077780645,0.00024106939285206685,0.017464012134687512,0.6082267067479502,0.9595533988321203,0.32443253281637296,0.006253539149420173,0.6428340106442312,0.8888800357693314,0.6072949589923087,10777.928490308921
0.6143860446224392,0.8248325821727016,0.9926359995360938,0.04347659997849518,0.5834566410741913,0.18764419065948468,0.10595836282120508,0.509680127921824,0.8004053699344529,0.9995451715927851,6251.344239953413
0.7527456457072955,0.11282218979619651,0.2740059139806632,0.2756588124732342,0.7263607109477311,0.2746499647224089,0.1099179575861674,0.09006664656480179,0.1790222794839843,0.4290765759924806,6553.427962783096
0.5112666755598347,0.4740700462089644,0.5488835191366046,0.5945344958003669,0.18748524635721175,0.5338462832377789,0.0565123871423292,0.582076912524789,0.08313554542224422,0.8069523947562443,2109.9681198220314
0.18548802307887868,0.08910179037829136,0.835871782595967,0.3094227846999914,0.2669007804165927,0.1335678926459739,0.4894057675123302,0.5784083964540314,0.05985662460653507,0.10841733542222642,5705.336539016765
0.6895356205842558,0.3075866343658368,0.09275110080604532,0.5415706884226593,0.3894763833256396,0.6200901268135676,0.1335690483449774,0.10421551829900788,0.9642665684316474,0.6432063491476465,3899.1150081401993
0.6564435643525056,0.5440848154562858,0.2728906172482475,0.08903724037001348,0.3186624203009366,0.4355949886814572,0.39828915552413835,0.8250649151147711,0.6318724612269553,0.6829200204922178,2264.142587728328
0.2776887907040986,0.2125701347174329,0.48081252841876465,0.35747420731398527,0.18943592588739266,0.7230870581321424,0.7558458908707938,0.0901329488351903,0.512861385846682,0.6132819834876094,2360.444765185695
0.43151611693013625,0.5552552497982269,0.9604480162094648,0.8474499809351205,0.48799891896504455,0.760209430752539,0.1641867128712159,0.6790573856557335,0.826850021502976,0.45611138714994226,2359.7355308500787
0.5126046835470891,0.7301514597075969,0.10963768741045321,0.8859551415997072,0.4251358997514342,0.7948239110602933,0.12095022910128328,0.8184052999897419,0.9150506577025574,0.8918393149194683,2691.02696569641
0.7576221846389137,0.5935605110778909,0.7622261713088364,0.6890383983633416,0.9068363117034882,0.9467874342663475,0.4389033903856253,0.4575221498844083,0.8021351582845777,0.34778265709525,2086.6058015893213
0.3914723239954697,0.9306019431651389,0.7586951243948046,0.07797772851700857,0.26190138020057585,0.6022915648344087,0.3937555322499302,0.37644118787576486,0.45435672785800096,0.16726645894843728,3144.603569254909
0.7299748037175987,0.7858350835974054,0.9457943352145111,0.5555438776313061,0.6081097204749777,0.7628011002424703,0.2712728259521813,0.9159007780745516,0.3288343726799279,0.1382451396453498,3039.2135211229515
0.5398079111478459,0.80916494153221,0.3402551311143094,0.6591584368208043,0.07343345924839395,0.77252076890237,0.029790051175199728,0.7292535036448542,0.9920078090348897,0.08815415794023318,6223.163390984559
0.1434052943634021,0.2590207901812617,0.6890555314083567,0.5414378591163379,0.00010540313947970947,0.835523926482606,0.5483625949880722,0.39688954592823666,0.08454442673351292,0.7876764702139407,2938.1984803860073
0.4121232125126615,0.3970245409638964,0.01101795424327845,0.310468265969305,0.6812506120474201,0.15009588777401406,0.36606269382257495,0.4895586904043965,0.8592924176536284,0.3063879107017916,4625.324338943989
0.7448093018498135,0.7230461237908192,0.7439140757860965,0.7235280992659918,0.8931300147709,0.6226594984822919,0.47707510173562173,0.6364069158775838,0.11848058779685944,0.9283784075378466,875.4701797788723
0.05207179583644406,0.05624171077897089,0.450869048129076,0.09263696327408066,0.7114324391297618,0.02002783138935449,0.3756770733144411,0.4479727709451432,0.5503113544859422,0.34961778337990845,6756.896647647109
0.7634032289700856,0.4382685580582881,0.1735259722369581,0.5346816664434813,0.21374354996895517,0.16152556483377556,0.4415235538515586,0.8114985747821385,0.20796794958618003,0.10806427031973054,3655.3711235850924
0.7299879601912752,0.8849748750875827,0.04722745131812567,0.2696837224401566,0.32198283401887784,0.01936008181346016,0.588350908089237,0.10662303364047065,0.464696862411042,0.44383071153805775,6524.8881783368715
0.5065249968615502,0.8436012211330978,0.057900537788316164,0.8205792124742741,0.6776609956200731,0.23951260048673684,0.3657373993965527,0.6381827349438127,0.5743532474594972,0.566444027967111,2482.8154188669428
0.7160289329150774,0.16798166984186047,0.9126388714609777,0.002083149185298838,0.6880317656278573,0.05382213224972732,0.17336131473734362,0.07302630409937438,0.3487910884409414,0.028930829985693296,9209.837561944114
0.6494675262202714,0.4691729136488507,0.5263153300323976,0.023573549285772155,0.4947051851196025,0.2910559431313293,0.5475107268010598,0.3710562545680348,0.7497356324454647,0.7801619103871524,1925.1922635148003
0.2505676292136263,0.6529956827840264,0.36466013055496316,0.018699525766054492,0.3102404132056039,0.6098423922165559,0.8749413554710554,0.2627617838517684,0.142448472773252,0.1954356248258723,5417.046617614094
0.7148097089128563,0.7054908287974465,0.863885381497434,0.10849820553810585,0.7910196035252226,0.6176346757361215,0.6729888373994422,0.8307953280773495,0.6925009424733675,0.11949142608932872,2307.7110374339763
0.8991732669799546,0.5746827942578077,0.43542770983131496,0.5478315157232228,0.35707550683370093,0.9561720335387034,0.5713970889776212,0.33131669024432486,0.70117650658735,0.9949878239822983,1964.611365277974
0.4003927206998811,0.37490368781829286,0.8684985946974749,0.7447225132206482,0.1698717720053674,0.7651094609614089,0.5803293690115566,0.282806494704124,0.014518165300962282,0.6712422241900627,2762.6839739294546
0.0012187118893061122,0.08516278023767998,0.8621843892048254,0.826607413585549,0.39805801963507204,0.8391006413685265,0.3916141055721476,0.6870332860450825,0.6947311466460225,0.33484231703640166,4736.8356827122425
0.32439659150155087,0.03238294053815216,0.6628573697501845,0.9765906786413376,0.5039519202219099,0.9990632928307493,0.1444082192701921,0.9538454933191153,0.399936748842712,0.23285093171882265,7764.551639818194
0.7467481903197224,0.9269052475581558,0.6973583080391139,0.029962023700526585,0.1359473260953762,0.4172215396261577,0.05928226419441762,0.5195250303490987,0.4778984502917658,0.49860397609387674,5520.656202479091
0.7119840588070131,0.266596927037418,0.6910921734089087,0.6539793761458215,0.037386701427138846,0.3430566576823765,0.44393695095600416,0.7994023218417222,0.3362918960581207,0.11601742625732947,3424.735546250837
0.4258926052108837,0.6779386959718595,0.2733063396145148,0.2745470857383263,0.323284786012893,0.3361772509039861,0.2883694363882783,0.502024151899903,0.8398866682716462,0.9737506035703172,1317.6135110046082
0.971863080320989,0.7169004917597588,0.19883285080166502,0.3365993237214592,0.027476386510319695,0.4673282418204676,0.16704558168289663,0.0413739633566107,0.00031992067487418563,0.12015090978223031,10903.2198427035
0.34213642797353894,0.6567294179206365,0.018521957336246397,0.2811223727606187,0.1397321732290775,0.48685685832681225,0.23575538804493046,0.5649594344294226,0.8673087883544488,0.6217309970099637,4274.281164908566
0.4393204602160986,0.9521705003018235,0.9906570605382614,0.5720775372135865,0.5497572584122631,0.9514858453021718,0.4082407641247465,0.2782480203941633,0.49385673320778023,0.7459870383205905,3655.598362582009
0.45225202758001215,0.31201177678641223,0.9650196968139195,0.4127046977072646,0.31215405304029886,0.9524976572612156,0.28965518602880336,0.6142981885673844,0.5947667504433763,0.5359272047029717,3631.4059014242057
0.7913836304556957,0.4649863871729023,0.2931274097953799,0.2709150366390427,0.31525679311543253,0.3865124750543737,0.5963326665981756,0.5709777495065379,0.2261325506001607,0.16370918652054145,1711.8173881840532
0.433316987931852,0.4870113094674412,0.20218777263941323,0.7386105677363304,0.377279095626737,0.9816707271199023,0.8572142308720764,0.972414987830412,0.2402249927502096,0.9378356278553807,3355.9355838654415
0.15178061509392526,0.6739642895123578,0.14855254384294803,0.7950072318053613,0.2600260496274034,0.05756644296750324,0.5399453508004461,0.1656731574826812,0.5690542512848011,0.3319105413257215,3236.682632875501
0.8926012220302502,0.1440362168492343,0.31449437297439986,0.241964062015932,0.8378597853137066,0.07551554786456338,0.6687126239053199,0.3788925618261103,0.19674387665324222,0.03175326828369929,5712.950344272622
0.8526038924726338,0.5395051618432639,0.9663050794127238,0.34448718895670916,0.4497335171295185,0.4861730405348338,0.47283590496885586,0.9254467657090282,0.10286950090343805,0.9873072010498902,4737.612377442437
0.9713418669491563,0.48997047524684634,0.05939909204566329,0.9315075541938389,0.997244545712917,0.3698453110222334,0.965633216124879,0.7007588524430558,0.9516399389132503,0.31527340795771785,6611.712452232023
0.035663476434381836,0.723111540371743,0.5285318316423256,0.8832262127489345,0.06195513237090822,0.4799750337781241,0.11671874462798482,0.9480681705493509,0.9353826677725544,0.8036746645418964,4447.2042797846
0.08570763728963038,0.049815586900504916,0.9414911596685039,0.22062886497532197,0.07175020330115423,0.6471405933544031,0.6826323449947858,0.5368028318585242,0.4101475373322955,0.43294335820481067,5597.649530729111
0.8137504143040039,0.5366236563478839,0.271703789071869,0.909007245537975,0.10123111597517243,0.6208213795243824,0.8469219989418919,0.7170963858424753,0.953825160009045,0.3037333713882252,4640.492102253829
0.23915741863696405,0.8552379848884536,0.6530986656781419,0.6731365013560938,0.8365581559623855,0.024831131610305923,0.766269465636011,0.2905547941601909,0.9582339499393144,0.7683204402895075,3378.5632436228516
0.0575018414064864,0.9451008956437326,0.16579689132243325,0.06249851761015246,0.0818869937813127,0.8304147561363107,0.12981635054862062,0.31022352580799695,0.0003572308635123589,0.9352433707761938,9055.110556796566
0.7711643854773164,0.994399486694986,0.26141223477138686,0.37455485515868037,0.7414658579016269,0.4976361052338365,0.685276724368273,0.1780756318362554,0.7034383123606027,0.43564858969297093,3332.173650461058
0.3908098197000093,0.7808272075980727,0.6874074195743459,0.7486080117754017,0.6886006539778543,0.14331350890723826,0.2154355285510815,0.5001338333925551,0.1526081027025038,0.7658001035841919,1998.5713176718887
0.8543880561834334,0.8420839190777152,0.04739197845602949,0.3367024679624827,0.5392574983486038,0.9102916053017818,0.19331317406833215,0.34740374211793357,0.24402035108601838,0.5152063614052537,5511.6127354519185
0.06782862355962027,0.7847249962354591,0.07296355062426785,0.6902620517928229,0.40105838606947586,0.2870497848893667,0.7922357235200808,0.350976307207005,0.01964948300347502,0.07467363968976737,5770.129603705955
0.1967984034296787,0.3877919907255839,0.4068134461594346,0.5680322337743069,0.8500068148790061,0.9079021677934836,0.5898345489939508,0.6768802344240941,0.7561617717769906,0.5379308703809881,1272.2394118457883
0.7362078777686012,0.3434215347830645,0.8143745486587372,0.3732651951078285,0.7507660365092125,0.19729059505344482,0.3042159562009823,0.2160446718309108,0.6584307328379079,0.6980133149883048,2176.7778003291296
0.10638011772486278,0.9081000515369911,0.03377684934774339,0.5336298745189324,0.45052957820783945,0.30580529393510447,0.40575970605333167,0.1372533106113515,0.6806463452343442,0.7075489002489705,3891.582592272214
0.6477067117815948,0.19297956579639064,0.2706540938956695,0.9404158014433842,0.6205329506818436,0.6941727113751543,0.2721502125628299,0.23921768256087184,0.1910786114045493,0.15394311060927568,3629.0247614926443
0.6618111060389623,0.5090740671422375,0.3828735522484886,0.9901613356579609,0.8553825079021055,0.7601870222610411,0.24340509362792861,0.4017416381755654,0.3834740144528319,0.20257845905066751,1926.0273605323566
0.58803237953423,0.6817294443515949,0.09700620944711813,0.07782762297994084,0.9635797065480559,0.9439661316121798,0.5707892007377565,0.8940993836241409,0.7835421260007968,0.5130179666023383,4107.782847549199
0.6348518035146372,0.12310724226046588,0.6635499308194341,0.2596151743419278,0.8088151485390972,0.3394821071045423,0.2732212297987212,0.683586710060755,0.17506590875696282,0.06692505723121422,2964.1843895212737
0.6660495832137258,0.9386407830659705,0.585771842769344,0.3237319745289722,0.2116137837047738,0.7893837169784164,0.8552734649229504,0.5396258775417623,0.017486245676706202,0.6431673544257532,3005.1218154956805
0.8706538689788694,0.6548822354124494,0.6068624297287064,0.8925003208246542,0.04630292949901338,0.21522081526499992,0.751140242938512,0.11121304009704103,0.17772455455681924,0.5484403040227007,6519.7702188011035
0.7108747630174704,0.5987705688176095,0.5999665153673367,0.6631536964881207,0.6608115199976834,0.9181151437313111,0.5540658740770801,0.9474283510577112,0.7235053034523511,0.2857426013827433,1983.4625767940197
0.4326559651791879,0.6187354790927321,0.80502613574992,0.6068992792487719,0.4513955323371798,0.6226242796306573,0.40303610805741663,0.6482851902336036,0.8445188977364398,0.30779990687506575,1144.7742309724115
0.6413659856908199,0.5366015440099728,0.22986763296532975,0.024721956231891995,0.8332186934844945,0.24482297259987607,0.45263233447487916,0.013075260747603124,0.06430123613210093,0.5063827500537121,6921.777747504
0.5201741924810744,0.6238581031624437,0.6696832174291274,0.26753823645536035,0.2832999796332998,0.8940762150806848,0.3002565614344028,0.3094816004499208,0.8167932892855334,0.3464535175886546,2433.342058046992
0.23747158183946038,0.8774718172804409,0.8697436479734868,0.38854679403063797,0.6679303196907554,0.28468479280407966,0.07272398130863311,0.8944043386060236,0.5154498694276987,0.3319498234069529,2403.5282756442166
0.35867369831501283,0.7557395407244936,0.771434864043257,0.3240591319951356,0.4620936342102242,0.5140744632547748,0.2614588863312127,0.8309703078645445,0.10103790169868809,0.03747056855261399,3627.469284386251
0.2565703428139622,0.23541134095982352,0.7336453721296432,0.9520390634750298,0.27739380189344254,0.9663136373786473,0.5618373791360897,0.14953546118641603,0.17354752314756183,0.1431326403867308,5673.411433910434
0.9915657803733162,0.9774229200911927,0.6422997074880826,0.61263048248558,0.204816636047623,0.8555471454262659,0.7848068400635502,0.06443164522825928,0.07561534722689123,0.18046308129081723,6517.9981020867235
0.2203232860140163,0.012396473376661166,0.8909440968083123,0.9032334832178607,0.5055104403266752,0.47044391417695663,0.31287227777871196,0.813668823222138,0.10933556965676539,0.023539848700836363,5269.658836440105
0.5628182668043155,0.4436028615790707,0.6417035062432137,0.9922818228110597,0.5338337912431541,0.8873627532936124,0.21126337415512408,0.33853698170581126,0.3533967553528896,0.8431768771217564,3818.2242246399755
0.8076189375208476,0.14705021926724482,0.14299456607600192,0.34710183237748293,0.5923574897727174,0.9468672269398748,0.290839436084515,0.00396329378850746,0.2261867622260164,0.05866519279892046,8791.02087987424
0.012471516261959192,0.30661700046495455,0.6356171670794281,0.4127826798386903,0.8026363095828332,0.07646244178934392,0.39477117008766904,0.8302228090347068,0.09934541255628304,0.6409972989604734,6019.1773740399685
0.04011058536787648,0.9113623377630549,0.4903260576489512,0.8170813589293411,0.3024809038421432,0.14766020525361878,0.3539118456778064,0.7609164069954804,0.5908830325598219,0.5874664061970857,2994.9178904892956
0.25087593041173395,0.49773985129493625,0.5079706819796611,0.6993592306481701,0.12666741780928614,0.27518154841439835,0.8522809212701012,0.03995405514786177,0.5742610580513172,0.5945256323701593,4083.5702049057863
0.8198949880312975,0.6407866585322644,0.6418947462875396,0.9662658286765439,0.12129461984588874,0.42012998162979154,0.19704006652457506,0.4294380929269196,0.6516943296058932,0.43733586286197756,4097.597950738742
0.8427011765536203,0.8627450228544881,0.5379121194675671,0.2605886326187794,0.28626060357675887,0.39473346170708323,0.01663628582932386,0.3905717411960222,0.9594772859052171,0.4754336060864406,4633.450590258407
0.15899833637155947,0.9694890253774687,0.05368992962494945,0.3659059010613226,0.23190261223298947,0.6336859180676515,0.4530745697306868,0.9069284314113667,0.06060405901022492,0.5373733560851393,7543.734770919986
0.876376590720168,0.7577317270089763,0.8592322554058046,0.8284058725801565,0.07027229267275703,0.34315594695772944,0.5269058488552633,0.22695252840937163,0.1997494281897747,0.9545631295198826,3430.465566159312
0.8640948073087276,0.4634496020104576,0.6369149110104917,0.023972797905114196,0.6782802519402941,0.9156343596048659,0.28728748542441995,0.5894510988483422,0.7409546946740718,0.3619984533272297,3632.797950172282
0.5120269471315948,0.18260696531765186,0.27184394675444623,0.2886191454415673,0.7186021064823096,0.8466077311084037,0.7273165296237951,0.46187960076634305,0.1442776261601172,0.29577680481926316,2357.50101096103
0.9823123771019728,0.5953243627817679,0.3984555604735046,0.005467443009791073,0.15766310194301536,0.8573183273222502,0.44337012132250697,0.32492033431823364,0.9658371351952669,0.3673407621928093,6801.11088932126
0.5790361390031848,0.8858198309990265,0.9859163260665033,0.3818295201565114,0.29291426976099677,0.6974768466808529,0.700888320916471,0.7837526402274796,0.9118662412234726,0.06893572642108092,4163.5917514719185
0.5037156124810217,0.5009851082559132,0.12104130499049703,0.587236615212455,0.7776866278516084,0.33619452139111694,0.949255500581999,0.05288701319585587,0.4225540706221289,0.22105675492219123,5168.306926901679
0.28098157643250943,0.09283907726435203,0.891159007662375,0.4578617770507133,0.46554448894977807,0.47210712875298855,0.25627152989989455,0.7175769574634578,0.11715125850637054,0.19557272949394056,3298.0268864079835
0.4263522070430529,0.7720139806748512,0.5660117491650467,0.3390554271397773,0.015092750105442865,0.5823852197584747,0.6937045418182284,0.7110669492960566,0.6457028621451112,0.17158345948641407,2307.8695965061675
0.6258030114625998,0.2499628272128953,0.34341121291016297,0.3200126787153419,0.06480527853417761,0.8210921917908882,0.906807029848833,0.35295179731227033,0.3398740268873186,0.9353979880646599,2705.4688581527953
0.27019807687637465,0.39681951474388777,0.12197837324662542,0.3916373568508441,0.8211489919154964,0.12842372473659758,0.7957258845934082,0.4117759503306162,0.8517603118652345,0.617168673132107,3112.498418395615
0.8402994375369898,0.6732574575998689,0.3350259074357833,0.41420700382918385,0.8155075530412504,0.18775826176192423,0.6124620809327478,0.8756838273273614,0.8306263877172069,0.7693369754708852,1699.1643708692377
0.19280352497584086,0.09867535758123258,0.23417780753647988,0.5678273272622747,0.6165519470324861,0.2504753548917722,0.7719989861741631,0.14973764372485998,0.6129737311993528,0.20126947965831243,3652.5235099455213
0.010715730099594478,0.41352694270265844,0.058303680273182557,0.07309756976751014,0.25843634380683456,0.5353632288131024,0.5282798011923725,0.02749448250103459,0.23179896205002337,0.5865145517347435,8630.83212982654
0.3896820386312043,0.6543807529952911,0.7384261046565441,0.7332114457522747,0.07633962230313096,0.24783082715604254,0.14831135227890146,0.5094511264027695,0.15095218009541245,0.48263646346137434,3807.7023336984957
0.30798229892478557,0.8762524175052643,0.24446561998066751,0.5867594476499247,0.9468455381225376,0.9022566374139181,0.5478029527481707,0.4099671367422989,0.6509075470453942,0.8252462521118503,2454.6943723867457
0.5868103750584354,0.6278423882005066,0.8498530208616197,0.4774650454377476,0.935627168304432,0.6034202866402768,0.783630588891617,0.3126906162309444,0.21182899332449423,0.8831717609083825,2369.1012101166975
0.9937720831232175,0.4849982451070214,0.6577632384633859,0.6359588029232729,0.6667266617451975,0.47623467131119745,0.5853732690237144,0.37373538635348424,0.3068354312318835,0.46316552843550474,1873.6433276791108
0.8223266458119736,0.4085129673651797,0.4718319382839229,0.6745257860333154,0.31119675675805136,0.7620276481529112,0.7079120487643122,0.829272233671565,0.9809401996257634,0.24795216195849246,2916.3359683215813
0.7396946023751293,0.8820430533843463,0.7928365935628464,0.5723965395722868,0.7972724727733357,0.5999272850506366,0.04625919225248454,0.9957331225076077,0.5413148037454195,0.5703737562979745,2512.72933259065
0.5090189490159905,0.9882958828634373,0.742150164538196,0.6313545658696739,0.8114729234405064,0.5400045297294551,0.06057328026082098,0.17973451119126482,0.3477883103612197,0.2668607292082098,4418.604052780886
0.27589100363352403,0.012483247010401044,0.8931655381460972,0.5752107034203228,0.525876611822253,0.6694897716369325,0.12433522860318291,0.2095355521411938,0.698161303038272,0.38528710834667834,3500.9164122312604
0.5976414829613589,0.2763626986429125,0.09094612307688887,0.4923923187347655,0.29597511479717376,0.014860399349903686,0.9962164559101228,0.9543715885230591,0.35875034973404474,0.5963714875955473,4474.885681701437
0.2093276486512341,0.7166072843809832,0.3049298438621352,0.31780084256641683,0.37257815215462375,0.422991821778512,0.7969790158039747,0.636504384238236,0.36588407667518674,0.2807180744036294,994.5754058420144
0.7637462322925709,0.030059265422831438,0.03986696881059504,0.8726435173844261,0.49736445607634894,0.10766662942484173,0.11690221999264705,0.6896976900318228,0.5630767450651478,0.7998439075139752,6907.697669549716
0.8928753350264024,0.004863514909763111,0.3127916014894214,0.08384463262443309,0.6307602683399542,0.03593311401725596,0.8472411090020104,0.954128419607842,0.5503190120560497,0.8453168782246994,7210.062956144275
0.22798835811843465,0.18100317668813537,0.4672746892164744,0.13361302352515692,0.8092552424243951,0.5754962858626382,0.9733085281705838,0.2502901695648112,0.1433707594538357,0.9947969453638087,4409.540269499945
0.42128091494728714,0.3692298985102821,0.8920806704885846,0.954480884630882,0.8274788775378515,0.7855432652543722,0.10956547200820554,0.5955279796762274,0.7059019713909674,0.18077013776645545,2363.4139734367873
0.03891520069868404,0.04133033850902412,0.9099249143567539,0.6895300125052707,0.13429114465306036,0.4682371106468939,0.1946420374708151,0.46963062123844357,0.6199688929058551,0.4448916808285369,4827.427374742091
0.7377495124987011,0.622744108460885,0.7277795429654826,0.914398004891348,0.48424072839037635,0.43359067642854965,0.3839208542698056,0.4255927536099683,0.37447813020158915,0.7115897395130419,1062.3730509761542
0.6557949787205096,0.419331665385306,0.12816274675546302,0.5846804696074214,0.49663558622356674,0.7418114070872672,0.9933726592140018,0.09492014630969581,0.46581567889670916,0.3320499542866202,4728.514716015997
0.7708172323208278,0.6022495701066785,0.2630498063252473,0.19203104503511437,0.5658278889184595,0.1182038265107348,0.5642367247369555,0.07692421210536515,0.5415864350702209,0.16665211713402117,2726.1055097570434
0.4472246095232999,0.3004211215540349,0.4564661346541681,0.1306146119420719,0.27182495365088977,0.4275109168073614,0.1484540751750012,0.6725904008110536,0.8850824366911647,0.7980398191900934,2112.71704694722
0.36255442860814646,0.2829742402973974,0.08729623836117839,0.32485644423608606,0.3844866715299329,0.45914357579030407,0.7793777728134688,0.21077954251353148,0.7525801167185933,0.05522951283428257,3510.0491548058662
0.5862540745879404,0.2115979552702394,0.6043128666084738,0.845702852342304,0.9823970275018348,0.2011352034477255,0.8640766183003046,0.7921557548653673,0.14107941297962645,0.5709168665204885,4019.8492838699062
0.9636133518283979,0.9800373475651617,0.7235569270429374,0.9179607858478231,0.37105130184128376,0.7281898449913063,0.857023300398916,0.30181453116772383,0.4680127754130011,0.893776831642959,3371.4275407392884
0.06921110317079315,0.6739161309316754,0.23973312361863697,0.729549804677347,0.7320844838135415,0.016748306016676873,0.46750474671844033,0.0854189998637902,0.1322917900658196,0.2978222229357518,6009.306190909608
0.8063182039452709,0.8790867868851204,0.18918446846406234,0.9751211318447932,0.7263742721215276,0.8573279423787339,0.11155013763245802,0.7748068642963607,0.4623320740994611,0.9789254009657186,4060.978206746366
0.6733513451517814,0.3034298650189655,0.12492028817726131,0.4051556384484294,0.43812378733205937,0.13096347788407026,0.8901019424817327,0.18472081433056609,0.9556808392828622,0.19834435728883681,5038.988522685751
0.27182384044804064,0.6961622148552277,0.24986035085732294,0.6203275342010146,0.09312237010890112,0.9404014351561157,0.24107307301252945,0.8371023422081811,0.9482416024981248,0.741743135874787,2959.197539331231
0.7181231567668007,0.429915474650989,0.816663867899095,0.9200914018477973,0.7332512569319249,0.32919428554025476,0.1108962035369373,0.6933043443042188,0.268685670098061,0.9668177536058462,1879.9510103878617
0.6128475353532561,0.14086944769971133,0.6928029429454334,0.08921885477330038,0.9395424543150016,0.6528675286667495,0.713450993358851,0.03938948982611501,0.848355531117575,0.8235283376087433,2789.3625751115883
0.6958288908388938,0.46580665188648884,0.5826366109981689,0.52125908224407,0.5285512870006175,0.8437561311779538,0.5596381107973378,0.9116799828530503,0.7289147978481691,0.5772373442070441,1133.5989816701867
0.6234105296201894,0.6337757295993373,0.7208692734733178,0.9804544636216473,0.2770512822037908,0.3208750520457714,0.9048599749152146,0.7780816530797585,0.9385003073752431,0.7227159675128084,3369.0067923192587
0.8707124910883598,0.7264461441995222,0.4370184987943717,0.4017004819319687,0.9049063626221204,0.03002055614149024,0.6818283297095068,0.5862291713805377,0.7831707585008949,0.7333073416908475,3464.6073589144853
0.7149514180970349,0.1437146129497031,0.20998535363933146,0.08744210466099378,0.6624237358309805,0.4564121870678375,0.22087647148568312,0.7495484070393791,0.6044952411254201,0.8243769891365571,3171.0356328062812
0.9519905852653909,0.10271600695756544,0.641571095724329,0.7820220840417267,0.6586520628176604,0.17851329649861858,0.3700562048947542,0.6173505288195041,0.4424817291186215,0.5748224662661754,3654.4653281235087
0.3583626686101401,0.9601820919060822,0.688682434430688,0.8472913211016115,0.25476756693794256,0.9478817322352983,0.3670003713908835,0.4179747049342142,0.9769120093376876,0.18528645091408502,6080.839753717721
0.4880634720784788,0.5636182364297776,0.9242153853244256,0.06697453700411493,0.4892533385096163,0.865431483544235,0.674784836758181,0.08188401929674682,0.9466537433399438,0.9846415242532515,4490.209386519836
0.025053490211009666,0.05054949265323461,0.08453032249354264,0.6865764596366117,0.386986974152557,0.25033832041353654,0.4964618608140292,0.11328241339836698,0.9449654012295304,0.2660548476045934,8072.273562848895
0.23120423539853785,0.43847038073027356,0.340422361546605,0.5568280254947896,0.05759107582902445,0.37364093825522104,0.9823662530862597,0.5585832007012651,0.34130401680281497,0.07842579453108367,3907.670077107457
0.815623798117508,0.34382741942577466,0.9214377367352041,0.6195453356385504,0.8438272250905331,0.8816938989887118,0.551530933257852,0.45472183877112504,0.8042971687695,0.3694607451239419,2367.7079585153324
0.6482590467061361,0.8127320699087975,0.35702793508158204,0.12396420784502316,0.9696654344678078,0.9502537014645854,0.561653998911926,0.07569788222661611,0.028471374925583492,0.6918499323550495,5470.543842027155
0.9843222482848006,0.13457329761886028,0.4788760991845693,0.8938505883831767,0.4404936038367814,0.8743078013978364,0.7683120610134682,0.18132478548091757,0.8065588472511241,0.33700439647512803,5627.36803061308
0.7637886577965245,0.40255689374795045,0.6837204918807379,0.12448090020368063,0.3143464288221153,0.425421083361866,0.7186481340931303,0.4752775633454881,0.9311892147645009,0.8930959257632689,2290.330634287796
0.6394822247664584,0.6712209486820876,0.779055687579075,0.26716834397665534,0.9293427813314559,0.8726476862392075,0.8886367281067418,0.10087853696899507,0.40016823241744337,0.7243689736182162,3407.3685161122935
0.993110660724397,0.5932026393088395,0.4804284080266489,0.8391976883015502,0.7344674451939135,0.007268416184478821,0.9967979687745928,0.5894691265358224,0.19675870296431086,0.5312023467023553,4347.12400144391
0.033358610460585414,0.6398284090796866,0.4304908488324093,0.4706386145679923,0.05729727346729496,0.2722793678733012,0.5146922258458482,0.6368221965908137,0.5113145362727083,0.6353455517967028,2999.3336705000825
0.010283835435518696,0.9284641407934632,0.5060488869458232,0.25872628291831024,0.6294356768497054,0.00919197894088375,0.6069897412894103,0.5937535806612259,0.7119164261153376,0.8191353103375985,3190.2967503936534
0.23752446418564088,0.5478119312578822,0.06342684601891324,0.9252429539946377,0.8563595437511206,0.22938179443715223,0.8161762888992237,0.622799943861043,0.14840318466974334,0.5850584667392562,2455.007075657974
0.6494579238987127,0.46200484225486027,0.5168885760017292,0.34755188590187003,0.5883127028123473,0.9341402650244311,0.39996308670618186,0.2862988878652264,0.1544527097456948,0.4127046468054848,2567.4789360370773
0.3346623592942546,0.8001355062029003,0.4987929954219871,0.2646897085637071,0.9912393745831749,0.3563854740537278,0.14183868002740074,0.10620657114218923,0.6646050941664259,0.42713266464378763,4474.908741988829
0.34110924166645684,0.8912951415551053,0.9902173228726547,0.15900696422498672,0.10835719014855971,0.24502628728851494,0.1808637785715962,0.3142754461861509,0.4030807261144559,0.9447198809481141,6736.834286082813
0.6232291298396854,0.7207578460001802,0.41788185876089634,0.004985041753292729,0.5149977358820514,0.9995903467719397,0.6997312346596709,0.42364063857247525,0.3949425310579614,0.9156316433401779,3861.3915345334453
0.980000236773969,0.7493527031881627,0.21989695799120335,0.3091465289512205,0.3056200317174044,0.11212805576477591,0.7017895127489121,0.6345863061487801,0.727220325014151,0.3159357885029067,2785.970309119432
0.29190358576654885,0.5266463973552394,0.5573146591249623,0.171432416406895,0.8852387082113056,0.6627913131962898,0.5766098454706933,0.9064503185758106,0.8971149942551081,0.7231001705472019,1151.4164026533738
0.6563875476329086,0.14208366410714446,0.8754955413858387,0.08766542483828166,0.22811454385772145,0.01143702363161514,0.7747269072898196,0.23388512937506667,0.9661909547348709,8.022018851017165e-5,8662.417840246591
0.23044257727132478,0.4594763812207818,0.40890825947001674,0.15852872086188297,0.10801958764383279,0.44898378341699796,0.0021543924296799633,0.766100432499434,0.2597105255681761,0.20804685798418476,4468.138565628856
0.3329993838876404,0.6616157650351866,0.3126712976636419,0.9982760124587412,0.1253154137627105,0.29246626595928094,0.8724052253349599,0.24879312462935055,0.44090474091075693,0.5303156037812181,5566.402960529711
0.7711588843325314,0.19257218219468653,0.03897599149974629,0.4062350645087731,0.16635550268301413,0.020901729560777627,0.42223556960508035,0.1809731650725096,0.0737095374027622,0.23957460818264797,9205.33468423686
0.747269830739478,0.523921577274747,0.6727063504317483,0.005684822902093933,0.31778876863495054,0.723753507597147,0.8893864167471144,0.302141993884641,0.2655386365142459,0.44315862433053255,4371.173844560281
0.27278899310258486,0.8515636636015285,0.48454787180128867,0.4155323469051565,0.7648251481359561,0.6778862026794268,0.31668483289578064,0.5074788431084591,0.5800555290582979,0.8626843013825528,950.0428190901093
0.1123991666147992,0.3934005806468034,0.7050144006871352,0.15483554745820116,0.1849577912476006,0.4070208350964879,0.49413405259378085,0.7091655764269603,0.4111717936638104,0.33533914248978736,2919.630301715466
0.7242763523534571,0.7246309407479301,0.27176431295805836,0.23861187830524833,0.5830939757599463,0.9251497136750915,0.51541666707128,0.3584882191713342,0.09617755572500908,0.4528431238076659,2970.6211721595873
0.9244214598460386,0.7713357456973444,0.805946007458355,0.08176446516747049,0.5727278192514769,0.6781234364428722,0.8754468243575728,0.44639791388273375,0.38720277867721953,0.19218004308997305,2948.1730151084907
0.962824494191714,0.20745903857408876,0.8782433978473003,0.9170610936067919,0.07836140597573682,0.7741480823074404,0.2780154909742645,0.7229209044726237,0.907769241512857,0.9917181347932659,5030.909676849321
0.07920001092543005,0.6657199518282,0.686881395809394,0.9326189452676038,0.607714981707236,0.315336095914442,0.6435944618638575,0.4400949794007303,0.11968780486104147,0.7398904540816607,1845.0446851400134
0.6775950243506847,0.24442503656179038,0.7320043199431456,0.9801939282608916,0.6355990647286236,0.17446167912947153,0.4559782969066235,0.9305407963512861,0.8585041732736348,0.3453715474848805,3191.0955014972023
0.3757377933533682,0.47145208647788894,0.9466474437613047,0.9654970035586531,0.5495544181356049,0.08783119732781641,0.6862457016485409,0.03253375055623131,0.9404889035182685,0.5099144873063803,4096.739773000107
0.9748330284445487,0.35268001036943863,0.10067969367199991,0.5555595754582512,0.4117367544216063,0.028532612347815456,0.4397930523596264,0.2557970883263363,0.06708323962782703,0.7280444411279937,5841.777224767673
0.2029468439501415,0.1502034735398582,0.7435390844656281,0.7732044250775878,0.3370858714619165,0.22810666255321133,0.4560956559810726,0.442253110097373,0.769052187107503,0.17371097257311074,2381.802100369798
0.5683847331174294,0.8565180650478369,0.5008104734788204,0.7827357423151162,0.5833314550247612,0.7737068961685791,0.7817931325954924,0.8373886278669859,0.6523009876109629,0.07305628686642063,1491.6650734130062
0.5435415038016176,0.0845438866651661,0.5620007779073096,0.03636539354396906,0.9127803132181396,0.97250583404038,0.5655908516319104,0.698942349025139,0.9186959910590956,0.5583830976507999,3611.741268357881
0.6460430541828636,0.7510403335180548,0.9103684765930686,0.9810305804388597,0.33178989883730436,0.7248458110103365,0.1870668271846675,0.28385668295479205,0.8189687205649365,0.45189015910728714,3465.386809919225
0.1988722041003127,0.61991606600172,0.23158139336599426,0.04193458047915899,0.9244908066742032,0.8223890589724542,0.03261451637300461,0.6019225072151996,0.26145002799930905,0.20618859584297944,4476.683952938902
0.02494288638676212,0.5432730242579645,0.8111538003324588,0.501838987311799,0.556648021922785,0.0015991108106151453,0.6193009546292204,0.7535322418144339,0.2733501930577915,0.8188204675185666,3693.895994144529
0.6013615976600005,0.4185086276261363,0.7717388196075968,0.7324409390393332,0.053768872903814824,0.5580816141357386,0.9654501799038182,0.26163246167172916,0.0422622962458018,0.44585308864689055,6028.722872646014
0.40748411095931547,0.35353227268315845,0.6727151539067324,0.37015190159097455,0.6323815484550036,0.38252888119534023,0.823771393493995,0.6576602351791099,0.11272941236271616,0.5169545161442145,1390.3019967886223
0.6919036347456693,0.5298781155526664,0.6623800324495938,0.5250753939696211,0.5964739672268209,0.7227956022092915,0.30718908590296257,0.31426547147044726,0.8429264730596574,0.31142184005443474,1336.4547016476986
0.19475920606785635,0.15170857347791966,0.971456375774476,0.1457680632953151,0.9576999475746332,0.3389211091571829,0.7320182121290117,0.619494046185264,0.7680527262565591,0.45549676730592537,5214.807694109545
0.9252624109495722,0.20524288829068038,0.026701342949880358,0.16026487394502165,0.007694772578785369,0.7374573370516195,0.32237265497076206,0.4555159972080739,0.6210936983950169,0.7353154206106094,7903.21619097049
0.9576427368191438,0.6773782731244437,0.6734247286132097,0.5894996057544122,0.6881414246377011,0.32603850289266456,0.03877607975036401,0.9567025017690337,0.6126773082469804,0.2790570283004885,2656.927732593695
0.9262852336905156,0.23144937555071143,0.7324200989309799,0.8403881948610884,0.7044206684050144,0.41391645815798384,0.8599807168783679,0.5771777957783952,0.025588198171141108,0.003436586998513347,5845.961681989384
0.9274530591856188,0.08509642871671685,0.2040853101511081,0.2806796870849785,0.3988666002796737,0.15609756817353604,0.4986716266509703,0.8946925699621507,0.2393496505899705,0.914195447998982,6465.605820393497
0.3330300399719802,0.5406732554708438,0.9229201794610782,0.9916160208575068,0.2859374638637183,0.7791005516859852,0.05214814677627144,0.47740386291923886,0.8478203794010967,0.908932859264057,4840.33138056616
0.468958565186695,0.8287998172518435,0.7986057131246611,0.9249136448937021,0.6746438565469538,0.2505909064272136,0.5817118061177988,0.9940130788291267,0.8539687194733206,0.09273850696026309,3246.9961610611476
0.562330369594345,0.3487440853532716,0.9214414027852934,0.04667673943691275,0.6723715048195381,0.22295862302575487,0.592158884802794,0.12146055042603443,0.949254231332746,0.41382878164629067,4983.106462051867
0.9776415041158385,0.4056070758360295,0.8446771088904077,0.8444268424795027,0.15077001329089978,0.5928654704397478,0.8181427427313589,0.298423107872689,0.23266090541542805,0.631955705001226,4205.331722286135
0.6937038799610736,0.49206605417576865,0.02016904697405353,0.16648549063356255,0.6469612842906401,0.18011434241637148,0.4904866988290669,0.1469928818671029,0.409715770058518,0.21032327911085058,4563.181263473509
0.7645410713512728,0.45860048932457775,0.225636853046006,0.9287140138141008,0.2244468624099476,0.895135847891576,0.7114613177483221,0.5670996308316366,0.6201876458417802,0.6343608612020725,2296.6353078147663
0.6909611342718541,0.5673823072328256,0.14224231026340017,0.09050897296110538,0.47618971727206016,0.6889932537126443,0.9988293206189658,0.48507333890915805,0.5745005810611656,0.49550585144435666,4284.915579347093
0.11532521787942351,0.4819271239282781,0.6265162833040105,0.08276956017425485,0.4409835357250661,0.4738888535333261,0.41459970294874227,0.4216232831347444,0.5495886208559013,0.1981038402648725,2115.686139598524
0.9702493297780471,0.5871867495285189,0.4660175107402882,0.4409455420224727,0.17590114028070702,0.10348422145580194,0.4000296231263383,0.7903356763257126,0.501431365485596,0.03996672210116681,3768.5553847892274
0.25225765385365506,0.600398894377776,0.19074191605052615,0.8071355634767121,0.6073517225813188,0.006793685272540317,0.17304747426937195,0.5120392742894265,0.12606257214300742,0.521739329653781,4518.242466371199
0.7241217605145075,0.13002775271197853,0.3572852912993336,0.8558570318102329,0.31407733237407853,0.9930808569256784,0.1333788552605687,0.6636133939584592,0.9019135345197947,0.5895772193598252,6119.996336458105
0.4751583486822819,0.4140875594139477,0.5381658953658193,0.2001851076063459,0.003684136704251606,0.34945211329433723,0.23417818491681563,0.3096679523991698,0.23426097345974128,0.28477086002290386,4657.46643324608
0.32742779778142583,0.6957574502443085,0.19285159740603197,0.01080302796455579,0.33673506412390897,0.1932818997562603,0.8271718996513916,0.24258899835710124,0.856623979063565,0.5345104848124934,4990.142543183457
0.7692106816824424,0.10007700821283083,0.5742882250653901,0.4757086880755135,0.32027761613315087,0.2988850803274915,0.19784090410719668,0.5585392654840147,0.3375007697792958,0.6489292097682464,2074.4255907389534
0.4518621101607637,0.4150932611074909,0.9298380756759871,0.13246563915028686,0.888977910783253,0.8604610679794332,0.46382900066959964,0.7011222369445461,0.033908872371997134,0.5091184092093883,4752.6528401647665
0.5791116712315906,0.8113515121371203,0.11578598740244561,0.021311911129621053,0.4355277737850045,0.2825132817728957,0.8095972651558871,0.37953588332439736,0.7427987659175385,0.8717881379125797,5077.66463199064
0.9229459020542362,0.4581695538498517,0.5616662043044119,0.9156321269331513,0.637611895877434,0.31125865446207124,0.4810154716299868,0.17144758181281727,0.22422622637090606,0.948871052013616,2848.52146415284
0.2703742122978282,0.9286392140784888,0.25895401541968077,0.463873572959162,0.029582686525051693,0.5638793827127069,0.7183373060291969,0.15695019430559864,0.39247087271639525,0.2461497971080412,4382.576455839732
0.3468785937611014,0.2566309897817135,0.8238199209916788,0.8761349526156176,0.2984821500552901,0.22357406727731632,0.9223668523704823,0.4511645920809093,0.3779943622001798,0.964299251088277,2707.72890520296
0.16774780394289657,0.47696915275356067,0.5317421099003543,0.6317562962725247,0.5402939563384077,0.904522286715194,0.5436258077645123,0.650828277281586,0.31748015860800416,0.8237409146304813,1447.971179404311
0.4280175570988868,0.3080356664040633,0.9011175877081483,0.6509925290295863,0.5946434968009237,0.5892172889545984,0.9290705306056256,0.8368053019154296,0.1414664743070766,0.6011318993091956,2417.477902275738
0.644590122770814,0.6351711770754408,0.36558972331818174,0.2803192832302758,0.5165610531340254,0.12198092794714654,0.5680630187645932,0.533021372543773,0.24860439073728757,0.4009436782688248,1216.8242359787278
0.10188873865484782,0.24774057522972504,0.024330544145090616,0.8025144830241047,0.6445516326467569,0.5281979270929292,0.7804615553508831,0.21309843900708325,0.1647917986141909,0.5397624153848057,4481.2919989395805
0.927624904272098,0.7310984236001772,0.4207765558401849,0.9550395726665386,0.43512190418186103,0.3822601679616475,0.8564496306715814,0.9444602929898149,0.1426750775160346,0.04719861647708545,5895.837682092121
0.7519265061977392,0.9331785208302523,0.45286525972488767,0.5692227304952844,0.16532738211842812,0.6164387873419239,0.4344810776505629,0.8640900678195028,0.6964304136306804,0.3320439096523531,2021.7291783644355
0.784557697487342,0.5578771687578734,0.7229759160706399,0.7677737272706868,0.9969697232443384,0.9290095961941064,0.6362650215915324,0.8009244781665217,0.8315727600046731,0.7936058512695517,1457.7768439320557
0.8949670647658011,0.3069524956095758,0.7410578011659158,0.08751649654616178,0.3197386740677144,0.3966090722115537,0.2171993825848838,0.6857658589156763,0.18721818096710185,0.4267459242092234,3913.9219620575063
0.23626831132284765,0.852415496284357,0.014996816623657483,0.6181773562698895,0.8242036093232837,0.17504663259994968,0.7599092622987669,0.8436963951755582,0.5613545074136586,0.6130063611224829,3994.3665487800517
0.4860786692859512,0.01192452155097612,0.015254570354559793,0.9164118172456077,0.38648073151366413,0.40834121765874565,0.17565705012880095,0.8149375168314565,0.29241917481340296,0.08248719903126511,6598.305225114626
0.08051378366297923,0.7800933484165116,0.21109706429880737,0.9797775485244556,0.11390151095211809,0.3688604567789868,0.7515931929035039,0.8860147818090919,0.5658490787414276,0.6225853169253686,5053.294583149934
0.14693411270108236,0.0016085295398073907,0.9607205529406416,0.8943277704678805,0.31274374441262465,0.3759668308215117,0.422145137158322,0.8833859552024612,0.7053891297039574,0.07306676303236614,4597.6196704786635
0.336499376971105,0.8226818752065308,0.4139054660999095,0.5094876787614955,0.713999070213769,0.11333767626625879,0.7622173023067721,0.950172035211163,0.26199124237636817,0.40137114120110706,3246.5145667777406
0.8217260721574043,0.8301532165892248,0.03910112269278265,0.47920706490500653,0.458972113422607,0.38697762183857565,0.6954301056897872,0.8702235781967621,0.9014797715964263,0.9456831017780953,2757.0836878455693
0.9441623713529956,0.8580819735551304,0.8769527087720205,0.8863229348070656,0.7715827134153098,0.9098558840700782,0.9763154638367872,0.8192739811879461,0.6740464591604979,0.4419639113070717,1326.7422122882122
0.7661254216246483,0.7626232158200252,0.06380338109316264,0.21789673784304153,0.6879454758674242,0.44864884513056136,0.9966429968594009,0.516482257748179,0.3268634067311953,0.7138069676953855,4604.583065889495
0.7918077263623209,0.058669301873864654,0.7077098111450609,0.21334345073763117,0.6081137001089899,0.20003471682962737,0.7945101167578937,0.5689325526608385,0.9122201124437167,0.7400204856154281,2813.9191280311506
0.08575362358602534,0.94187118814676,0.7698414124589279,0.055713813141554325,0.033126769241868304,0.4819551376160883,0.9799667581211882,0.800775254941664,0.7710141391082429,0.7417481792125977,6198.5088087991
0.47864594032388363,0.5930734331989121,0.5134689724393213,0.17726206341632778,0.8326189947795565,0.40501102632969244,0.5920093306249782,0.10532474965012861,0.9112532837157754,0.8921038341706347,1172.2871508741116
0.5058587647503805,0.7835784067740231,0.275120167462897,0.8079983429690915,0.3959293388322235,0.907843075377256,0.7345400264280221,0.8790180174161418,0.05717238378620737,0.9690914704888288,3378.7821808391486
0.7367329921598039,0.9053930722396265,0.4163452077416363,0.24014545885915117,0.9568021669499174,0.15794448704384867,0.9784076154344833,0.04011933905280152,0.8069748630165388,0.7390122297799687,6878.637197203891
0.29881128590735573,0.32148732515904044,0.3337043267903962,0.8669234356464677,0.00975375975549464,0.6168075293898309,0.92311354356442,0.7926098629220816,0.7136869353315393,0.9099084792488323,3895.465461196869
0.5661021611827919,0.5365034231544105,0.6287413771353649,0.21584076473074487,0.7713827828761062,0.6994093673563334,0.39237926659621936,0.8401266970742342,0.9594966276362507,0.8492307534431149,893.6686488414055
0.9689488892849991,0.946586952384866,0.07679024877765195,0.5345455212866234,0.2666815422025717,0.8703356248098961,0.7687746565854302,0.041486076261375016,0.32227659784747276,0.24310740258124852,6495.996956813977
0.6563690330788612,0.1207793593837948,0.3848923534298948,0.7374213005704251,0.3043335948679221,0.7692991829539196,0.21231494255923122,0.7162130102325373,0.9045326523654357,0.20379028812778077,3580.5577250149317
0.04601847223373412,0.8371778966465877,0.8581627735298937,0.5338450276208105,0.2404865009682805,0.6414338868341083,0.3999573735904748,0.8246657581976544,0.6030826354644783,0.06385489639956576,1626.2066206026723
0.3216001433551252,0.05123025052469321,0.3893375029781695,0.5446982179473977,0.6636160221827779,0.9611337917225489,0.3099899949208522,0.5219288372365651,0.8179054526124817,0.20799924025961714,4823.7679008854175
0.40224320830116633,0.7609546058134391,0.7493552428301398,0.8370732539239617,0.7215718100075701,0.05647098126634009,0.4781635960483044,0.8771550206042302,0.7074181683207795,0.7430015406512467,2334.831539233703
0.9589953288389548,0.8443245653426359,0.3464696570651703,0.9405924089688732,0.6342040266170137,0.4017590414813772,0.46032516821323377,0.06431784757757697,0.20320999049178023,0.8591668271413079,4052.988903517566
0.7248990020328835,0.5052098292393861,0.5129662505840122,0.7270056556022302,0.842966283277839,0.26037855030382606,0.013537575158393822,0.8198923078289031,0.766683587207823,0.4516968132691852,2654.4983959406118
0.10926568495959121,0.3844001415634155,0.8491470948854302,0.7225070516616006,0.5567025156136828,0.5793371450402535,0.007381194751720943,0.6327621504928219,0.3271924583949214,0.6655695837462366,2807.7352492526343
0.6166306442640094,0.3789647499078991,0.6820207460444457,0.08828738173207062,0.5808606168693695,0.30179061040601884,0.5719095553826251,0.872523624788632,0.2511481033954016,0.45301937417481963,2599.391404016072
0.29737969256106944,0.27681460587149564,0.24090191892183366,0.12780744657509413,0.8644435917838281,0.7515644542556916,0.3635672101339118,0.7289582898796939,0.5214419648296557,0.2944079057762877,1843.0395777234385
0.6471691129581933,0.12106580323834426,0.8548440408717449,0.9544269899327197,0.5886632475829103,0.7625099557853118,0.3811841992952453,0.5185619250185091,0.7523923273746022,0.5348378252562936,1823.4012867787108
0.5948220327578132,0.47000797944808315,0.7306978952928636,0.1052698013943083,0.466501632362743,0.7913992870412174,0.9691311463299842,0.35454491631381924,0.6314693904040111,0.6037245255446461,3230.957196579251
0.017834824196670263,0.9769924357141837,0.911130517053507,0.9321845363997134,0.7589693016001452,0.7301530232405056,0.8387355625016567,0.89328659299375,0.7590188738715908,0.1304122387949458,2107.0140333709373
0.30265529806209945,0.7863411538825872,0.221768857217146,0.5122551337839852,0.5163898630249057,0.7581755809707224,0.3825921375099811,0.9404869461526313,0.6184254678053263,0.7396339364258158,2094.9230871706595
0.6374739896375812,0.8347507932274807,0.8966893522936954,0.22386760307992093,0.3904709918983714,0.44384938021714093,0.43369567788676966,0.7049317963448989,0.3781811767983654,0.336551850471551,2008.552504159312
0.7740785693983737,0.47547969660672185,0.9023704228526609,0.8308840132991054,0.8287002383732223,0.24804408479284168,0.42235928876892914,0.7389118974719566,0.47122245590311274,0.7053218809763893,1782.957633839555
0.24333825187681413,0.6040590916472122,0.12039277029989959,0.3223925012414146,0.2377984649534577,0.497687953719553,0.3688682557122239,0.012635734322926306,0.36921605312825767,0.3438058668541055,4105.5742416314515
0.22996842637744763,0.4921875711880255,0.3776313865826466,0.42906670872733454,0.47300073758075467,0.8392936501807663,0.008715126352944025,0.7563697891327399,0.8308204458155963,0.7976946074196126,2691.6476490018645
0.514135648063487,0.663563403190771,0.7891404406888152,0.1035238625215037,0.21936236006625287,0.8310782101081353,0.24361100414853687,0.6684243740084824,0.9051541384076118,0.1447654242495694,4851.753687524805
0.701610382394195,0.5477119425887453,0.45671430906167565,0.32684295257811147,0.8987609838067924,0.42085711512652213,0.7344987709964383,0.5748019215595721,0.2893194804272248,0.213231289022897,1567.1545729238169
0.4143940502511789,0.13358828324342287,0.8133629835659566,0.22025794989588032,0.5647105335000421,0.4591069831138246,0.2595862735125224,0.13387237102692895,0.4540701262881158,0.21329521190616996,2534.040149115829
0.4051970025012853,0.3007801310775846,0.14658670059040324,0.7848234108604046,0.7842634213315631,0.2003171391868639,0.7188343924660809,0.22305958263704673,0.4998918463243701,0.9854332658339277,2137.144700816836
0.686656533420893,0.3689904117658034,0.19255396194354624,0.5756612390370592,0.27423360010934483,0.4816387960708348,0.8933272368714108,0.39566931707375685,0.27287827685536004,0.6348940789951454,1894.1294757687222
0.5972840182443402,0.2785852865543904,0.9747915202392504,0.8174603068812416,0.8497977774463571,0.9586203695494733,0.30873342203749377,0.4174656701173778,0.8020570617946539,0.3397459087316085,3146.6426339785025
0.2812268612498845,0.09186060060153667,0.7158503181644269,0.10819325571297167,0.7160929182393969,0.4512725659217852,0.8074934156733801,0.9239967262636557,0.2276706217526102,0.39190395594048566,3780.4852175945507
0.37268555471288267,0.27783843440255107,0.7754956269896264,0.38209683092084423,0.14088494065797674,0.5839326728943324,0.38612401959487264,0.07830231748183492,0.4593578728608084,0.9061639127686607,2575.811305444833
0.8086718669809123,0.8292259473371505,0.40421119582827303,0.7500987449071198,0.4425563077122815,0.4609349612462632,0.8593431682413322,0.17412963885055144,0.8554506750941123,0.3139039035041562,2799.6193668271762
0.7036625781780975,0.28705815448158767,0.7622595379673126,0.28643397335284004,0.6999764552013054,0.5147334991410673,0.49897587515255437,0.3092295431609128,0.7373437291133184,0.9083248964034848,793.7007751152851
0.6066863413523121,0.7007475266070378,0.4329204803502159,0.024456281781621625,0.9400127319802755,0.11765893520384485,0.9778709091971614,0.12146976367994633,0.44893984143630605,0.33121424140770694,6387.753262449313
0.172222098929809,0.05929892208193077,0.38744382203317596,0.5826736538842735,0.8038188099552335,0.7549332455871706,0.35637642849367523,0.3432470939685385,0.20056902419488432,0.12319231901893124,4119.099390507038
0.40104921592885856,0.4203834898827453,0.8774800688813182,0.810338441425934,0.8575798191140775,0.18241281623467154,0.6407680098654129,0.9570050302896851,0.9769644800373832,0.08584538758025717,4790.388438946501
0.4594217337969989,0.9976389138469763,0.10355504656236392,0.07586212281171867,0.9721042848132256,0.24065374973566167,0.833751457758821,0.9914373064040866,0.9534041901228267,0.9647729322872209,8112.619209216677
0.431826095958485,0.3830830780304697,0.2483303869686453,0.4598544816386049,0.5740164165217527,0.6904351567619271,0.7222567263923608,0.6382385275224199,0.13131661386783822,0.5035763650880342,1185.119008306357
0.11725856084348829,0.16566933544204065,0.3179360163313798,0.34818632987885556,0.47449290945499767,0.5471855718581321,0.7502842993143081,0.4177356447901962,0.2521377599356721,0.08452410749472816,3259.2262983308437
0.40734840455879295,0.18882386666555273,0.1313073549675764,0.8171867841450737,0.9445803839171802,0.31986910527348345,0.6519090888794955,0.9461276324488791,0.8223661474858104,0.9108696863907835,3275.9594798446665
0.7388063520143962,0.8404890011219693,0.007870197080935393,0.7544441617118882,0.6478371431167189,0.5631143986111663,0.7774600954861796,0.3908253731365766,0.17292026978240105,0.8216285870967914,2966.859282536298
0.7717634241892737,0.9623639461845432,0.0952527125476541,0.9889524114215363,0.8383781459323613,0.0006240092137369535,0.2413807426189506,0.8395147640116746,0.32924222946931747,0.057932812919121224,8401.66098619333
0.09725365594214674,0.9541512600765998,0.6088584170081622,0.12350539766152113,0.6500043723817245,0.03886945751550386,0.16017053287309846,0.6295200308738474,0.9971380406290948,0.7601897859525929,5550.90500941191
0.646336318353046,0.2894898268376026,0.5035644086532686,0.6812271020051647,0.39768981893564204,0.8541269109584361,0.844532912897673,0.5707463774169654,0.7619554243916931,0.662804814860976,906.2678321820312
0.7165770058805411,0.07154165241285071,0.015584605085912862,0.05672989153290475,0.7666482663538995,0.5050878828890231,0.05810301486006575,0.35964011914854777,0.45094613411660034,0.23295770063127508,8451.428131014798
0.6944448009833213,0.33840975641346516,0.05632456764695026,0.8664680196988485,0.2762905380715055,0.7698805197595042,0.11991772421617208,0.011073182151337124,0.0024315694814882605,0.5836645953064229,9131.981524543724
0.7276721853825976,0.8177814180031687,0.5074535031636689,0.11473109381349134,0.40122851968202666,0.4489109207177068,0.706442578601304,0.9002541470119471,0.7902254540552309,0.6052456012298142,1728.8642625058533
0.3729648741893302,0.21313840732889078,0.6792095600997029,0.993945341183342,0.5691924094090643,0.8352563399684153,0.7077563341146915,0.9463210573438486,0.5695321256726601,0.49785640804374953,2992.7910632469957
0.14793522795804603,0.6661811108792502,0.342206698104251,0.13822794465789834,0.9272002664903881,0.4998312589110814,0.014889739547515712,0.6322318316917864,0.3118022032503186,0.08392238900349047,3553.7387519660138
0.8409446312526582,0.5764373915553168,0.9922792908697253,0.8936846494670647,0.014804333618583243,0.8914893837700809,0.792698113776685,0.32134958523361756,0.5220631099117057,0.8689072682364667,4409.055605357462
0.1747138660882721,0.2382007852512713,0.5051994664350852,0.7766507678910348,0.7106991697521214,0.985104256229734,0.8799794407729419,0.9555690655363659,0.052607729798292646,0.06132580598081494,6771.794418278874
0.09754220759054721,0.23292394224603663,0.08902321290883608,0.7758264588861778,0.6547128541157965,0.4220942644053659,0.12217259902824429,0.6515442087493947,0.2471324801001027,0.8318138979446891,3225.047883733132
0.6663069934966206,0.0872992094037145,0.027642354397891866,0.08248260697117826,0.029707262279902502,0.13322658693284994,0.5710802856318744,0.7992486700009348,0.14674009620006978,0.2500566725842619,12225.162128924872
0.3074666448457627,0.02252338004020027,0.29155122700877667,0.5076717533505742,0.7190595793002976,0.6464310656517758,0.5444384637721931,0.8079941479426049,0.7557067458283133,0.5989824157260394,2989.4373866053743
0.9518055551795491,0.5696647431614863,0.8270531510398975,0.9205585793696014,0.9059688335649654,0.2188281298612904,0.9176060691722977,0.4309030496436128,0.8409084852660107,0.15061115025286564,4796.72224638824
0.9386465354607899,0.20000279050038539,0.30931439952473927,0.8316608590900848,0.29382482711188107,0.2023790992972868,0.1411998566175422,0.19906730735166733,0.7850657759667151,0.828906035141115,5305.088848124036
0.0936721787212762,0.9327743088998673,0.8254910165957154,0.10402380600112093,0.5694338714874975,0.8279070505701289,0.6640699856754204,0.1988511533695959,0.2143933547668737,0.6352523997240304,3231.4875658450555
0.3546459786121634,0.5541896777619749,0.8016039749112985,0.4321925356262065,0.6136596150386702,0.2902577741641331,0.7491531743074921,0.5299562744712509,0.04690470351076448,0.6912267440545938,1628.5383301397917
0.8420988079007656,0.9890659679627076,0.39295706886669013,0.8794448613569881,0.8818221725887947,0.677832252142292,0.034122639685905565,0.8386772143050085,0.8750247750871122,0.4021237933395939,4043.993872151099
0.654542594651105,0.4446837415999676,0.9772592268507647,0.6272840201391486,0.9834543956778127,0.7435905487641074,0.9834374194040311,0.8936679376190311,0.890011964844574,0.5904987470690751,3494.8731027242666
0.510580884180639,0.8719719109556939,0.2947400495984841,0.48717015300379285,0.5948841226408191,0.022305593289206116,0.8352541212453851,0.41038008180619523,0.22543355384308628,0.3075064762319586,3191.5735601412994
0.9375938477380453,0.14797726819800783,0.05294459771807147,0.5184405412286759,0.16963840714021472,0.2618471016344023,0.8342566020477602,0.39428280545305694,0.06897244137756653,0.9493223383886116,6343.227779459506
0.9178940478281378,0.7890511944512633,0.9817922741414836,0.17869185292516676,0.2800931607659385,0.7661532840004424,0.6731081974655136,0.5931314647073274,0.029442817425570644,0.4382067186621209,5335.94531662633
0.4787431469235265,0.8405055264805426,0.7421304434541965,0.007992887568330165,0.20606839937818244,0.7374425663558929,0.33276642728540784,0.5336798410955732,0.8231577234779991,0.1419384353091553,5074.919495765134
0.13703352967964344,0.7050896804725774,0.9627084431221813,0.31367140003178307,0.2408470871341929,0.1975601685744759,0.05817503831561155,0.16086214320917747,0.514738027766506,0.48769183880678735,6220.729647230187
0.21863144498995868,0.3319293393138689,0.008611174953615186,0.7262666713152583,0.5288234404973792,0.7385823118753829,0.44850469201010423,0.4718838679190388,0.7197620470019448,0.46495567448619624,2278.7960825138443
0.1953074316648813,0.6549303844523322,0.08133662911703521,0.9196408533272477,0.7877246472887758,0.8684801486575757,0.6377231798534121,0.0360392662194563,0.4489863872686308,0.370477438083483,3019.7637660130245
0.9337396772505636,0.5804946310987892,0.8144701393507434,0.8601518523846526,0.09290116385131997,0.3771727576846712,0.8535624466920289,0.16491322653483553,0.9780088301419393,0.8487511144849736,5000.206761647533
0.8852005644234032,0.3171769189648407,0.7574420861837983,0.038842198615406276,0.2910136126199456,0.9633273755271766,0.6517294287393031,0.46715912081962496,0.14474239670042865,0.1410605804009527,6010.676169846645
0.8133330746685343,0.24513673849162865,0.04473662235525544,0.6474694824652841,0.47511112407791933,0.8884202338987656,0.2806009390440597,0.7404900791331251,0.908785195410786,0.5668566867006213,4224.95758432416
0.20456905533198166,0.4506966829367355,0.22580505306297605,0.6212146280098035,0.7930081418885037,0.27660752123300114,0.33416964523921056,0.5052947853246109,0.11337799805304194,0.9596033984512943,1562.148697956473
0.48723833527476057,0.1647107817854354,0.9107018178946564,0.957707164977363,0.12143684316798764,0.3134418670905996,0.2793006116204363,0.5071531756672042,0.587854934525772,0.9687921335974975,4154.703953461209
0.8308594819766968,0.5685926106231441,0.5275492582035964,0.16751393929122127,0.556731407126711,0.4816851706764105,0.29262048521458284,0.48686773605656153,0.07238967746495739,0.6790158254410474,1564.3825953006556
0.2441136522289985,0.37488973696159766,0.17745440097794918,0.6340330137950214,0.3256346527601621,0.7240142292415495,0.350392375778515,0.15248148210318346,0.9580619846647735,0.23970800629336642,3179.28673416691
0.8553103789465663,0.246794256048823,0.6253807656857799,0.5096859940396335,0.7068407864105731,0.04004924013243161,0.3161225848702671,0.5688380256058866,0.5676939789722583,0.9630276416173901,3699.7910496790964
0.06921094654082238,0.1427500346260976,0.9434536033818574,0.1217405014975046,0.18034092953991376,0.834582044547392,0.5696403578415512,0.17564421940904174,0.24353879764082942,0.4879773578366462,6702.864052813754
0.2031874245920411,0.9328424209583182,0.17084438575450922,0.1745522881235807,0.6941047097214462,0.5821964160120943,0.6753028918701979,0.20882901897160044,0.15337902712356954,0.20224945586361853,4942.936372266208
0.6958587031655075,0.4480888408632365,0.5013347542965,0.3360613759863065,0.5350517934332243,0.6441323916866817,0.7387055817708684,0.5102423510307947,0.5740823099609978,0.05975053377987971,622.6498072627239
0.3218984831487365,0.008514093111002707,0.24099175729754685,0.2415581374986132,0.8447156035871397,0.6946248348461959,0.8450127706546605,0.9873421260267456,0.3410659805389187,0.3212681113446362,5770.3093344924855
0.9701370796496637,0.7968765931823335,0.8563887514913617,0.6108173308532789,0.8941752621290754,0.4747912500037975,0.14764167823494867,0.9958413747234375,0.608469808976946,0.9690092391168803,3385.1487558044787
0.56769620657857,0.723172454374255,0.8131521734485254,0.4263773848262299,0.09984380612339361,0.08204399201445611,0.6828852631283542,0.2768188286792652,0.33597219189099103,0.0029574799064656654,3960.793072287101
0.6427429449644727,0.6943297607087788,0.8506287042872882,0.12189213527371778,0.4642585404021379,0.3980568598599177,0.940710154221269,0.11064331644126157,0.6929620589427913,0.9088536945681669,4733.698741005099
0.2707835976273403,0.7354194856133807,0.6715267153761978,0.47487743866783194,0.495389579965394,0.29258448324940634,0.4988302455968172,0.6524786646080419,0.11940743556748301,0.6276314115594082,894.1880227467269
0.33917123558526086,0.9143145183594473,0.36387257910990756,0.6044331917012461,0.24158061675829023,0.7972836262550621,0.3852243335733103,0.6966857254723462,0.8788813281237938,0.998737695507248,1872.5814381367445
0.3283172243126884,0.43294225595905933,0.14684211002869552,0.8552303606737903,0.14432093486390596,0.37161541714542146,0.28897926698592047,0.6293929860815386,0.14918403938878888,0.2856894532270525,3369.338920899693
0.85476137844011,0.47107092412304763,0.18660244902840273,0.04299460636551078,0.7111315327806204,0.7018924157575311,0.6662970024637794,0.18350118464267617,0.4456946149078769,0.9538771643185374,3351.201992735141
0.8458483939321632,0.5015754882308269,0.3777001945157411,0.3760046842362963,0.8877666936638902,0.9767554837160974,0.4680975959466478,0.4302243396046894,0.03903234479409379,0.525249147598016,3538.080531171927
0.11461403168668671,0.8488777476076514,0.7220610916149673,0.7498990630623161,0.7829235294288163,0.8907954077659893,0.9211636634134109,0.32085307591465095,0.9222216092267885,0.3969194666311038,2758.517346124625
0.47293825455911054,0.6539299919929642,0.1876754795381661,0.5374527836094722,0.37945146144805586,0.41861715710528613,0.3215788305863212,0.05874034299606312,0.21986540905914276,0.27366323773541656,3429.2475545620955
0.4660001811481984,0.22979682341394458,0.5108289338666044,0.6997015187411437,0.26866994200348515,0.008519192581569857,0.9032835898602518,0.8868834019305243,0.892896891167949,0.8472757925837514,2174.6836821509314
0.389821445724448,0.7829063201487033,0.973166833748808,0.6785564256117576,0.3598608965430956,0.18085839214043775,0.85786815660771,0.7705788106698491,0.01394327343607249,0.7644420839803281,3144.1829707565907
0.15393971897618297,0.7532371052093472,0.24012414981626062,0.8535512357956737,0.5679615552689631,0.8554930144377608,0.05447282289937827,0.2959094292837663,0.4934459676966142,0.22813192230638502,4229.890569869735
0.9720377639820287,0.07756344583828678,0.8226613442287158,0.3872796200047782,0.05703157317440544,0.4391635335999604,0.4081745348724606,0.9451935504301936,0.24595695102059856,0.7433213749140437,7057.479037901895
0.9252645289419027,0.6640660635692831,0.579477005678519,0.10891330951026568,0.34418898430688694,0.3155913362691587,0.14739391781587952,0.30701296755663976,0.33028170412674274,0.8059792829256713,3239.0212689681043
0.39869581407355026,0.6887926188468279,0.1435526133236461,0.7656739182162148,0.9811940918799678,0.5375491015358659,0.49687730997923585,0.1527540558680578,0.3470481659991337,0.7886061229162559,2772.742692649353
0.14823409309429325,0.12211443841645298,0.924797170662204,0.6168623675993954,0.553402258106261,0.10909591064357149,0.6130893523986173,0.4105277763862215,0.5127531170436522,0.6240420334048056,2574.4924970845796
0.42505494893056595,0.2728225137743647,0.6206450754371564,0.779310496423036,0.20302977566004798,0.43330873082994903,0.42383140341924486,0.2041685119709733,0.15165055345865708,0.4322323094983499,2535.884923013344
0.31121250213042695,0.6577320089507995,0.09344576179151631,0.8137640101013175,0.8809155128176176,0.37523020946734664,0.7262054111890822,0.8787822966515417,0.9512097104943233,0.18345390677015516,3574.6082365927623
0.5034340927783497,0.13706453012169095,0.16610980814786114,0.7851107336267859,0.5821112223469447,0.3738269756325143,0.8579698737728354,0.9099446119746313,0.03598585673054333,0.11239984715205942,6310.06664404386
0.8434926555018808,0.7038959132704466,0.6019805367594672,0.25100571694956486,0.8546168265786144,0.3628838200084119,0.07785881100209302,0.09896555872727875,0.0631134318602492,0.3346476140547071,6587.259564397384
0.25423226791229037,0.6740047995892047,0.5123010698030747,0.06256463708722182,0.3257628290134298,0.7478607943242391,0.3541024994348404,0.501953327603691,0.4413893266444021,0.7996302414207731,2184.6400679592725
0.9911772354233712,0.3107843240649871,0.6204516788455099,0.9140246495049863,0.9499925971451992,0.09556733313764276,0.3620876055107346,0.701030682843315,0.949821368441408,0.06774971388769713,8427.479054809495
0.2592052229339743,0.7062508331993138,0.38209224292250954,0.7996442649497242,0.6914135845906415,0.42389279123195034,0.6821374171778085,0.2884389080085247,0.6337279081764443,0.8143865993835993,692.7006202684072
0.2344837339521625,0.15746516595003923,0.5947002260526674,0.5160268777842799,0.6209349834435949,0.878119925210295,0.3386656883149355,0.712532493317379,0.16147006834122046,0.9368963417318625,2366.7055989648507
0.7914495280219087,0.4123942087574384,0.3239945831733947,0.04661957337261047,0.0566795270347229,0.800786458585378,0.9046464773145874,0.750967984569469,0.7534007388543253,0.2766538440764501,4487.037415889819
0.633595223589364,0.3657219156625693,0.16928463494204593,0.6105434385014343,0.3628419665363316,0.6230193547186637,0.27052543565583576,0.1944804512437719,0.853555967422292,0.28616103441427576,1953.8960780181824
0.7050767556226384,0.20730889077909664,0.5720612066332541,0.7535172247279216,0.9732008048649088,0.3149991097399113,0.7271191331742817,0.7773613289398815,0.5693459680080919,0.5883474172767234,2616.332619391549
0.04401715916676974,0.8092438290478803,0.4047291511137002,0.5093734256769827,0.8672766241724046,0.4737682616905474,0.04487794506092668,0.4867731813673839,0.3735768742615907,0.7129540593512411,3084.9433716828803
0.7353896927116009,0.7894836320769816,0.1935515526379581,0.9093899457718386,0.9399162804525585,0.2065445431513674,0.3186328002123535,0.9628671835795776,0.6711693547592278,0.2940857305475917,4128.513846980356
0.2675417447786187,0.1823001633693513,0.6343626361641098,0.8455520608449252,0.4984973820723133,0.7248808052275076,0.6592269690168926,0.7061750142837504,0.2298878510075345,0.8268834814949126,1487.0450906834114
0.33268248463732164,0.6547087235905676,0.8734522497480581,0.5667413939926506,0.32248860662092727,0.7443581270545582,0.7549239339182806,0.8680339525619504,0.9749116739568817,0.20896283382664826,2907.592917324544
0.12917703158072924,0.05512937680383967,0.47044563302830433,0.2367134742796132,0.6992714742794339,0.2063383580858028,0.3405291923014646,0.9562357483548225,0.5853147045782627,0.1959076188100508,4821.207942108492
0.5075988204574451,0.10465421902639349,0.986760890097695,0.6387293299183634,0.21590403070015962,0.3520787678684968,0.06646850554018824,0.0683390041194466,0.5020603324537066,0.08866028863926845,5753.092039021401
0.6827135418383666,0.07520089450314515,0.7924514165079318,0.9667084861274859,0.29958012942665,0.3147593326028568,0.6612382713928813,0.8731467176034974,0.07536029530577193,0.6840156605335058,4990.03698973009
0.2727129864365485,0.4033662005944614,0.9823513702242932,0.0845083086392211,0.6941284366482052,0.2311369787186398,0.0027269251106409875,0.6502069932170311,0.7934539093001549,0.8455627877233638,6247.988362999251
0.49498206047146975,0.09817588877456795,0.6858440559489128,0.1352208090148157,0.8874223884285956,0.17231047809411926,0.7769801368283512,0.8578774846550258,0.48661068097817284,0.7839544160018003,3046.238424919085
0.9277817971085983,0.823894518015058,0.44549300083429777,0.2285935778239535,0.7415866775445945,0.7639983199680317,0.36005575898654385,0.03264484291654057,0.6285025154520826,0.34671252612136105,2500.3162487104737
0.4143335975097626,0.9823918997351484,0.40243893106549067,0.02725824887786632,0.0346474948917902,0.3694189555268198,0.841537148167388,0.2812769009754862,0.7569654343822744,0.05355230943231448,8696.821893575116
0.34373677922527246,0.3149728744923269,0.5297461524221301,0.12430563577470166,0.17519427422863632,0.15537478298530238,0.08568130067806834,0.04218448324969282,0.8385638516744787,0.20853595629827837,7282.054478585331
0.4376319102816538,0.669250390522119,0.9079836784193088,0.7566037655479677,0.9173038567197062,0.19480453023461097,0.5907092269543264,0.7570822842659107,0.8077636271145291,0.5292307202353761,2501.041735840063
0.4902527472363323,0.10693263568773836,0.7968003348807426,0.6129420788066232,0.3685556615815393,0.957736152958197,0.9377039590057953,0.1130931662465885,0.609817644620247,0.19088075675483018,3789.1434798556984
0.0920378206096113,0.6534277052319793,0.6131125272861812,0.24854932486473702,0.8258196351163439,0.5371946586817535,0.04018448008115272,0.017772491347372354,0.7933375110004686,0.35884769413202666,5038.384703769119
0.07864329213212973,0.25076018372699427,0.9367674779394256,0.20470704813036866,0.5976389555196298,0.37457236700407237,0.2935786326551152,0.9102445620176853,0.8834671570847706,0.8752256154870088,3903.5133025058403
0.3585212581659255,0.015027487122750927,0.10640453742506262,0.22474892742405206,0.5033476601625074,0.23652831828722765,0.045884593655051154,0.3919433557773381,0.37318093739330527,0.8628925428188425,7375.811695734676
0.4830621175738111,0.878658923515036,0.30309199502851325,0.03764524717956974,0.3415602793556204,0.7398717178135313,0.5743748688564205,0.18220207951816236,0.16257837044239476,0.8050270297195395,4628.366876136377
0.6168862556178002,0.06342085328521951,0.36685512517367513,0.3882431850784497,0.6069818062791593,0.6547114643114049,0.7844917014083774,0.11771792370413026,0.46864012587842874,0.4108833612279664,3242.680568683673
0.7930143417629489,0.14001841869009346,0.4877028676138472,0.7508251823371891,0.2832850850958416,0.4616052595109964,0.8614961909784741,0.9919429892920372,0.8631357060153444,0.5700119311193909,2912.6100037732726
0.2510234008422303,0.032282622109056414,0.5546633567745625,0.873440260060102,0.43913209966111,0.6463902509859667,0.3591433847270352,0.041369573830325246,0.5652517004217414,0.2843876715349497,4366.989711358162
0.4367269424295316,0.5258197290518768,0.5517614102268215,0.6578474025030162,0.8971719089124554,0.6222474588910041,0.8736505712191558,0.4417272901096949,0.16387974137793881,0.4920431144174332,1905.5966563245067
0.7876531647575717,0.9982034060010967,0.9025072246636624,0.5205036525529985,0.7182774078686898,0.12068993236384151,0.008915121997773778,0.022887763854243515,0.5578658466236119,0.19022781732798888,8330.015719499268
0.10971845934280144,0.8087786166080028,0.37983207332742386,0.6357810897474296,0.9833540746999159,0.040292515860816946,0.30915942742212743,0.9168167997615502,0.8821147612714054,0.9795631801096393,5966.624562762824
0.18536201695913612,0.515457545568537,0.8037384713084089,0.94124792370428,0.7047604596568634,0.07294145067428481,0.6109426361834921,0.7809010999157786,0.9796031954658865,0.9572417674168586,2578.9444415638845
0.8119557318520835,0.4769171222044891,0.47476854757311837,0.7293548051926093,0.8854458625430995,0.7747108381947618,0.6505179515264287,0.02090197228133861,0.2619788255092568,0.3404139674754728,3516.5727067977327
0.45457263121988645,0.6242915236833996,0.9738617369098145,0.5497288543683484,0.23698504401934817,0.4389170407653007,0.3602469858231736,0.7992546894360109,0.7163333795331991,0.6686242513626556,1907.3610177703536
0.27177012597821515,0.30260223373078377,0.19140514430136146,0.600897525107481,0.9718089129996349,0.7736778647090132,0.5841332087130108,0.4678246933434489,0.5684679776079997,0.06465596573324472,2071.883149402374
0.7938206063595283,0.7851160746260571,0.10196504171495746,0.4401728922301943,0.1961740128691538,0.7645549230864201,0.6474189150137613,0.26677895925719175,0.8968643159882219,0.7027523276068749,2344.808718451851
0.2882936431056816,0.4781645279317278,0.8536788078434614,0.6430368531313799,0.2355079947764347,0.37964002953001696,0.026937690685624793,0.6201756362877081,0.6401747159329712,0.7128563026419517,2387.137984110873
0.5140541913955622,0.7737663786914505,0.3602633984455039,0.13030082788582809,0.943210451274918,0.26985236528380885,0.927172262258953,0.1677819336712062,0.928868712688446,0.9853857566970581,4417.407861061551
0.9574476264020216,0.7658913212915476,0.5570936244374116,0.9318341386406782,0.1877894206540407,0.9164074502613363,0.06785963205980372,0.2429951037011453,0.26181286361034195,0.23598168972890476,7129.167480626009
0.38758486345452736,0.4532503461254944,0.8344135591258073,0.06102059650611669,0.5206276833825085,0.07827925555557969,0.9935383147065304,0.5229154825255573,0.22466166503519702,0.8575989989101691,4306.581129476737
0.28202426832545024,0.8819746205967951,0.36827834753339395,0.12099025014252218,0.8447718668947722,0.3429646088779733,0.715290189461137,0.4232140978575528,0.6052073958602266,0.10193164050721748,2396.7873577311034
0.5096598273851634,0.918026341860669,0.555172510100185,0.3635001838146823,0.18592115547087473,0.1058182872828125,0.5072470931271048,0.27062418959689694,0.9078093469457496,0.10636396123926228,4780.1431371163735
0.8740770034798592,0.4698160631609023,0.5904539076270838,0.09373013845871125,0.271316859609546,0.22163747492499652,0.4227263883052059,0.5584272488673178,0.3123380151436954,0.15786789056420591,3223.99133589466
0.01557087228298526,0.5599429821851389,0.8278485090639001,0.5758352601018404,0.24648173200274837,0.06003969924971364,0.10914413608421714,0.3838324754026746,0.5071539717536363,0.5229490901564876,5546.753904689623
0.7662790466530139,0.1825542064857686,0.24855213756779115,0.08068045240928201,0.501969644243713,0.0952506491792049,0.7068066526589417,0.23100507801290915,0.918328170237696,0.2259650450894265,5240.893130546408
0.16721581039826672,0.009023046744944141,0.7215419800862634,0.9406260156982771,0.5100867910576029,0.70584822238734,0.49881628568059,0.3351562523100593,0.9224008981108966,0.8418550259043889,3870.065567418602
0.39136620481983564,0.13722846230564345,0.12564530512934324,0.16977733868801492,0.7571541704212877,0.4335835269063264,0.6384316751786511,0.5513815129119894,0.4690972159417388,0.7567813369425036,3216.1389200720914
0.7708981521634657,0.878764478220244,0.3964590946125832,0.11630785013866385,0.35140058869850377,0.7597915669283335,0.5225010294159299,0.8308552924331717,0.7148166950563632,0.8693691720552604,2371.5915624039144
0.82299573112459,0.2980063270990282,0.01818307929853269,0.3895663720281477,0.7768599587488867,0.07368343503185526,0.15829718161651662,0.15793687462646078,0.49703145911998947,0.5603022146030371,7218.467722334375
0.06029671823482641,0.3945281391416575,0.8488003071070153,0.26853272451740107,0.6740867538013828,0.9729315476980456,0.7181031640312915,0.029926038052413118,0.8041983115483569,0.1173282512115924,5306.732895245458
0.6579416679202306,0.18963148316471112,0.2648279296124343,0.8037201711909814,0.4430180918772513,0.24671382935093444,0.5956359501846948,0.5674083713076191,0.30113932840757807,0.4685398032740773,1494.3750411120147
0.5430114399099355,0.8867709873992102,0.9236583897422944,0.9487702153330514,0.8920329140906544,0.9034675367454614,0.4888354019783584,0.022578762179953915,0.06908443298966305,0.8788984455619929,4923.29055593565
0.20532647374168767,0.0741006038766342,0.8630143363259842,0.9130535812278041,0.8101225495602468,0.17349680413883672,0.4023326980144122,0.06945646619889623,0.9435721614137481,0.7187447783608836,3696.500883461544
0.12140171733647454,0.6424246074826733,0.7494213645097779,0.12461211810801098,0.4278866702592299,0.8730815796000934,0.7577473844942638,0.5687260428929516,0.3721360013862346,0.9736386992663829,2334.9388666991435
0.9335610799647904,0.6245441735327304,0.4366907129177472,0.2310673685663438,0.1630225736524047,0.532496573270915,0.6675415531140501,0.968038844571056,0.9087668884399035,0.005862168775284893,4468.192390588146
0.17119590960372277,0.2162404625451767,0.4093481384727353,0.36744459833851795,0.7706546087036108,0.3009167764995915,0.31138925485607283,0.6214581075768196,0.9989229837163093,0.9080237179581361,2666.17288275357
0.53896392182382,0.9195564121827062,0.028338138129383017,0.8813870386131465,0.9410826130392892,0.3008661581665536,0.5437218922340262,0.11299395293945047,0.310227910582789,0.6529943482780086,5749.165803355262
0.9382996596895073,0.2768490045448996,0.3115911806616277,0.06183168679236373,0.8189479533420894,0.30085276188698973,0.6019526459293564,0.3156585983527074,0.8738130103785392,0.12639302530299967,4852.854697754106
0.07107748700667382,0.3520510995121455,0.03781730317289056,0.18971705278286866,0.7780549546927221,0.27255757857927476,0.7650045545448868,0.4665802699455668,0.9057317086663093,0.7105831040496217,5153.671842983684
0.5410020904401539,0.9946926617670986,0.09319560299345087,0.8699721702423147,0.5667037657034848,0.0339665475511336,0.4663051473441273,0.9378819172842403,0.8555757841653067,0.5276904521708777,6593.528223642651
0.8991645106922378,0.5267699996801171,0.3779054334282542,0.3883433976860291,0.4514523824136406,0.6797928883300041,0.21082513736851338,0.11445467015455124,0.8321001269767776,0.8562309514330125,1979.9918657323346
0.5328813242579142,0.7115214936612888,0.40983217852681053,0.373110688332723,0.7655122392211161,0.6002871897493228,0.5124019116246208,0.9990069075110789,0.38550283920742423,0.3944880761279247,2763.8861933632834
0.23390814156375406,0.23473508270136023,0.6163229864863031,0.06785898717571914,0.8323677075724678,0.22493336986512724,0.21794316571329864,0.8330742473091829,0.8161727225927023,0.8793198243996853,2600.2959849738554
0.7739746364059025,0.8053260248898172,0.08153518192417863,0.5218071184913301,0.5895000915911223,0.8662981394753896,0.7712824953985409,0.7369472562032688,0.3310519665337406,0.4986561774939273,2328.584076316478
0.12552188608843995,0.274589855465856,0.9225453584630824,0.5918871658342076,0.3284024416441663,0.21615105233906573,0.5617105364929935,0.33520288128230424,0.006719097997078816,0.9568237937330674,3208.736240360974
0.22017206155122493,0.5238315532414402,0.8957267681746254,0.22892622955315656,0.45241764859981193,0.5622979367248863,0.42464248619014267,0.13786007467535588,0.5594531730525486,0.6058018619279253,2491.5832569638997
0.8174216364113785,0.9812496841939419,0.40727180191887336,0.19660881107726003,0.4495549179182311,0.5325074236624017,0.33116368956935316,0.26351685309561657,0.7396789322003043,0.7643903917116958,2398.6771582925667
0.7657810254558167,0.09840890974800509,0.2386823922066551,0.6358322105618226,0.3343490850625872,0.8667002345180335,0.6291518828538679,0.4957091302717015,0.8138985470262026,0.7999177542222976,2753.6278113604767
0.160541051710279,0.3476806278187521,0.4614967049577634,0.6841581339000881,0.7097819569385999,0.7936407045045228,0.6084206533352082,0.3002090982103498,0.0571627920954374,0.22680092656200346,3289.342430814374
0.5791929418581195,0.03897873273297825,0.7040527994698434,0.47071632843890154,0.7212643996748415,0.507074069729554,0.8065126035305353,0.26891964777825017,0.36235383295063894,0.19894430130114849,2421.2720785847628
0.47224573593485974,0.3522642775604261,0.15453843610383944,0.15087875418896968,0.9722558274031933,0.4981294286695276,0.46821112604690096,0.4536653017904768,0.9038790328605651,0.6341430036804024,3413.6713769491207
0.19103120374528815,0.6442743160499513,0.5488088887731727,0.22723866376901591,0.3519789348597272,0.2375769191553445,0.2144781719342761,0.5247104168594385,0.8612958626585483,0.3167601765758288,2407.0185927649186
0.002365568744750357,0.30430305917774036,0.9680422015341157,0.7666528204491414,0.4926781140985189,0.5085841607555001,0.595311375010857,0.09297143599041136,0.1733612371060741,0.6182430371012517,5215.797082386824
0.33156682813821814,0.529173871019428,0.5534467381428887,0.9664229363068895,0.33494716709146577,0.9912332924890097,0.7694095550291673,0.2875813958705238,0.4755604281192962,0.9690372231584837,3903.1866201831017
0.27530417555648645,0.3494599753897141,0.08958514710730558,0.7491568126264275,0.6958056035302176,0.5968781449596527,0.35027287927645556,0.5445871578570636,0.45452552606485663,0.8899026763460033,1213.644235160135
0.562332388932157,0.8874109686741442,0.8840482207742609,0.2218264571706764,0.5635838884130835,0.8102349872267398,0.4838443113398436,0.08319402116801422,0.2872881537490578,0.7920327972984476,3629.626495768022
0.0890978550269873,0.38929700254130095,0.6404718005953486,0.9385889119118398,0.5867016603166106,0.2133083067813174,0.9973923512079352,0.9437434376332913,0.7584583724885184,0.3441951678067874,3388.3484715428694
0.6118407347121535,0.07758906072546146,0.8768929768937936,0.4271588984535829,0.1472788357046737,0.9660169156760505,0.9737937154000411,0.6550744567203649,0.6835565385806073,0.8758691282870512,2676.14774358552
0.8371797439321423,0.28822115156890693,0.20441035930285945,0.9602526682207908,0.4144963613329049,0.11395031995681315,0.46509047892488486,0.3715225362506134,0.4593786923776376,0.7545452662657063,3564.0745215258335
0.805474741651786,0.04962215085331245,0.9671957568918848,0.528179422333374,0.9581892475139154,0.7385577849073908,0.28988889492278824,0.6504263332359793,0.9509618230052277,0.4190599711418005,5136.506374856052
0.4133490821700293,0.09132130306446717,0.9547213266763556,0.4135171034867524,0.6030919469398376,0.93197907071359,0.33127196209833054,0.1280405853791804,0.04383105617045102,0.0839362864149038,7838.681034021976
0.09506791218193766,0.4469266887476162,0.9196607054718955,0.46098112022986326,0.9619942288752444,0.5760820406185464,0.04075798644754158,0.7398709822121465,0.08472040952205617,0.3876195329351618,5933.85136980471
0.5982481585689348,0.4074152672851724,0.552379021060802,0.40282137831331344,0.4199805570654218,0.7635708780590811,0.3009075994199656,0.8356527705426134,0.6431980317323905,0.5238695693545822,740.490702659399
0.6701556320649572,0.017316076313776962,0.17201510086819216,0.322088812784331,0.2962509464290414,0.23604272689872496,0.541479227493727,0.647177607064683,0.4320881836595385,0.8813450910892562,4572.71998678419
0.3057527999898134,0.6844996838600282,0.7796868035676587,0.4212100788592388,0.33869472232799,0.5408001936724537,0.03130490378783979,0.35020791621426417,0.44006572214252127,0.046321853734787255,2803.1820164825654
0.013825540383838875,0.3221827912443517,0.0497933518680338,0.5709978358199993,0.7952594339393796,0.47443150216694197,0.9364174101757184,0.15721710274740242,0.5745730245757734,0.5031323206393079,6303.738834692995
0.7147971699439127,0.36815134795041915,0.5414914676998207,0.022490734221336073,0.6369859861199353,0.12179071941688602,0.6484382117123481,0.2866413404099575,0.9169134694931667,0.5597344939842052,3016.0336247350842
0.37748108924609647,0.4967038259340075,0.4372286595046937,0.24910718301746193,0.531841307451734,0.6105810139280962,0.6889437205877327,0.4116094410754766,0.713987821255876,0.6720652111608459,404.3865023145237
0.9716311583575951,0.8545498924815288,0.333247537642269,0.1566789205071797,0.6431192370986089,0.4051666148308517,0.5742071234892024,0.5020070843033877,0.5905905086401471,0.47841599188092176,1762.8912236931835
0.7719532940012933,0.16852702307934186,0.7565116126177657,0.6497509744934169,0.4719345580755473,0.8458404786191629,0.40398091062425523,0.651025142210488,0.912878876462501,0.649688757721567,2090.8416833175324
0.29035398906115717,0.07103851964522057,0.4251508184091093,0.559458287717305,0.6222887015209811,0.7921741882901596,0.023584054814832722,0.06096586235160273,0.9604907551370679,0.47253633955866237,7128.74079993211
0.8724978883367163,0.44257258456842596,0.30545687405223776,0.18074605950095968,0.5266232857048885,0.3566628272995963,0.38230817748147294,0.42485562912807207,0.9938164072453469,0.013412631090722438,5174.721886815376
0.17724510816842598,0.0949389534469407,0.7051643807643164,0.6562620706832557,0.7109940713322228,0.13008925563917084,0.6917866567672376,0.7421489868902238,0.42983019652295096,0.3350736519341768,2347.260181537734
0.8018963601607612,0.4553216888445063,0.6289871608359177,0.1953171740224502,0.21745805346149416,0.42332000213306065,0.6999930714808797,0.8963686334657335,0.8102096190358223,0.24874883049870955,2408.9463039925827
0.9970367620955295,0.5262192284747537,0.4396591723221345,0.17318889454979436,0.5213015890453196,0.5629202228080898,0.9414849024917343,0.9724737924871282,0.6899488458697747,0.11080591689368136,3641.4549808403053
0.6921585777836733,0.7270169170198703,0.5078412859757226,0.5004507669576914,0.26470882976312426,0.9557768302181725,0.051630563765471704,0.5316605448352986,0.47945163674410696,0.3895770771172218,3860.0094329987214
0.9158691083121565,0.5471771621866421,0.17316631329234056,0.05223734615569853,0.1745004320803839,0.32415383780735596,0.6411949832839726,0.3228698823464822,0.6948798062438172,0.8583911539424358,4887.065859822341
0.556167865295251,0.7874115898733038,0.4221384996395925,0.8089315399171381,0.20777291372264273,0.08130507835052025,0.21390109632932242,0.9661704985990627,0.7385462044883933,0.7532539716901714,4416.474072883094
0.6521030383199504,0.622161762801495,0.15990825971143252,0.031493602717617475,0.07884912205430816,0.36668228595136854,0.32002635596051143,0.14950442931111652,0.8042767293458714,0.3327591913273956,6501.888791321881
0.47636560321931953,0.9802050696484732,0.4835013892674145,0.10437611749719733,0.41933010726712294,0.521195826165275,0.06002565588283004,0.8589223567090785,0.43842304792138087,0.43997535258375264,3978.604999301378
0.252308081154737,0.9389501685612178,0.3872803145727861,0.10931385626851609,0.06370530001032748,0.710731539843365,0.07941390838183404,0.6775676108647875,0.36313151433931956,0.33618650263146965,5113.455414831891
0.9249297268419548,0.43572072215228974,0.47774974062512476,0.6013046446990423,0.6412364358596712,0.6070267006349059,0.8281276992944715,0.29449314118907166,0.20265439333439794,0.9586416968926249,2178.1787925713425
0.965641996615904,0.024888360809721566,0.3550184455239993,0.7234031644441277,0.21530443041915692,0.3780832493089543,0.9901616814539698,0.16047527564828534,0.7557644353674826,0.5377983384036669,8540.782944946666
0.5949265287905758,0.6984666682212192,0.5204958748354935,0.8367742793457338,0.10122889855202322,0.05599770422016648,0.11472879841207595,0.18815023049134172,0.42637355958430956,0.9133470968831373,7414.6805198715865
0.7885225757490147,0.5659486031411834,0.08239015511429348,0.4021338350545647,0.6432143443535742,0.07789204404583172,0.9644844421732003,0.6978192742372853,0.6367092039587837,0.04808132847797186,3122.503553049965
0.002519911700094468,0.9637196949211454,0.2242769807727948,0.6237439486262818,0.378993347747129,0.24861462957357805,0.8425916177514889,0.13120049790895538,0.10455112176609549,0.26474538471585685,6534.76509027811
0.7433774555738006,0.11149611622658417,0.7834219681069405,0.30311314678357504,0.0980369282786292,0.683146452503307,0.4234821456186366,0.8898461443317617,0.35055383640215454,0.928327387772423,3467.995871613726
0.6665303519679191,0.7528390268994426,0.5414406187406003,0.4872968848030482,0.28156682144872147,0.9177956238266658,0.3096379729653793,0.3861933883405818,0.5255468507205545,0.4518501734792,1653.0490680559722
0.5674199389209788,0.04366092472493788,0.320442754103461,0.09189990159934813,0.48968084739795203,0.20098703599812606,0.8286712240532388,0.2638087561745508,0.8982329160996201,0.0011571206289945346,6185.994236013213
0.6769818181733518,0.8236685848396634,0.4016280274318501,0.5506305256735771,0.6813541390775768,0.009298454547581825,0.2890952964131066,0.6649357275773488,0.37543347169352626,0.8610109133859879,3611.13974549129
0.6763675484646332,0.8109710051655266,0.8117458499836783,0.8102312788457628,0.8318054561367979,0.15305810018521182,0.13251367190943253,0.755364154284188,0.9879096140700832,0.48868333558199983,3934.883447558559
0.48291532672512516,0.5000073934040664,0.1484640232348654,0.9151111878664727,0.7743710552364625,0.3303770536293261,0.24632950125374042,0.8095627746271641,0.5991606912897179,0.758322048875234,1281.2645400151353
0.005782444756833316,0.7479235739046199,0.20946436644249422,0.9189066677924507,0.6221697956051392,0.7403455060619261,0.3812926368974705,0.7923680852195507,0.532220704622015,0.8636410934042305,2573.7349339935668
0.26477370275837486,0.027711025358364894,0.448496623694845,0.23327772240391886,0.7143828337381614,0.46780475148408707,0.94839029931691,0.3946826152668865,0.5928724691911009,0.5899670628631389,4070.6139674986894
0.10535370375841224,0.49446807637923895,0.4319510792962371,0.2648453778708417,0.9783596917763678,0.883536480578721,0.8541571659283351,0.3820234686158256,0.5904035935439043,0.8297933179133369,2163.037781761514
0.823415043992685,0.6167192926430297,0.7624452669792203,0.26327557428705806,0.1380520297704726,0.23213091990451318,0.029767193927658253,0.7547308223429664,0.5385372610815713,0.9078835420777286,4099.707209341091
0.8426573505578143,0.6795089387607925,0.9507769873529234,0.3351779973099299,0.6233051404545492,0.9430025341083955,0.9176848524021733,0.9020478766313302,0.4621964200962846,0.9176006962153211,3447.0176702499925
0.2463234878741939,0.23537887840482863,0.28861293126666765,0.6313616147483901,0.8762970047664702,0.2533172734780077,0.9409627325896814,0.030401354313821738,0.40399557314684265,0.7517140703180061,6218.393503800651
0.161801031590039,0.12106939804278705,0.616631956189326,0.1622435195623737,0.03899378753505689,0.6744187991156669,0.5910586233787732,0.09711570572263306,0.22958109172357388,0.3093560702392083,5847.509482632765
0.42182214599400014,0.8742621202415679,0.7041855334402854,0.6363535321515806,0.7749682543807268,0.5350305722836677,0.6123121469857989,0.10424910846253777,0.3108943876249042,0.13728099631286927,2402.542351517606
0.11662788674231195,0.8558194563893804,0.735510210046241,0.678570656909497,0.28749387032954066,0.11781095397315122,0.6150232135011983,0.08531397552477715,0.33155087867957633,0.07318792663271101,3267.610978271116
0.8365020450315135,0.614150201431566,0.8176718458537436,0.7184892606725248,0.6878036345072432,0.21813538374991648,0.7721585951699911,0.5480455463089384,0.47066768221615907,0.9428065782263062,1057.7301764635304
0.693867210075208,0.1690986404482333,0.095272041677954,0.36770858980649956,0.5604025447455879,0.9559121446811937,0.35904078077645707,0.4838562329805227,0.08464981943097794,0.35409211801232876,5760.452226405635
0.08852712778702576,0.9187652329810305,0.29686465152154284,0.4399232977349159,0.0801462324141764,0.30040173390780633,0.48239443814734306,0.25724673378039775,0.7506283841777945,0.19473641812632858,3777.600087644721
0.01783445485317081,0.4131755760821544,0.9547160253634099,0.06407210313877632,0.28953601579940547,0.9048063000011886,0.29285881903904165,0.9383577803824175,0.562266428123966,0.34036898174718366,8263.558323487785
0.7943264895612042,0.8957924251668463,0.44689428459590896,0.8915315282121504,0.2872106257058722,0.9372350673787121,0.869126035341081,0.7610153040257135,0.8342300508932068,0.11814559309569805,3661.7519147590606
0.20880481676738039,0.4702639395846776,0.3087146929258996,0.11519796775015456,0.5926594467562131,0.10008272825704045,0.9631554603194159,0.1177434188737132,0.5931110799478869,0.41576584803052474,4381.420629851543
0.8747109969202771,0.8343858053693278,0.5035634828777854,0.6773106402352284,0.6733627864285991,0.25503015796970296,0.7170733636425228,0.17001582947022365,0.9407946498964997,0.13433899106895175,3197.0918881845346
0.05542180059370938,0.9775370188411124,0.9401047628722975,0.754183473063502,0.5318520352647429,0.8569451596494689,0.6411655394648101,0.4396963219487301,0.7451569149261855,0.9170450352702331,1623.7819968430952
0.770260338216662,0.09757554530834356,0.7002840339621291,0.27761943334228234,0.7709958566794062,0.6565761701779542,0.17075979038606093,0.11966463109133785,0.651350302979962,0.1691586085297253,3317.744182725852
0.2147454775434091,0.9376572227142541,0.9014169081091994,0.00930134305319219,0.7149420712337196,0.20538691966990852,0.3438619951220895,0.4749808311871455,0.04700343653301997,0.77179035649471,4832.913455453034
0.9486518479335052,0.8199784475138079,0.6123511501893112,0.5818890021347232,0.016050638159154418,0.6235025648244419,0.37619218725241355,0.6376523205614697,0.9913200669519957,0.3870687781858211,4210.39870791549
0.47587482813977033,0.42711201081854744,0.07905408439809314,0.3615977961741562,0.037049417859474576,0.24421419840564285,0.7766782912857733,0.7031143232089566,0.32897867749790566,0.3666467627425415,4244.311211442314
0.07041440844228408,0.4355125744970557,0.6339178171404725,0.23333134230170993,0.06258450791823766,0.18187527529030312,0.20995647396167993,0.8775234908340173,0.9991663477656847,0.10013198433761805,7883.869570238723
0.1274880535958477,0.1733851448689011,0.9571833304740694,0.09542459909738099,0.0631696087874255,0.3352616868834495,0.36218840010103626,0.1762047828579093,0.6047324403565016,0.45773890271955553,7552.7582095854
0.38610240154470565,0.4634561257595665,0.26650404073433176,0.7989819423519687,0.05858862103469842,0.03861217785282778,0.5034022403245643,0.3835046675130329,0.10798782183747502,0.09925163527109859,6772.581198289004
0.593955919966832,0.9855974696093379,0.9360181818546779,0.33989553296044983,0.18163601122189987,0.25917925060941593,0.4067005676746518,0.7303572111247005,0.4247101605958933,0.4557871869695971,3430.587494877473
0.723149362705391,0.2615359227015198,0.6617468316306803,0.12093397847626397,0.2448781873155531,0.043080963823827756,0.37716989447615623,0.5198534681104864,0.5465255257855158,0.5634896725895532,4117.797699689201
0.1300924308887772,0.7367803920844274,0.019752846981130445,0.4337313333212197,0.5310832679932072,0.19867785088009593,0.21364628452128243,0.7772331108335371,0.2035731683916856,0.6792925291576493,4003.491503824664
0.962280678002082,0.9344642827161981,0.5061101373750773,0.622466743702289,0.21311747911457646,0.8401119318144675,0.5628044737561978,0.1618527447414303,0.492516361011767,0.40468363548369723,2227.801296471982
0.29377068874669754,0.09721169265222673,0.4599704209791138,0.9800705558668587,0.7728587574744843,0.91874628210147,0.16848204380034582,0.7829621736817166,0.7623751147040315,0.2526182517500687,4548.128664344567
0.3743340197878672,0.844263435289226,0.8962916722376908,0.6939530579272444,0.8367000683448881,0.9582010847299456,0.7795185881606868,0.5817409979349041,0.054198507248174654,0.58557439902813,2255.020131144909
0.7501175094244179,0.7856489313536789,0.177813003416478,0.5900295191190785,0.9535444952718201,0.6068164969171004,0.014901271219202039,0.26414787898420944,0.30670368880858123,0.8785944127518527,4998.802699972815
0.33038550858657934,0.30694146232401454,0.8156126484240885,0.8799376279151745,0.8023955159709695,0.5830582706129331,0.5943031119922441,0.14752838193304751,0.21542835758760226,0.030587029573224234,2695.5720880352847
0.6071641492652464,0.5905402950533994,0.6428445775061855,0.17335345122293955,0.2141155319154372,0.1572562544888617,0.6066610729278491,0.4087975441887284,0.22889818381355742,0.5378089554806665,2336.6447711138153
0.800697006374691,0.18907573970611669,0.95211837972726,0.8953948629353423,0.4062473738161806,0.0004258477745443523,0.46123290528575567,0.7486143970811191,0.43173104502804327,0.6763802387535649,4334.7707053630165
0.4379730583178647,0.5093364852040919,0.918920753054035,0.17795437300837158,0.5945615120312052,0.17246378118855887,0.5478384378318906,0.15407005354916126,0.21020952353790723,0.8168981255435547,3738.169332322153
0.766946141692094,0.28956642400162913,0.20091114939099797,0.08259265203947996,0.7787637260796875,0.6975502979573228,0.6102354515899197,0.38278319454967424,0.6359020274616273,0.9775763493251717,2354.1819373818566
0.42488938420878386,0.5855874046756225,0.07926950914272801,0.5064942877618479,0.4163746992604713,0.45666858962115675,0.5324149390767735,0.08040930518857459,0.03840176098821324,0.3209489199148746,5331.5878678478375
0.3289695598606376,0.8061666288172714,0.839770330677986,0.9292065732819098,0.5530071200836091,0.1935154476367883,0.7282857664802005,0.9526326124531447,0.4313709311338215,0.48194897627966826,2376.52407181669
0.25334929222182245,0.49779065826533264,0.33612124081068007,0.8294500683111967,0.05338293494090307,0.20456315178707707,0.22558404675061827,0.15658894878209706,0.1511050211524586,0.31349516257645094,6498.151920636624
0.08277014179398468,0.7925408794241193,0.13564890517358985,0.10903796745770611,0.02911320704441578,0.19651621566620647,0.44982547725575495,0.6120420469815201,0.9756245269460779,0.5342307481980167,8396.368357782134
0.30208484538290103,0.9411345299397255,0.9707813399908598,0.3725200368902498,0.9445245793428317,0.37933584607181403,0.19204669119554707,0.7304253338152767,0.07022075296924135,0.3114214879002263,5792.630595867716
0.8690618569542008,0.08520213029555124,0.6445700893485176,0.7234890269115833,0.9167239254274878,0.4829938525486718,0.4851478876794574,0.11769324235294654,0.7427562046324705,0.8993823768097623,3345.0118623015937
0.021733711772135123,0.9188183235184936,0.2292278068330349,0.10138298868469275,0.38784234243834603,0.9707768502574426,0.9374127739281742,0.17914691538378213,0.27378988532606063,0.23687269974973824,7094.208021713704
0.9915618639934123,0.9993744190415514,0.4952258276802498,0.8747941862538055,0.9560215549199881,0.22018622317984093,0.026496054195421115,0.014428134603125087,0.6976302784064262,0.23118544043664868,9427.77694609995
0.7320872987533377,0.35475026722026215,0.23332300348472845,0.4140459571892343,0.6334062240691936,0.03749835964598158,0.7184676358738492,0.19181068814542301,0.5240262955426598,0.8278209188010772,2540.948979294861
0.5954172214108653,0.5412840583114528,0.2945345730371739,0.807281502896889,0.6541302727761674,0.450255933218648,0.6084414284896228,0.4393360196836358,0.9251101662532318,0.15243918522634592,2361.583429001378
0.11152790723038819,0.5911736037648209,0.6831293773542628,0.1479029333766667,0.8540153026639152,0.4896889913048993,0.6941260891080492,0.504330673293454,0.3870541232618935,0.22151455614242188,1591.112911669238
0.9526392281354313,0.5070199686991975,0.9240512470784504,0.17997034093708475,0.6414165213685459,0.15370758509040716,0.6643193959894013,0.08844334226941164,0.19365182480174892,0.4343633913496431,5954.1256736930445
0.2890468988435827,0.6613686427837577,0.2639880494264011,0.21430259437337895,0.9450139859965797,0.8272469975465521,0.24557019758221033,0.45176361943265964,0.2143002213916454,0.3749975747022949,2352.596624235603
0.15999814515869937,0.45132263216751745,0.9201063689527075,0.18120789788010605,0.4425159276129419,0.9329552112105302,0.9121608480221431,0.2768055188633963,0.611420824152312,0.12914448602248974,4794.713090381014
0.22163834867141063,0.694606464624627,0.5718132529873701,0.9724113769812168,0.837902170652186,0.9522897880701254,0.6037277037181785,0.8899521096191275,0.38662730470435436,0.6530344867793705,2719.0350623862846
0.342604276300543,0.18735942916767334,0.7327352338230285,0.6397053537719883,0.35296139718686326,0.9291220512198096,0.06145555451195217,0.8084503432686555,0.8919030442491931,0.2634157416987185,4316.643277118648
0.012751700472620087,0.39446532838069037,0.9488241667248085,0.32145062979434647,0.4516891596977931,0.09453112715180612,0.6626367048821745,0.4182502050918485,0.710717621103471,0.4892380373176807,4501.656845712692
0.0912869437567454,0.6463042239817363,0.7219045566383119,0.4055126572509433,0.22907743923262835,0.7509185701972779,0.09560985339167472,0.5905478892618434,0.2505543663499421,0.12945403602393735,2717.97297138146
0.675100382741266,0.33120875202591715,0.5718054827372914,0.6067557976349831,0.572403136983938,0.6070817149794485,0.610159585629492,0.021373785846416582,0.2085775441886697,0.7395083520426636,2982.8814415248553
0.7828438220529069,0.04864482798014702,0.3350408057043023,0.10542386134267756,0.039356373874950834,0.41504709908798554,0.9769716302333923,0.9275865316168036,0.09811187783998032,0.5270847253076995,9563.204269543035
0.24494096138142574,0.27809474322549044,0.592551104748917,0.6249680615447009,0.8539989740503655,0.2556239454241269,0.0783353081712671,0.5002008354683418,0.1353748416737307,0.9347905940053994,3189.431946834998
0.8467226189303505,0.861563230840487,0.040381843865963774,0.621521082693413,0.8905662938344374,0.897417639984759,0.14683026706937397,0.7896722037063457,0.7328214053654226,0.4963374243032519,4385.148758557035
0.9883228345379481,0.9059474035889146,0.3897184513350429,0.3856376853397008,0.12483973978309948,0.7004826405267114,0.2860585138394903,0.7661427481875817,0.7900255678597214,0.07142276576506323,3160.2112059285737
0.8167771893237185,0.3108900820778766,0.1396382025826194,0.9529028836236907,0.1982380071040214,0.8430290074159754,0.6925993446885218,0.19704511441477646,0.9722334374190548,0.33911210601564135,5247.9033199843925
0.6114861036236282,0.9920753845180634,0.39183698083393415,0.5973296191511194,0.9479649047118669,0.15465625776992975,0.6701341594136265,0.5771223923096575,0.36018127419838264,0.25463233069355573,4926.335025885892
0.8666409644662536,0.7147005897796257,0.4374175720465021,0.8107692247011105,0.6265486855559576,0.1653014202668739,0.8131970871789932,0.07638623226732566,0.9390831056901054,0.4726266663384957,3020.7157447044474
0.6298457253200398,0.2945547108789822,0.05880416310929082,0.5785097684233674,0.2438425642169615,0.19868139480912805,0.24157527436181436,0.7557429383698197,0.4342381578495793,0.2575844799763266,3057.7127217835528
0.9164648496048666,0.3415776979570858,0.9659461009969514,0.8928222052663377,0.4083047930004978,0.74708616511085,0.6081597828554207,0.2038484082625568,0.79717497790877,0.9682908865323362,2869.490684701055
0.6930110422480844,0.7002439361751744,0.8942605492688409,0.902767564796133,0.08745872587051895,0.5535589240503864,0.4535882736202711,0.9172645371710954,0.06736062314899005,0.33354917638564374,6270.497562092191
0.49848382018751225,0.22186429499026405,0.2624266375091576,0.765273182719427,0.41367477653889684,0.5567092610898512,0.7711567504153831,0.22183241644866802,0.05502512177460395,0.4850989446289907,3429.828771032642
0.6043106997167149,0.04998724657454534,0.27380709842987194,0.6437868947529809,0.7516959692218581,0.03719700338637155,0.8746360789235206,0.8939555341520459,0.3414234442892886,0.8148358634944665,4465.597095146048
0.2595537021601122,0.14939692050831233,0.499236898628857,0.34569483958509195,0.29616900544979197,0.35175684820104147,0.6208131015819174,0.8878660373655295,0.7790956375396294,0.48870230900046874,1797.5736707518895
0.6534737102311391,0.6485619478377238,0.738490322008458,0.8073133829409282,0.011583545208004531,0.023310296514537865,0.9453356561440792,0.051912198815117105,0.2842156641825597,0.8614816065832543,9076.551205023748
0.9921096490617488,0.06956400333323243,0.6227418702897112,0.18733359830891427,0.5183854335017609,0.04771670427073005,0.04185397738289309,0.7434152482697601,0.39756833879670206,0.14588219226021015,8160.971605118887
0.28465542927449594,0.579187680148107,0.4699720697561177,0.98605580325532,0.7606665064517103,0.6383239886578302,0.962947138943474,0.6115594801279883,0.5460657359718334,0.477234274005085,2311.3792702018436
0.3887511383725911,0.2220749713806226,0.5196925443510653,0.9606318385745243,0.47508546627936177,0.16376688502652925,0.9036298341041231,0.8192443004782175,0.5476482366947124,0.4309112104775876,2461.0667255147487
0.5825529235904997,0.37361801362714187,0.8471817002556762,0.9043949577548499,0.6771842374477328,0.6024881768691387,0.2651095114546489,0.24883754864216445,0.6454834679428861,0.877618094981663,1186.8212094749376
0.6047973075714357,0.43094690539731184,0.014242531440029405,0.779309998650742,0.29012676751029254,0.8833043339946469,0.2766947637030055,0.5394513673545784,0.9296712879781738,0.5105874550129595,3886.2590061822834
0.10418523859278528,0.059296784184890705,0.7330195891289883,0.5634868593131347,0.2899352512489609,0.8367416838182673,0.8785928837286325,0.5512911189848407,0.9595973497533326,0.4373107610671395,4562.551517587172
0.8985063204178667,0.6189835862446816,0.12074020543849051,0.4831461158879504,0.11803617191910132,0.2918003508003355,0.6944493801683677,0.5814623480839217,0.8645991532127667,0.0012904482144546758,4438.253323027138
0.11733552364213107,0.6081160341188941,0.8541580230073103,0.8779998254457568,0.004831129890887742,0.23125995310254188,0.14703386008372532,0.6302261539289198,0.018314468135087525,0.1725457238573489,8775.563628232152
0.3084882323312036,0.04887877681852515,0.7060087915023091,0.9301964553904831,0.24020876249515744,0.38354189631069247,0.7539041036914361,0.43500383055444736,0.5943836974520904,0.44535478826789765,3384.0506218133833
0.8943443269251632,0.877896614758982,0.16792245496678793,0.032536936531635474,0.26355148491893887,0.7799261246368178,0.07710027704717914,0.17089195530155266,0.44916695631456227,0.35626791404010094,7758.04771273437
0.616586520375398,0.2965800801967976,0.6062988621614033,0.4360773280080118,0.5189889167006247,0.6303108308806635,0.8762343931557496,0.292169069974889,0.9360635572135938,0.2938369872486162,2885.3515493997606
0.5807583701548453,0.28990030617969287,0.19343945589831435,0.9923021698602258,0.9840985182801671,0.4171398086572401,0.3824230929171515,0.34890528531239595,0.2460470452631981,0.9037767311110373,2874.5550484871405
0.5622917372680082,0.31705189644087817,0.3572766973462931,0.12365724107949605,0.41187441776933187,0.14947299010662574,0.05836838959689328,0.011437916195270681,0.9575238689739045,0.46301241213782884,7063.667187237692
0.9457145983095637,0.6258684575327365,0.3341744512325979,0.3137140376990396,0.8011013240025405,0.19178687138973205,0.33606980042605217,0.8274887669842587,0.6172335878024169,0.3299513621178467,2504.47931797471
0.28420265011793944,0.17981041131598074,0.831641681412989,0.9394231490729513,0.5683687623289297,0.6423418444483225,0.6326834510242909,0.6238454995259605,0.2627664548740909,0.41943216981723186,1553.034816641415
0.042891712983657126,0.003460599442472345,0.7713643470393411,0.5140675226550957,0.7275872506247604,0.9708060556555946,0.15804400351799985,0.5333199357832445,0.9120703395206733,0.8356626512440186,7174.252418792585
0.12612272590878726,0.5230786622084195,0.5837344248299724,0.915643898795352,0.07773837300818864,0.37796784653987026,0.9499770429686233,0.24665133335216138,0.22894036158096487,0.9195728403635327,6360.2701250810005
0.5853171313742392,0.2568485497991436,0.574535490160815,0.5277202594848637,0.7747379977796583,0.7481572735453754,0.9897691901839318,0.9801805239794539,0.8919064114749499,0.9816094177980641,1231.742464529906
0.8495364239437916,0.5009532634212993,0.502793464948971,0.1555002280586194,0.3244031445814799,0.9555126998494442,0.6063727390211597,0.5170739095615859,0.48935725384133766,0.4631912964751006,2278.880389008069
0.9170124116316751,0.04032184303069131,0.23923941608426402,0.7073582753017513,0.04755325729315041,0.5236062585279683,0.5309617628014468,0.9411593548694421,0.2731758745148194,0.44571149022374656,7793.932360254314
0.9703238418861571,0.20908997477637936,0.5069446116231389,0.227464820156711,0.6000947128962528,0.30224577758829696,0.3081175258325577,0.1353101846746707,0.062042358599908254,0.2279682043551986,6537.203235133817
0.8291553783433838,0.5661472838834791,0.841518644256479,0.2810417197657912,0.5312773050865691,0.8751598779033982,0.11919248295328155,0.035341307010926526,0.44918821731751946,0.47440724774022225,5930.085885645989
0.7401612610035417,0.07303473089742984,0.28200115718828267,0.28073092398285027,0.5123280729590983,0.39866653167904,0.20464972432412942,0.7613804239193811,0.603820049960584,0.7292502059653756,2781.209086137897
0.1427292952356517,0.977870788205405,0.8531903256608611,0.8210433695875564,0.6267106209175786,0.5109289895090786,0.4732686953316366,0.5412762217725448,0.5490930521637212,0.1551736101950868,907.7452982174846
0.44545738262700363,0.2059350474108701,0.5219675975053959,0.35228608735619793,0.9673935072091181,0.39196300834767217,0.10052283869282252,0.7358146290219508,0.8390587239701385,0.9416691158941394,2746.4601495148427
0.9260474907644086,0.48446340636461394,0.2503368491868011,0.12242578610923294,0.5207933726262374,0.22852008299075954,0.9159243980631582,0.8004273639683331,0.7264353300896729,0.8492370163743299,2560.3358775302604
0.6681541207325562,0.40864772891871803,0.4604563605627985,0.7370047027282582,0.16337081277183874,0.9786403681854458,0.7499268667743586,0.913805121002346,0.33172526188072415,0.30940715257943585,2744.7809512806216
0.019484418115047752,0.33087935901365984,0.32998710910666695,0.04670137653003159,0.6269517172912629,0.6812385946375893,0.3350007717104052,0.3719025497440601,0.8836895314000738,0.2049342102738756,5022.431680580288
0.9025973281056946,0.5446532887018518,0.17742033308698701,0.2677462636376211,0.002567154683151718,0.3790573298180079,0.8030349807582079,0.4244085999667946,0.1638947303739412,0.6961075740984747,4967.23118080306
0.4136908081288302,0.31533547398788586,0.9694988285025291,0.6572267998872211,0.2491415926976066,0.19719061849171937,0.7483686778978396,0.3387482717027902,0.9918413619063089,0.34785170752832806,4332.617471206102
0.5124675864868757,0.27269018547889523,0.6054705714049247,0.9826548060332587,0.27577684693189364,0.4946851967993596,0.8611035304805116,0.32367386434016776,0.7362195242012101,0.6817291616204968,3637.2619036649116
0.5551556726127511,0.5128079405037956,0.5330320600025915,0.04398921390877075,0.416335438497613,0.7175055167303154,0.4029650415512419,0.644226899329733,0.7208802481297688,0.824973503315562,1959.8585327698972
0.0181851085111715,0.8720806840541981,0.6646956850373243,0.573767593083325,0.6199755256897697,0.9597759574225669,0.915497828100885,0.6858667195568101,0.7062670875564576,0.8453816757226628,1784.8475229093128
0.9906652527639432,0.7411776671653607,0.443818624818088,0.37702386541292576,0.9759479676884723,0.18246377064966046,0.6509580674032972,0.8806189000600122,0.7800652628791735,0.880932987783712,4066.1178531564724
0.48493529266551305,0.7508241080084077,0.8378075880473033,0.24336910414766422,0.76655856863018,0.08943144268382441,0.006712399952189307,0.17034705944453155,0.22483861560948148,0.542541628220913,7540.885660413055
0.6512837208816151,0.4054824609807036,0.1369538385335961,0.7794761708257293,0.5501177795485549,0.10865807757442925,0.536547347059891,0.6699469415439209,0.10952293711872452,0.32672311917755403,2763.900917081351
