0.5089766669851109,0.34996778313439747,0.2588344025770699,0.6009692044984092,0.6146875900020071,0.6785251957611141,0.4076046901572058,0.7584496263418649,0.9860562746557429,0.06724616884878454,1.0771305033237402
0.6923255257207185,0.895051844680513,0.393122198385483,0.7673200370704538,0.29704124499269224,0.21927910988729526,0.016324961129060456,0.16139341063948998,0.2618430662364307,0.7435898897520415,0.6218867014389065
0.16545309226171723,0.3227556960586415,0.7146530517506573,0.5668812507664565,0.07740217116930048,0.03956441605437355,0.5558347977101803,0.32939742156528573,0.04060149237187127,0.8649784598423825,0.6209229322362193
0.5193795737984971,0.38776336575251247,0.3147099950696648,0.13702460943822048,0.4897803123893977,0.64816777824214,0.8034851647919767,0.1823776247144685,0.26594453955468766,0.8162658717098558,0.8575619583963532
0.708899904040262,0.8964624634096491,0.5886458212944204,0.3686297891291589,0.6048372366408784,0.9858759132236379,0.7579185408473992,0.03533569447383722,0.11162470331061702,0.9362986255800806,0.8034453107047733
0.7741891137873509,0.4411184468460084,0.29393315917224483,0.3104228399157112,0.07024735976535956,0.9277263178860027,0.042345506279034106,0.06483337849650028,0.16411170578003254,0.6544524795908461,0.6642977154276896
0.27410609072092185,0.20570396141184666,0.47767407274409446,0.5138794872304125,0.8690799174444954,0.23563548930033684,0.03594316473554804,0.07612189433519279,0.5375725458581361,0.3368299987028103,0.9600852200074738
0.9697145113241845,0.9841179298387775,0.720164407548836,0.43034947675240665,0.24642221741658232,0.6573417013225283,0.9509159987366644,0.7111110042631397,0.12087704277500633,0.6578742840305605,0.5261861682447565
0.9203808893560309,0.3108779318066871,0.5916137954709522,0.44363018338864113,0.4538672570078338,0.6563476620952079,0.8348727017373053,0.12399363352452086,0.25817937978691197,0.7095670523234221,1.1957663003618237
0.6573956054958957,0.5360950851434809,0.21048171138127347,0.08413593363389116,0.5711427126712764,0.3628157227473079,0.1537475978942313,0.3195111901973703,0.9716603821180084,0.7899624175415682,1.061942766316107
0.5618528639884046,0.09173595483343266,0.46699282662251984,0.9451684115924534,0.8743877857941018,0.7014479909210531,0.07868041376920099,0.3111143884726828,0.35197617248060353,0.9557050915225594,1.061829557331834
0.2120229471232039,0.386580705478037,0.5121691253223609,0.3297345734021725,0.9978311474770866,0.060291301654161744,0.368056912720933,0.17507733085977217,0.008675511952525805,0.7174945710539452,0.9939350413974386
0.6189376549195722,0.7873319034891777,0.3990633698552296,0.9607152218063562,0.9123269405041202,0.14424758612731747,0.46875937579633753,0.9267866334359735,0.03180196166452243,0.5056660769750274,0.3567653797523282
0.4824843997039553,0.16623226526180146,0.27600203102496457,0.5062051398897769,0.40345949511452117,0.06408759017363608,0.35710653932098513,0.6281511778030328,0.6946415510810052,0.6996173043866967,0.9748770449704314
0.19536878460118523,0.693971976124737,0.2755307899733651,0.2607926131014888,0.5736899653657402,0.22436749899917674,0.04907888211547151,0.9544793050343073,0.05389354003826119,0.8131326223273444,0.8970670387541344
0.07187947337581724,0.4112406581780813,0.2816776559075146,0.46563180459701536,0.4632949867107856,0.14213592018402843,0.3897664456137868,0.7367206469556373,0.949189099392123,0.5810641797187859,0.6918527584151679
0.7454309301046311,0.21796156287755641,0.29606601112882747,0.1614206410971557,0.5933466729453172,0.5876284293887816,0.4337402375586432,0.2738182495031518,0.14092649665288115,0.08002074317069563,0.685530362003387
0.18029529757548723,0.6739061631825143,0.049392122804501115,0.12647383853548944,0.5804685686314056,0.9750335333374057,0.694734124142667,0.9741811467693077,0.24175031006905834,0.06489947789726591,0.564279997751027
0.48334912638679317,0.7229134019026411,0.5605876426654514,0.9172929539112066,0.16990335688858282,0.11474521706257601,0.8296990923989432,0.9234403386544413,0.5387164036761306,0.6395338408197402,0.8907012239310595
0.512672944445818,0.1513293803620268,0.7159095351332321,0.9550159656864725,0.3377704844374727,0.36222665053337366,0.0711685194023648,0.7210960770424477,0.7887092310090683,0.28745154016639607,1.1517069175021355
0.26073911535959293,0.12484774025526713,0.707830802358583,0.7611778715504267,0.06609970726956416,0.29481915929885816,0.9246121588704073,0.841183737934187,0.531941515284001,0.7215854778886344,0.5845281058858898
0.7103800280114417,0.6388898245692449,0.006280610849499824,0.2500715460156486,0.8217475990947524,0.9177528456596685,0.44606258803805576,0.20681191447524883,0.5569769028944658,0.2592164512772821,1.232045467131036
0.48241095166908754,0.4165590979967013,0.8470924456856245,0.8806924746460315,0.8270514499207636,0.2635179007073104,0.1993439626519521,0.574342501718341,0.8000157633369696,0.425941063964565,0.6384314524983891
0.4257663565367211,0.2098346757210009,0.8088466994460211,0.5945947482395387,0.9901905822272561,0.4994947790887536,0.2823677942761841,0.2352200323187833,0.41998685047931017,0.04452499806626564,0.6388151065786607
0.3533398512895749,0.47669152379003044,0.06255109086652555,0.5372586015459695,0.4459404157629776,0.6786987135971655,0.9413181802402388,0.9983264594515866,0.9096724342862766,0.8544590079029137,0.5360981544859368
0.3772222845796309,0.7952930672260714,0.8620338623511871,0.3498342057732764,0.6169366426516008,0.9641244426607204,0.6245165536372856,0.7188178859914124,0.24334412572301334,0.312231949619142,0.920029635301675
0.3275241888314676,0.8373189897174521,0.05025966546367566,0.9475306322592759,0.049693572966784894,0.5314643122096955,0.11918054555440416,0.9554710088831252,0.9854715912417873,0.7199383735168259,0.8759825025006323
0.08579064856780938,0.4667890402215019,0.13831244319205904,0.8957615606412905,0.5451955424027113,0.7750530019632923,0.7297133209039399,0.6102329840378045,0.8499607530821518,0.7083153888753779,0.8050459059197342
0.052751213206751246,0.320071781984248,0.14481719477237887,0.8651271850627608,0.027065909736962324,0.6180547317760724,0.7139566155178135,0.6156821141309894,0.5653031161434888,0.9915824252569061,0.21546206861726755
0.49918219628490845,0.6794822367018656,0.5248939807050397,0.052523269435320485,0.2258678493511016,0.6108637758605793,0.0796187059906549,0.8262239835463928,0.5614120923914041,0.40922740639089195,1.0083490828988848
0.6399750231880121,0.7271571510940622,0.4529057741868936,0.103850391387874,0.5144566720181805,0.9589266988530092,0.3119159737444791,0.8930886584138765,0.9669766302905076,0.38234958190116974,0.9939363186750685
0.9237986629508524,0.31782718840386215,0.729146701243445,0.7896354644769505,0.2501925342844876,0.8120389977679066,0.43625270226689705,0.5558305959486305,0.6024900469607489,0.3190495099037739,0.9741739434408507
0.3565477958438311,0.4052215469900333,0.7492260837491207,0.7794325363634406,0.47297266374598756,0.5357889299320201,0.28487326243984445,0.0970463166446045,0.0011107227882082293,0.3452440633205369,0.8949317467523856
0.6700408292113061,0.9665766192481786,0.8309184082582382,0.5783670986942882,0.38320514359308055,0.16838810762402256,0.12623578670047442,0.5345276262699095,0.29974489346764466,0.85129838690564,0.5047924661216961
0.223574298152441,0.7773672198113593,0.5871538787596418,0.6799817325171831,0.9589575483033748,0.5145512670398481,0.7969453457053126,0.9745191442997134,0.5663210698330664,0.269581045690944,0.601008946374358
0.14249561819345047,0.5697922465975882,0.07694752450781805,0.030432768324953785,0.887369660077295,0.712071917338247,0.05916694384759047,0.20804829806812475,0.5845192348577968,0.3733011365925545,0.5866270488177582
0.061137157488537985,0.4468402048161979,0.2726623128906379,0.7492684135752291,0.61977992783651,0.2723755228732019,0.1256778672770822,0.011993012161918504,0.4957342590830557,0.6635406992666675,0.8217249282180056
0.8049636801551892,0.23161029395563992,0.4529105544369244,0.07043742419492849,0.6370991724398217,0.7969906260016721,0.6847030566248065,0.824940405340898,0.6960278166581465,0.16008136843038512,0.8634028303366228
0.7730374214776937,0.30694222202342203,0.5286613165406789,0.5232902806129845,0.8722788793231012,0.3887523290957352,0.8372363077718948,0.7009546535524728,0.7401311204514343,0.384977096051733,0.7992772335081528
0.5190819680204245,0.006172340012222999,0.5782223986888128,0.8066618781453202,0.8714865972055287,0.1626211770894168,0.7479404040680112,0.046899660446287794,0.5265954594789615,0.38941743687647945,0.880821407654985
0.09343968625601529,0.5888315049063122,0.4710924841590368,0.17796681688865135,0.1244250447099039,0.2580309186908183,0.6940580687350265,0.16283695861698655,0.34086846443547114,0.04383980194408388,0.2346174379906693
0.034796304202095896,0.8644482638500466,0.014609214505285517,0.3788128218401219,0.6196280872206249,0.7722373661062177,0.011256452760058377,0.42209221018745646,0.07484291337381777,0.5543312033924999,0.665504603937971
0.07803248720916567,0.8878334979687826,0.6525079718177984,0.30824540746169715,0.8043486618354243,0.8227512947219059,0.9060680101916759,0.49929762376901343,0.30862848121116404,0.9706511807935257,0.9181872192000283
0.6891854830803966,0.4820940336775309,0.21998523312107965,0.09313288103297335,0.034545358089117406,0.96880195769543,0.8876946015554378,0.8490292162979737,0.7445725552402661,0.265666935317455,0.21439041131535702
0.9806293036927429,0.5171541118009153,0.8412707942288885,0.8894618490070265,0.006978721734688054,0.035130866841608155,0.9326233742830328,0.9310793512534979,0.06057046430826607,0.7624475053836426,0.7795854313739639
0.0885368070769611,0.21596833609930077,0.7996652635180048,0.49040102280232534,0.2099857040230868,0.13384837076141054,0.8220662299871621,0.26681778489575647,0.10433505812985544,0.7194467250262587,0.7201551584108628
0.11704205696874426,0.39255621819461806,0.5442737805400171,0.7645933592254206,0.11192716507964606,0.06338644014739925,0.7535945656360559,0.6339107007436587,0.137556569550789,0.6037018574971138,0.8938334924424962
0.39924919375640555,0.30869907196181545,0.502689359893536,0.5186318682321169,0.10509189224978976,0.9956160379551497,0.46669639991406364,0.7659269223586195,0.5691084634750533,0.8559412855707973,0.49217564561538385
0.6946942234664307,0.9754209820512458,0.16838216784020377,0.3089172724133843,0.759398747914169,0.6473915398013191,0.8777380051722731,0.15686815001365517,0.5656423459906075,0.6777159250038609,0.9474355961391714
0.4716089297306415,0.04808944047916841,0.521703587895421,0.8487710491406537,0.7493349233951486,0.10246836607389775,0.6177087353626675,0.08248412228152924,0.32805602916106646,0.264092278904834,0.9693399138282036
0.8079996767369494,0.5702972067274416,0.90023119010187,0.23700711335947988,0.4386228061599503,0.9333538228380566,0.17143015992880128,0.3852535208753872,0.13126645662810976,0.40437591276660545,0.8852831858857634
0.6603383805247728,0.2032399434990403,0.8925034453567616,0.4222121357433055,0.6636916807543618,0.7137149872006734,0.4858395413171671,0.29341286458549276,0.9221696892610959,0.6274779164290882,0.8994564963877141
0.9432507444556781,0.7890699703177151,0.7046773819525458,0.9313923068687925,0.29499615639484456,0.596826835023765,0.7600788271212598,0.7681287319356427,0.2708308751447023,0.2751685374359757,0.791345589845867
0.9777177674630608,0.5342574468024912,0.7248214838523495,0.2984283341883519,0.0064156874058721725,0.1797219845805611,0.9496856725016047,0.6857362669930905,0.969215834004496,0.34793842699181954,0.9972295256061994
0.7553714390569793,0.13968929299099786,0.21488327507333993,0.6946467437380417,0.4864540481065309,0.31803951285252263,0.9218086536466883,0.6472253758255566,0.47701109197309577,0.43928212376297404,1.1214120145850994
0.08719158807138438,0.25168166044254847,0.5500498800071744,0.33022584726920134,0.16168297452165215,0.5353562675874679,0.6056819264346561,0.3004841555459432,0.051019227218047636,0.8155697976506945,0.7448518369455939
0.9369357750972926,0.8670490247376632,0.8582532940871846,0.16351203127616076,0.24188683047514126,0.16726209183177354,0.4912900898742637,0.9546098831521095,0.15254569480978275,0.7632283115608737,0.9933240143265397
0.8001022596448687,0.054744827086751546,0.7255987585599742,0.24498432840617468,0.23885978776314043,0.8211404457340846,0.4294308423759088,0.6588984807890674,0.1615101391050161,0.12147741015270075,0.9956126130691405
0.8495806492930622,0.667096180305437,0.3976740601588282,0.9714890758836551,0.22723424577210016,0.48721302208404593,0.54011572318632,0.1989705557570567,0.8825986959755133,0.19734979146100184,0.8980079342729559
0.5153938422212117,0.21725125385374044,0.07178740435469633,0.4553222304471177,0.9578066473462753,0.3599456717031485,0.5931330147888412,0.3593589550834635,0.624212344680832,0.3548610307160346,1.1326411047530396
0.709466857143285,0.709042378444345,0.25721779148872126,0.9068684111320818,0.7695013227207003,0.7049583816807791,0.8311446889685358,0.6166388747868654,0.27275039010051905,0.5695637385306946,0.5747753708798921
0.1964979209797405,0.46133742202729033,0.9587273014517135,0.1934619461754139,0.726790821046985,0.28895430908224473,0.027510942350278622,0.48460592192755525,0.3231782548700922,0.24750333607588715,0.9978337504529359
0.8416229514506497,0.034093384166975715,0.7389808522065944,0.4830049199613423,0.29855723267316636,0.37679166235710826,0.2552190735177404,0.590047572255096,0.5531346892193466,0.3306785950414831,1.0944632828028402
0.7772224155803282,0.05912491105884321,0.29914992701467735,0.30563226796023424,0.06729037054773468,0.7920271173143969,0.9253935160433351,0.35642281355688843,0.23742561713650656,0.5132883026911426,0.5232419385150071
0.4175464464898533,0.05806629566968413,0.9453228781101252,0.5910806311720093,0.13300154179630053,0.9602062732208457,0.4039942579139111,0.8877730135463453,0.15279370797888114,0.10134564847730843,1.1300973320493715
0.36622280697296516,0.05466899249014334,0.8119976844635128,0.6162082510478396,0.9430961192462025,0.3953374494196481,0.9432341853253808,0.44840316164043426,0.7908518856768931,0.9997772135506734,0.8723159458176949
0.567283864621612,0.2328102835497018,0.2691174488825139,0.38214805913633354,0.03985931921743624,0.9852347518152051,0.027918317265341774,0.15061615602909306,0.6911962195238798,0.42057742139863985,0.6682799944399792
0.5516716652376739,0.0856193792254748,0.10748538175229083,0.2900539277088937,0.9506831052110452,0.17878914004163782,0.06428333151716603,0.6405598664525765,0.023968946585959938,0.2711794830722267,0.6547418513104537
0.6712402265453408,0.7325749034442971,0.22240541971982675,0.7628193022514884,0.37406504507108884,0.1839827201465536,0.30598240519150643,0.46266817313686204,0.4695783888789711,0.009584583468023933,0.8951547246475297
0.6740987302275385,0.08994939579597294,0.944705149294759,0.37305527668886906,0.585594287502562,0.15036645398855186,0.9232919759461052,0.4121872624381854,0.7609428367831584,0.08815544922268537,1.1959367751626313
0.23047352492099704,0.5821808167627698,0.5297603780032727,0.6069470318330056,0.11510858049939221,0.9625697977877988,0.5590240036579359,0.34247267555985794,0.7857824669596688,0.9767570293017782,0.7382315525826418
0.362803304654162,0.7887374653782122,0.616176226284201,0.18244316709121777,0.4426229156081781,0.4165742607623871,0.8102630537887949,0.23982675219900318,0.8223914014895131,0.26993159018078516,1.2351144012107134
0.1356616125435518,0.08133706428535525,0.9446987095857015,0.7359411723457973,0.3233179127267115,0.8810520336764583,0.5592851822444862,0.3914164188886041,0.8034660124946625,0.41610188001560544,0.9209836249572327
0.09727353689277318,0.9497768717299157,0.6481100233034236,0.6711949836318295,0.7301172171017392,0.22041518008766547,0.10273686968336349,0.7818558322557538,0.46708612163920293,0.5001772388277613,0.8123356664647572
0.14020096185627506,0.8163899816921506,0.6369765310519704,0.6248738929996545,0.22572420956585193,0.8816374021764053,0.48953657523103133,0.5689881248646432,0.4655811580897643,0.453495861663506,1.124577452878654
0.4691489852388928,0.18318638475775018,0.7019088332424449,0.17626463358980737,0.22179403857488755,0.5175743369323161,0.08487752511716484,0.36413976092854916,0.0857318198141378,0.9979438167225897,0.6798351945915959
0.8219134379455516,0.624862682778476,0.6251022008535138,0.12469180104178468,0.6614431108555408,0.21528893920724024,0.3045492999104118,0.8252955747142499,0.028194927567825934,0.45877589399644114,0.8145841343685551
0.7384188582575049,0.3812338878301822,0.013993266758597134,0.0046188256700793184,0.05180191845586091,0.82122624946678,0.44021253343731703,0.0244372165430089,0.7725636331087085,0.8094909039156544,0.33858400895570073
0.8465120849108039,0.7101862649521647,0.43179824807492406,0.3756982796549688,0.4122299421522123,0.4737125583398468,0.5308128318961202,0.5521740213411601,0.3031177244946234,0.992617664438552,1.0646507122494622
0.6429137060792441,0.19966096633048913,0.9454187870923754,0.2785498058890047,0.16435071982005156,0.40396822106939123,0.4903252263399127,0.17077681225773444,0.7264305633337026,0.7687348169567407,1.1762206362068237
0.9413212344648347,0.20173619209611293,0.24851455739297845,0.20991681522760464,0.28159878530705673,0.4799678533868472,0.9176897014513984,0.9898887643819725,0.28712833865364906,0.45890445414267467,0.6686736307097558
0.8860868943143204,0.4158804458205939,0.40244445334313694,0.5626246376462603,0.6909608818808844,0.4085376449043412,0.10602814652407233,0.5342659807785021,0.2006299605338573,0.02259243080672335,0.7148958137418462
0.6780562927669138,0.7898137491717886,0.545270150181344,0.2493459569069455,0.47235922266311436,0.5283839286103816,0.17397467815183099,0.6254638823272667,0.6252328648434718,0.03851687889063171,0.9726048804163892
0.21861887672647096,0.026625854620420775,0.07105291750786191,0.4032475887026913,0.7534885959347813,0.7791645454142386,0.5346632215301218,0.8056410102814938,0.4715461126617817,0.468081662369806,0.4186771344765491
0.5726924782202365,0.3274370423426419,0.7215903080846875,0.5388203122515153,0.07350879252536113,0.9301341497743089,0.8130170140290188,0.3369731552117513,0.6455381928925605,0.4113539956138298,0.893000666540231
0.16017900560784026,0.7331819546215044,0.24887688081199866,0.6819139224498366,0.17457323950628412,0.1369871002674281,0.8958031946200811,0.6996827544430185,0.2982451022298126,0.15900846061519713,0.9465860420832524
0.970994013857281,0.0679271361886693,0.6066309508329967,0.42441893479256987,0.3869897198438681,0.6718243965307517,0.5372506680548004,0.20342609364373376,0.3664618134547294,0.45005847206629646,1.1769403504755889
0.26136859577591975,0.3742078332694263,0.9713630045156626,0.6736254990994268,0.9301550675768404,0.4686481582568587,0.9586739966225771,0.4524128148118244,0.1889786906466846,0.7309095499976144,0.7766433537180578
0.700167959164065,0.1044286575926815,0.1335311062256177,0.8107149440816347,0.7464454834406826,0.874595473709514,0.9085116354300721,0.7749428960178534,0.9011780241809717,0.04261263497044587,0.999964478189848
0.40910515225556054,0.4680268482756157,0.37936399441372337,0.7774095775292675,0.931293977312657,0.7766768682776977,0.8316784566751084,0.8036590764599302,0.22793715013932003,0.26726463961189084,0.9206779605731521
0.9138501981663154,0.4108415638403644,0.6322911657234377,0.9888835017153452,0.02995811463485276,0.31184628735659625,0.08697879960246424,0.33266639532922837,0.1446940565935123,0.34799219773594714,0.6961052597575498
0.8490019623344516,0.3883505497292187,0.3431842471890336,0.6062160230562463,0.5824990389713774,0.5089290190136102,0.3709440638706981,0.6839689918573769,0.3516722848098035,0.520342080320221,1.1756895184080929
0.8366515620002531,0.4537012566615596,0.3585475321438738,0.456950914503782,0.7544429793336064,0.8360496932977303,0.41530788683601616,0.5568995240583289,0.6288995717393122,0.814623786539351,0.8124514597925199
0.6793027768416539,0.7646621488598244,0.3408966534420429,0.03354817188528603,0.2609785589453022,0.504430741481358,0.19172564008502402,0.9265106671059666,0.4978034416810416,0.2969582596173148,1.0791328340943482
0.42852451995352103,0.11718076078773265,0.9388821965179915,0.8023383574140015,0.5815943616662763,0.9183317477638545,0.7532261573363749,0.4790425491784449,0.2797064299257681,0.20089514554917398,1.1059742991113146
0.92095264527576,0.17661471869769707,0.7614736443046844,0.9740028785973125,0.9867337248343675,0.9005246253609898,0.5467791153532156,0.33212868471918355,0.9883305564008897,0.883559217605711,0.1074487757402391
0.9412566174420647,0.03711921900710291,0.9359183732299793,0.9201470431890426,0.48833775567048265,0.8723279934053928,0.9356022012359781,0.4202950203912117,0.6145866482958592,0.16119102167662513,0.593544070351487
0.47277768958992095,0.5511331451169827,0.2520759259872831,0.961519722328804,0.009050726142241228,0.7906432410609451,0.8805063147949908,0.9655689640366738,0.31905457143002613,0.5180094114423816,0.9023316016437788
0.519396417693646,0.7711099243641635,0.34463373325739444,0.5240547560825044,0.7007125334673446,0.7579969235576782,0.39251082124917114,0.7778995167238153,0.321049665601835,0.08000800135811914,1.101035536509616
0.08275723475152807,0.30452125898128135,0.048440093332457246,0.3388710044611567,0.6803374530362787,0.687841131036354,0.1791586862018406,0.08001792628993454,0.7334682149584449,0.3118191340539097,0.4245176356022443
0.691037510212944,0.8781985472272369,0.1314252051938024,0.6209854527539707,0.0191587686870488,0.3093039938278138,0.7662410918127821,0.31621411808729216,0.9866958375896071,0.2353660536204808,1.212282617077405
0.35156130458378154,0.3131052926834248,0.2890700991767342,0.19221348496609347,0.5403165523214633,0.00047822965563570907,0.5688321180474298,0.029368093749453705,0.4504197365524143,0.5746900208794543,0.3982068807281683
0.6023682223737443,0.851299819485411,0.5210131622410118,0.30531850530206794,0.7377708598346485,0.8066426651727823,0.7999313019239571,0.9220464011369621,0.8464326022555213,0.3619230614272668,0.6512001852698048
0.018225442732180408,0.6309484831102409,0.7219213513504686,0.07139660075464327,0.264923464563135,0.9529860106177802,0.3335172408567727,0.09241696818163458,0.18134521370230638,0.7606734583348624,0.7737526392033114
0.9642947568318495,0.49287752630020687,0.034820137951760644,0.5395378125697424,0.6040705866706078,0.5639239369224035,0.7904947918545571,0.946705541733116,0.48274299362310624,0.02548966216687354,1.1409624025886664
0.16652616731458303,0.03157021557262929,0.9749526017004839,0.9440998848012445,0.9648476319507825,0.36345083770937514,0.27020966819445824,0.26733730116465315,0.06539890677587368,0.20021769110744314,0.5816119046875954
0.5619581256052424,0.46441432928813076,0.7219123503933512,0.7461611897242874,0.7401206842458581,0.11108809101699368,0.28754381945388197,0.2533950916229639,0.8340227521699062,0.5726727762203653,0.6946774389390686
0.7286382026488812,0.3156398436232801,0.2883348993863566,0.9083534492303296,0.6916218391402439,0.009544312032513713,0.5932820802380272,0.4001919485598303,0.10660273566827938,0.33083356995244095,0.7412538547454062
0.14611506112350592,0.3675796598796809,0.8277463706663544,0.7369095339569243,0.10293059697940188,0.4591677809721234,0.9769565434391707,0.25624019908804885,0.5329861882246293,0.8183559561161475,0.9097228116452006
0.48542655344961283,0.24289477339391552,0.4325022615330556,0.9434564508896913,0.7863631760703386,0.4763856174897597,0.22025819642260958,0.5965144946442161,0.4767890696174447,0.5956163725225123,1.0904640830137327
0.6336188697437038,0.6336656791517222,0.043005915756345714,0.6234347488177139,0.31325243950571624,0.424749095421054,0.5734521528274467,0.3623053720757593,0.4939430914423182,0.07083268215655447,0.9118197449273702
0.5097687901037694,0.6009709767981186,0.4827946182979387,0.9316961807965152,0.2798945822933806,0.7581273329364974,0.3233682542315991,0.368472267284375,0.6461340785547731,0.70581498976041,1.0786814372613578
0.5291310800047764,0.3572064599931509,0.7335228990421063,0.4906768876583567,0.668315361093422,0.4790186564515875,0.9953152767843181,0.24605695081618484,0.34177417714182967,0.506276812506352,1.1702168365968393
0.009493002183828758,0.2615112065445636,0.18383727824278273,0.13631497876883147,0.1309040207077663,0.0018257298531901833,0.45171980074893114,0.17267788433582,0.09606285797473657,0.9561828702700369,0.05809696007813012
0.04647308328625044,0.5704826668676256,0.9830978731845843,0.05200266126252939,0.5902382557124887,0.3632771249355693,0.1353174610624701,0.9417669983009855,0.9594054788794509,0.3305101234005956,1.136089158739855
0.15652120010007065,0.36164859377639036,0.5091439434306861,0.5033791675447097,0.5761504500871147,0.9057355948875166,0.20432033609776634,0.24029080651170642,0.05139667502488343,0.90481776597599,1.0720267022335948
0.16445869466880403,0.9884474554026897,0.7862784025375741,0.17641324644878098,0.07018686453278267,0.5140703232637064,0.7770280230672953,0.407670074521294,0.9175181727575561,0.6634032786164358,0.8538753600914246
0.3932547800510139,0.1506590797442302,0.5423917181923269,0.220736549528474,0.0897986998047301,0.3907433090139898,0.8972329763482467,0.8303782044335837,0.8208083660713438,0.7453637525684362,0.15367624329981078
0.5956034408729639,0.25422248482451393,0.1560390702926917,0.08287006651790019,0.11911493859029787,0.9803601938988009,0.14749039548094556,0.866306604368509,0.4802869855825873,0.34448287279186207,0.4432081668966641
0.3396980021272148,0.7191512107509008,0.6133012279824721,0.5365992851900724,0.27884412647019385,0.8336586066775837,0.3959167585177442,0.7456485979675128,0.32706041601984726,0.36179239589572165,1.2232160181402727
0.5134161336995796,0.3544155096353898,0.6843485012203386,0.0003844566036019792,0.869123511212155,0.6395654626343488,0.8393447817500408,0.26796957869780713,0.6655153768583435,0.720732657029353,0.9902355817576927
0.9775798754426125,0.1176624014975498,0.8307475378923057,0.6969844808148469,0.8349708975322876,0.06471730379213503,0.05234256259370418,0.7678824062493284,0.9503133773783284,0.19826026686213238,0.5040551647450274
0.6552377368571279,0.22242765075437232,0.057943172449260616,0.3872636042766914,0.39067315108002554,0.46998791361266934,0.8367919226704807,0.07048519743241888,0.0974058052956237,0.30396108590390336,0.5025989488956555
0.0663153008341062,0.7476436313026293,0.6791053881776657,0.8325216342972928,0.8958932016693688,0.010300845398895087,0.508151367024675,0.18206446900423123,0.2418322030168114,0.1115798615167799,0.43480767299122797
0.26393763855354324,0.20132486566539332,0.37797006477141293,0.21802432257852422,0.18208797998245252,0.2397349574174179,0.33037043128628674,0.05680993038805471,0.514388027402436,0.9791649848562703,0.31589218824052134
0.6934647564102641,0.5116412073589948,0.05131114125145342,0.7109451702886658,0.4969879793602191,0.5231481337726868,0.2682932452549135,0.9812355074024568,0.10116680768609243,0.7045746833296007,1.2426016348353155
0.15471853036164196,0.891679510842723,0.38666323561242233,0.8434413915145244,0.17032420167210338,0.37442772941757363,0.8244654715640809,0.4621573233284818,0.8124715461981061,0.0019085052069492958,1.2465736661410394
0.47029345893394703,0.6695947342495885,0.2372484976720276,0.6206552367539034,0.795872377082827,0.11940687322853305,0.4800874695491324,0.21074005269932683,0.8915949019663275,0.7194837983109665,1.1609042985329998
0.7960724878013451,0.5275232316159326,0.8169865374058065,0.7306849250064611,0.5334768416434812,0.6252386272613405,0.3605588526355016,0.6250370960413979,0.8423003921516393,0.34524241554153057,0.6047566716072937
0.7201643101190627,0.4914650336375367,0.2957954806171451,0.3189272335387,0.07608880994335632,0.6788658427488335,0.8394441862929184,0.12217846990928005,0.32908393155778415,0.7312099012043263,0.909583189792569
0.39924301973095255,0.5525005652756145,0.42064285426067116,0.10389669597313245,0.19035668832446073,0.6523594785217378,0.31352351805021483,0.24797441253867558,0.9745294764178486,0.8572576956534282,0.5651691552624911
0.6855923344607799,0.4448391746220005,0.8609712920066178,0.49139808750796965,0.6052293963064765,0.5202609225644255,0.7443014690520603,0.7839726271214955,0.5469857031083699,0.25717923850897706,0.8581314800482364
0.049238611576588154,0.5705635296297312,0.3746502514018758,0.08199740175130266,0.7590934123413857,0.7239032678481432,0.9996745521804461,0.19137655036478196,0.40602783914053076,0.1816469396224606,0.9999447021266925
0.07723343213564648,0.1680097133687517,0.4666156500926436,0.8821355194421377,0.6019958094168111,0.09275540244633085,0.1440171333160598,0.6713634825628606,0.4628818045833737,0.93048759006085,1.1248906904680434
0.5551001259473277,0.04395395579482875,0.15770350257047716,0.7741322527081586,0.04077935424217749,0.6474880065982748,0.9603925641123116,0.24432519270506126,0.535183693429894,0.8378913581743813,0.4118398455680743
0.7983242362048395,0.22815470909838587,0.27822248731502974,0.2386942798964492,0.083015097273887,0.08638151917559334,0.7490961598588467,0.9307992342435052,0.07529484242463613,0.6514474306524134,0.9996102219100544
0.590516783960243,0.8578993089715409,0.537938701131133,0.708754548488063,0.8937489294225945,0.6700645863719226,0.38605585938397846,0.3071152379176517,0.4127054924689558,0.9055681466868669,0.7683076238147413
0.028703485594088862,0.5540441282520377,0.9527539766254857,0.904283773503557,0.9204428014386448,0.2120791054968072,0.42671343369138803,0.8022607918858997,0.07463479102024351,0.3214451989678324,0.48657499692186884
0.3380556239520275,0.41239656302774985,0.7773492556675338,0.6947717072988356,0.9732396139198741,0.04085192888184852,0.04544003643686079,0.3273147484732699,0.3263389679850599,0.5087813832122868,0.46086568058121985
0.1317215617366344,0.9293918566638023,0.049421209413744505,0.7087053333059384,0.5870870661357197,0.1539257506496624,0.19085125123303825,0.1829923751509942,0.8499273909280947,0.0009967836248323536,0.9860586914869838
0.64111355968913,0.6694626977849777,0.6307190779334768,0.18168089172586932,0.2134191424008447,0.46994465058820745,0.5334548262045157,0.5382392807683088,0.0005142680948170275,0.7961614072977904,1.19819540189929
0.8900173358768899,0.6450107833336645,0.409954667615826,0.6563770793434688,0.9205940451419212,0.14761565366190044,0.28600771636634903,0.5954656357267447,0.5866088937007465,0.40201704779666847,0.450027141386162
0.09455779766318606,0.19874388901122297,0.9518741866188515,0.05182016045721849,0.5953771091820431,0.5494283489023468,0.4259821441722189,0.004338894289914852,0.6160080143309665,0.19327680701700556,0.620889189527739
0.2575872390506069,0.08837029639997762,0.14706855309126465,0.6980068803326015,0.19099234061845505,0.3155545809902396,0.8887516099859598,0.4835094169606755,0.6028399337737153,0.6138045492435749,0.40348307092961716
0.1579026189713051,0.7746317355983032,0.9062722173498011,0.3601352867753077,0.2837345296760704,0.7247327223414661,0.9647545412131731,0.9469297182834846,0.9466837000277429,0.6405832608824694,0.9995199432323328
0.478078718896932,0.25356554630735917,0.3402386707162949,0.5001187152831015,0.15111288400373135,0.9704281520143385,0.816762300472745,0.5665752102901693,0.4244783080756528,0.5391244960280804,0.4519560955838759
0.43148017551043394,0.09899167742214476,0.020901830560084322,0.8043556918250432,0.2544277106457584,0.3194523952454602,0.42116384209059765,0.12975130901744447,0.06314287943581076,0.23107057026997646,0.2816999846310561
0.04616383000328517,0.25789175478882254,0.16160763591539784,0.18828430522854966,0.7683953886151822,0.7965608430432004,0.804124151514142,0.5239094327166539,0.12548512286176194,0.28307024889913346,0.9912472568429797
0.8024757221004389,0.5601800739610355,0.6546583581292017,0.7112941602190306,0.7641514697169307,0.9656432316078867,0.40111720729769973,0.6665594513725872,0.3168411374785337,0.9471624800917058,0.34167548699928796
0.37481418680445666,0.8192813910523247,0.09103336101164772,0.75394707478069,0.19709078467009633,0.8399695038419316,0.5144278619979314,0.5183066060812364,0.3430873859363205,0.10321153832873298,1.1517116457071983
0.929346873081487,0.4589484754465052,0.30635897778368915,0.9147914836957186,0.16349084676162362,0.8224998599333911,0.8677584834311116,0.8137858912109274,0.3660036493154404,0.797473526566464,0.8876381837316706
0.4444693165709127,0.6712352352541687,0.5860732000331363,0.09521741553614183,0.6401056854666355,0.9008112110379973,0.13003419883258305,0.5319435644677374,0.874544306797758,0.5803618929709796,1.0055874262740934
0.20345202975526944,0.5808802219618803,0.42563393660148807,0.2408503970511433,0.27732731166591973,0.2681052099084903,0.7682863517237787,0.3592637265514115,0.9328920801032538,0.0761143204239556,0.9298656656593517
0.6605998726372522,0.8300213507758911,0.6954218925624783,0.4382433498567494,0.5541261441421561,0.19355417763025395,0.515063599408498,0.8259860760860388,0.18830522433298724,0.44831557197648686,0.7933220933784523
0.07826524684623037,0.5314372818420019,0.7024651363303052,0.3089276796907633,0.30520883081597217,0.9993614747040653,0.42428985871304115,0.3235633975489557,0.18338391424228362,0.27594470729900433,0.8966843168151035
0.6613953730585657,0.8312512142030344,0.20904005038980222,0.27384945299117247,0.3861018034397221,0.982029404143659,0.734579952892099,0.2857079575929802,0.774669057419001,0.40684567791277415,0.9698338451990407
0.24959755805552586,0.017981180237577776,0.9277676963036297,0.09333502797168469,0.39323945287694306,0.1752991307541789,0.4245585160139781,0.9605385512974797,0.4313939067503164,0.983649916350157,0.6107340219560745
0.6184255645290846,0.11160397480903927,0.5422696393475892,0.558722964052453,0.6516087466314511,0.019316870971245903,0.21165851228314414,0.5959643118386395,0.8508291434723192,0.1310919427416164,0.9995174188732027
0.7076404274685032,0.914586920177409,0.22519444354360185,0.44846035633519066,0.9100999947784115,0.22760651403205456,0.3735761274184941,0.8598879474717352,0.4832133166163679,0.8093628462484451,0.7968774177185303
0.31935256158708036,0.39809835286335116,0.8384855018069735,0.7773219544648939,0.7481473829346396,0.19051087901202624,0.04284919317894087,0.7845085667962443,0.22571698987580036,0.6447923461330374,0.7071250389970724
0.5013145868776308,0.9652251669236648,0.1873280127014234,0.9910867422755475,0.5062945460610059,0.5618345150199273,0.35219489341122523,0.025829364064571703,0.8955443365866396,0.05477915349182361,0.6612264887995972
0.6954032831849242,0.4514216917009084,0.49358644929133866,0.9244020948283342,0.9973643514082614,0.857111548834638,0.16882868827121567,0.42644288526537955,0.47484699063812097,0.02866354004711802,0.40000617886516254
0.30110030532122056,0.5180825240291802,0.24935894533476044,0.5106503512606385,0.12420108735510771,0.037299257934163,0.5206260697244023,0.9854052790948877,0.870469726200083,0.711248087681517,0.5504215888035755
0.6686236496773057,0.3402092682231719,0.8930260685119918,0.6639514552822972,0.4873086999685261,0.6054370324813314,0.09929933782507705,0.8053943008949318,0.1411185605902432,0.24396782263578887,0.7303590579267293
0.3161772776649765,0.13305578955741582,0.6079255838869333,0.9134996427111565,0.26836774773061933,0.5993387746616096,0.7282368644905527,0.5939964310934343,0.3425471570605605,0.25207343937200755,1.183466523741793
0.8499816289568307,0.7143288322921804,0.6871613967355696,0.4211297801789563,0.09279966574562992,0.32669706467984494,0.4848531687889107,0.3512386731805347,0.8531753911468133,0.16955278243775196,1.0916318253077373
0.9651910379064245,0.020872645126206568,0.9412539476527311,0.24217549273240735,0.2895397192915272,0.004058595736942561,0.6345613592888795,0.7382522123184863,0.42749958411619826,0.6596968703033357,1.247034152158374
0.8810542972982071,0.9381453372685964,0.6550664292626447,0.9020968277335994,0.1602596285757213,0.21352523133259094,0.7622014523799031,0.6696906625024402,0.3961187034266046,0.4523471665415246,0.9997007244377629
0.4940748456700841,0.49127626306864036,0.39482408291216475,0.857482136100885,0.7514922038732058,0.4745084913550478,0.5504867752849565,0.42295487219648487,0.7333958623714958,0.5662949777387978,0.9828182160279403
0.3819017437504726,0.25995867650164406,0.037468381490859515,0.6217916143132035,0.8717141634176979,0.7523067468628504,0.9182818432515407,0.6214739144269374,0.2561237912150409,0.5331198756249667,0.8756229434971288
0.37551820516639023,0.36325060204337734,0.41694077771047233,0.8822786550225474,0.9795427684455037,0.4323629666485501,0.8409065067662671,0.034456662705094065,0.4639515831584252,0.8649052613231839,0.9939672178769263
0.8550921716045687,0.9714867122801855,0.9617125305746094,0.5974986143089326,0.39581975650471257,0.11675424894480213,0.0920072535125539,0.5672829550647757,0.04178641709175224,0.4909087983958307,0.10794253299412623
0.49581575461824934,0.0785082312968467,0.8529376037473617,0.8906453307763292,0.6366814354442857,0.7068694138975752,0.982180459259362,0.3165520146475077,0.26225637368847654,0.4920678565335175,1.003780953041678
0.20136464550843824,0.7123511707021866,0.4185620474704851,0.418018329684515,0.49530912986568,0.15794728589466145,0.16857579305646675,0.046259202400038,0.7523105309479553,0.1575992527773219,0.9016339672904644
0.884110404517326,0.7879482466510682,0.4529066568535126,0.06902611093216415,0.977555512510423,0.17613888201493721,0.6505999328330694,0.04283362490810205,0.01519305267274762,0.34484005825889186,0.48599329578638795
0.4071539309818861,0.2639921921334565,0.9964879756204768,0.27923785480332153,0.23335902406861597,0.6952261979397073,0.47589615312384004,0.37966533048616635,0.8819113207900582,0.13099948477110535,1.148085498719534
0.8970021011773929,0.9317104927598115,0.2973977634610131,0.1488033251381714,0.13840291712717234,0.3463533180315841,0.6149659408940411,0.6238370964795706,0.9274718928034127,0.5435683701366583,0.9880495615006476
0.3056337278757534,0.22236025734218345,0.8666764356940192,0.4965721149908967,0.1288479347914009,0.5501658892956042,0.17345078955413673,0.16776101258752307,0.5235911968664939,0.463525101884819,0.7632857953113557
0.14816000079272862,0.3695997891532391,0.16137520776649028,0.1784019089287453,0.9590791362080585,0.2934347207013027,0.8002247154535519,0.3456466461990012,0.5506144816586395,0.17708102783112534,0.787274965773872
0.35553617508699675,0.0429825349468953,0.5668659128400136,0.5873894309641803,0.2650885234048166,0.3006815265486047,0.2905568529747483,0.3571207884602563,0.7730791151894022,0.40546645161979655,0.7706926052890686
0.06206855368797348,0.2857057952975809,0.05374268660894044,0.5298844743382161,0.9309403848340561,0.8469015749755161,0.7751545515456713,0.364425837724783,0.23231784009067324,0.8728919974586207,0.6823434969810626
0.34640097359014654,0.8509972993955769,0.30514094103106537,0.27687824310916664,0.12724290481071943,0.6401576264965414,0.3158653904591132,0.6537754297749795,0.5062763218593473,0.5559990879304427,0.9211010608740482
0.6006694134158689,0.30789846327201675,0.6686806416318469,0.29959665375535693,0.48082478743387946,0.36633517777063807,0.9965672153506965,0.9095534709336507,0.31418488019312585,0.35075586159052297,1.0553628551588687
0.4954442367407256,0.6466529925460415,0.7228871458416493,0.025505785470987474,0.5436419374500207,0.33183219436310074,0.09671802189257761,0.46044369486925796,0.37902857557094716,0.6083482927329196,0.993082309333399
0.4431645224348454,0.716058509550217,0.09787313461012781,0.7091298007609231,0.3058679683215191,0.5464231026661891,0.3620049278806303,0.31996679076724144,0.7168743921857152,0.9279857363446462,1.0726532005169327
0.4543551968212264,0.04759311394929899,0.9276187811046573,0.8236205233968743,0.9275213649978643,0.4619628887806282,0.0247341225672143,0.0813248599968378,0.1863096429278327,0.5519450259604234,0.47645426323447637
0.21521157338225927,0.9407964073806075,0.3036249452131664,0.6265952016786503,0.8489801079151309,0.9706581345897934,0.3036920326909063,0.7103244247003323,0.2040726872062113,0.7209484666175824,0.9392609854304066
0.9248912538955111,0.08281114890483354,0.03188638453585002,0.06731871676760837,0.8750568628214904,0.7312019664499995,0.39263440620594003,0.7868536816412838,0.21743168117633238,0.020573819199897536,0.9136780312053265
0.024923078227598205,0.08849012335202744,0.2295574525802282,0.6547100106730538,0.8108515545453069,0.19717272973074995,0.4079357757830966,0.9841744456681013,0.9556004461175936,0.4086633111126057,0.7233064444592043
0.7837956840735392,0.560056324384983,0.6044683790615969,0.01436373263641122,0.291596571218776,0.919362562177636,0.47927271496645596,0.8020467926170696,0.9256647869136329,0.8828673325602174,0.9079147741906342
0.20049525076725594,0.42884433168916003,0.6456333418642706,0.16440309438338396,0.3847019685340305,0.9656965923678912,0.4587895456846287,0.1730048706529148,0.35599119258500456,0.336007285236365,0.8371059415352716
0.6292376603285712,0.30157395986039626,0.6080225134357159,0.4805026274357167,0.3965449584213975,0.5687873196213251,0.02110137858088912,0.1933491984137674,0.6060805386305658,0.44415930811550586,0.9887424298747446
0.9259255579309629,0.9582695953439572,0.5022560433275033,0.06954700426561056,0.7626793359810149,0.983346308383991,0.0046776242245424315,0.41681908418668046,0.7760305200476123,0.047106610461035925,0.7793849387127971
0.40862019826755525,0.13732850227586169,0.6790568492945294,0.7886806465921338,0.8361667199286745,0.8116448701267642,0.892737667522268,0.08015869288696165,0.2811903208340937,0.9861966005995438,0.8882750463189462
0.1999837180747127,0.8303483994068572,0.9920672799483483,0.08852438070356017,0.3238796424222633,0.7290264649122928,0.4786096749059138,0.5654041137252326,0.8942972474648023,0.013170552042021888,1.213703647458288
0.6626036912168402,0.13479890595533583,0.08447046631008415,0.46929105218500444,0.1308775138486823,0.18032896629508244,0.884360005605802,0.33878714500888885,0.26397808836688286,0.12380452793070607,0.36505794282954196
0.3297458783211359,0.9942304652349616,0.6695252562089568,0.9442792460670567,0.4974599268528548,0.7727708997935655,0.4554668809660797,0.1981506361331028,0.8254497945622955,0.00413210186768509,0.6210126022114035
0.050862449005648624,0.778573113306884,0.09534293367691427,0.6832076487292817,0.630463807893294,0.594167839043878,0.10836799847828904,0.42232022794454693,0.9836396817374411,0.5970461450515239,1.144100608868318
0.2070980880466361,0.03069288922514679,0.087002455832346,0.9654643153696464,0.7357939591787088,0.7556437992082066,0.7206215978573166,0.24174325843240374,0.9951400974719558,0.6546416323086981,0.6980928416461258
0.5382496395435881,0.6596649071542142,0.7143320809691724,0.0943760513951738,0.09192963255478837,0.5757002884203088,0.7058407740336404,0.4274843089546516,0.4441536853729028,0.42166578777606956,1.0938832211888985
0.6004077121916241,0.2529316480977406,0.9299469542458486,0.43875532099834,0.029337698427114423,0.8793488120437082,0.1267817178720334,0.28743650371146623,0.32255160276243977,0.48930887620562324,1.0503713881122503
0.30908567871047354,0.7007409574125913,0.3857474964128138,0.8230377873693642,0.05935599171793582,0.31524940482141706,0.35506268434280375,0.18481853424556705,0.8319016256885593,0.15081874706406062,0.9241534060748567
0.0013352355983670128,0.34949133932543197,0.7114790588097712,0.5666407091252622,0.6404744339577116,0.3542106346426548,0.28599084289910626,0.31256992190501354,0.03872910843052291,0.4582654484106842,0.9184508884426902
0.506165862139413,0.0789782434703179,0.09460439958515188,0.5823006608977632,0.9315076578936903,0.7880007319671595,0.6377595806572749,0.9060557181918809,0.767260337702173,0.0674525599193182,0.8604912153122032
0.40392242940078316,0.07882164974127981,0.5258660717609128,0.8632424699784018,0.1428091478054554,0.10538755857904247,0.17766600274090782,0.5761671716914384,0.5842526579862756,0.20602080468312467,0.6859948778063575
0.23216257025263876,0.3298372616919242,0.6289507420715221,0.30918149764213576,0.964737782573898,0.06509993981205608,0.6617205187202723,0.46357383431216537,0.27559605955458844,0.9906558406590377,1.2468901950645719
0.8491456374032693,0.010282531810103523,0.33968769088807726,0.9851833925763948,0.003980763897657336,0.6230554449354851,0.22320021877613794,0.5245162843431139,0.9174305466750157,0.1373945695643506,1.1514009696270222
0.36667104582186627,0.7578539077204793,0.27461778308577345,0.5312854651629807,0.4157076394482422,0.04134521029404692,0.7925492320005099,0.027331179388096594,0.4507225364117342,0.964564514937128,1.1785052987681106
0.11466911187214146,0.000878052355012815,0.07618269344346895,0.04690322997780472,0.3057330699032321,0.36170442912877365,0.3485994707868709,0.30129613880798645,0.8747487232501071,0.6320603674059325,0.9972925035416608
0.21611206878584888,0.6259859248573126,0.03246361627083216,0.0586609100091694,0.22898433571807109,0.05243375458016919,0.6979515604234855,0.3297543251677143,0.9999900074603887,0.8747820729141133,0.25305091001235475
0.010884095000823102,0.8951418855732695,0.06276889341308967,0.32229204616410556,0.8537340765213681,0.6122524910699644,0.4250497945646047,0.8446948849472621,0.5652767157614123,0.1511324573957099,1.1212843899479448
0.6272950249618444,0.46905265806148366,0.04420195909671276,0.33105351855999365,0.7239764995869349,0.49332086281296617,0.4250587240341447,0.1777192055923067,0.13750602285363822,0.3929542428220477,0.8621941607530506
0.07969228499547187,0.30904903030530173,0.7540907285905674,0.4738475954500899,0.19016261236254484,0.8009146013727794,0.9578263432992162,0.10956380189181769,0.24337792089672194,0.2904399707742078,0.9262233973731476
0.040370892066524555,0.5720296721451993,0.4470803933804094,0.9159568916341938,0.04119021496743258,0.5351088687236981,0.10615704975252982,0.0602457435832483,0.2280122090820661,0.5320691401988974,0.6880887272621518
0.7231532580611605,0.2997145132836101,0.4540849750674991,0.29662283931956457,0.07146318839203702,0.8612922687999851,0.00374440656405739,0.4482326245645407,0.27011042074521285,0.4673238763553822,0.7546285626540177
0.08766108718329413,0.1978757694213139,0.7951808696381704,0.8078334038498464,0.30418387257005497,0.19508814029799715,0.19357321049949416,0.2740749101162885,0.527529141618072,0.7519146318018183,0.9036471073007475
0.06370717787671232,0.07528143453403746,0.8235072652256609,0.12265010159073841,0.5619743265538851,0.0686411784536648,0.036599403499560035,0.767794813853862,0.10722785184699313,0.8405795754749237,0.4829785464272519
0.14199762946385375,0.6885221724139277,0.666072138900372,0.11244115763497708,0.041216419136415605,0.849979874271742,0.0617599693635521,0.3676321334006297,0.7713399424873818,0.4068341691185845,0.9856847745951218
0.9929441022685027,0.389671861218448,0.9255637324775459,0.33654416246398,0.9670830788704721,0.31737445113922025,0.3320883643299437,0.301626137878637,0.6148109722199122,0.058907887986265006,0.25195185232707173
0.6846156295577737,0.03440047694041437,0.3086587769024206,0.42590336282835783,0.856092811708918,0.9877828803866741,0.6682119677662781,0.6172998107008572,0.26204417671375124,0.8089617966210069,0.9436875338586342
0.9661241936418263,0.55229151298956,0.8782146965951377,0.4055957741337375,0.2463238747225588,0.5760144960166909,0.5337855757505602,0.8802548614896673,0.31071903631427766,0.5146475682326933,0.9073974031573737
0.8528317417046061,0.9032654975536295,0.6210457060068575,0.6267583090899108,0.20672563204209127,0.0431635064854623,0.8430818457190353,0.6466104474440622,0.7991770936021978,0.8983563476724823,0.5446435905019666
0.9476652422653362,0.8188700062049376,0.13697509262761864,0.4065372303960959,0.5687540510705685,0.7905764225157201,0.07942407063902623,0.043293408006035095,0.21223222796129193,0.8675508065425201,0.9073511225243209
0.174471691437054,0.3435168988111559,0.1461869480524276,0.9333176369841402,0.45089180066856094,0.7978801562386705,0.5981226788556622,0.018952409204832432,0.051893764425789524,0.8677666265976042,1.0388320537989588
0.5083720644254179,0.9605768229144293,0.5644845051584263,0.39828205650144555,0.41425411729097383,0.9058660808978536,0.739501248019945,0.543684306744853,0.08388952575415987,0.8226078342100703,0.8552552759212899
0.43590684045674155,0.481340736586912,0.00955622822324087,0.7277619194352557,0.7036114761611966,0.6970401401713976,0.23471310934786493,0.08861735850555208,0.4477311332587197,0.016748800404100872,0.968330397541207
0.34291368193506244,0.5018204188474584,0.2320632819667653,0.7174070717352754,0.2937950690860882,0.052029778023668705,0.3939020564838698,0.6560016448957967,0.6296548588026573,0.2427166316409376,0.8748208341780221
0.9833077949583525,0.30560474221990985,0.47306414808045005,0.3504433367446943,0.7002591771275364,0.6426191904853392,0.6380944607317154,0.5782533813530724,0.8868613744445798,0.4775409960649475,0.8551920199613251
0.2772234759990825,0.33802581738363535,0.8141506395523314,0.06796862943752613,0.09779387655149574,0.62798589823527,0.02700734090857193,0.6801627017754779,0.2614551230211647,0.941753462924296,0.9882943550713903
0.16525001680776763,0.5589988803171158,0.789627100965324,0.6400334527559245,0.5596124494275048,0.2680004993945372,0.1302174417504821,0.4174500277116897,0.9389226136084557,0.9872851696338824,1.1501210138046178
0.5237591663251218,0.23564518521389188,0.6098886169404529,0.8868709251457687,0.6582966270450836,0.6004469689565428,0.3724330394956856,0.03384875105883556,0.05573637885010574,0.6805246363945049,0.7596905975263443
0.9303678759637373,0.35840074872737027,0.44039551578420266,0.8106612971704034,0.782009019515225,0.7588343483925059,0.31938343086352317,0.33514622700385,0.7736990641215082,0.4529588025656126,0.8548331295344552
0.8559828391821231,0.5381340164037413,0.8275028650134126,0.41383038917241577,0.19467916897717807,0.47015674138488783,0.4275110183477072,0.4488278912197622,0.17640370023838026,0.4038882725457341,0.8808194039706128
0.7127721201114924,0.2890303250550058,0.700111703387007,0.27787450527013,0.9394755361080387,0.4887513918607719,0.027397640165563786,0.05282183063908974,0.6550659725111285,0.6287667556792611,0.7767995268859712
0.41610158007877407,0.43677076731072595,0.4660794913116757,0.5049794477659671,0.1584956676529824,0.8620591682040029,0.7381531051229795,0.6451645866341669,0.9367534033361569,0.8920577872697646,0.6514132975715783
0.6532726002858752,0.9494653419402372,0.795551283144029,0.21536516484148616,0.8528317920976756,0.057058807232362896,0.007364449995620581,0.02033928174795785,0.21515004952026728,0.6830633999609588,0.2243488965615684
0.15209684263826817,0.09689019463594306,0.7644237117348235,0.5807874608366052,0.3541075070447883,0.9898008555070112,0.6253347582953589,0.8021347846939216,0.4568891364935509,0.3468735021817272,0.6464492219519113
0.256222754983069,0.6804894883292507,0.2887233352551273,0.3216020046887269,0.22535250199772172,0.8718274207329931,0.7883645728782761,0.9993897307017648,0.7486041187319641,0.6538157538140587,0.4286708513284122
0.2577942971459656,0.44699886758146035,0.7659231487898689,0.17022156098543906,0.6413264331706168,0.5579883649815393,0.001620880786410428,0.8179376279636843,0.4141652865947344,0.5439684022693487,1.1777617131809421
0.4991628273466566,0.15942659172747153,0.8227082550900372,0.4155968882559413,0.46674564226393567,0.3131016337057213,0.6574191097591345,0.9611161981958685,0.835495592148523,0.6536050475906853,0.970687796648097
0.5684497400323685,0.1609290829097978,0.8677298250488668,0.9108162901800434,0.44312842209438696,0.23096824968616492,0.5198455231589498,0.37233406630237587,0.7384093501727519,0.46378571341787256,1.0366352825213876
0.8088243382570828,0.20195069453607828,0.6940443898377198,0.37987448594689666,0.6849027395249678,0.16097282896561094,0.19258333419089357,0.20593027347540183,0.7762153156358453,0.3208467352660871,0.8902154523425113
0.7976027573919056,0.3698965667049322,0.7137328158209115,0.7516804802124326,0.1393753518460894,0.38237133547507396,0.31060037058293866,0.937401795264868,0.12892206844679388,0.6091822403649644,1.1618255178811296
0.5813608625490502,0.8714847851885618,0.21870063327059786,0.2859518599899412,0.5476716909078941,0.14087177736423806,0.21931206668438852,0.8356618010947139,0.5960197376518828,0.6870970230344208,1.2495307805583853
0.029187643968695998,0.3962764200564629,0.5927758867616293,0.7540872017259123,0.42268449793288065,0.5248158792629817,0.08406726414587784,0.27184105179334583,0.06451611218160891,0.5804132103852949,0.8617167751823379
0.5179044751277501,0.749501094017603,0.22529198685183927,0.7973338059177628,0.9318951068658409,0.7065147427761532,0.35326251539370146,0.49125581347904834,0.09102705214769946,0.7894189778236873,0.9631357531480659
0.9211589048963544,0.7539194807864631,0.6138477734668745,0.23080046035662027,0.2630299727023162,0.8833600588055114,0.7099431683061639,0.008212670025771529,0.8455002961180366,0.48839082078744034,1.0075474441140735
0.5159155568728784,0.4527495367475659,0.18410957157977514,0.5998447745726171,0.8934556310222683,0.7182255210870158,0.4961668231639167,0.3998888731339134,0.7130910933499794,0.008786066953978322,1.202734781591436
0.05794595913356726,0.18664807852598142,0.017776119075791685,0.11553758457676144,0.6599205185547221,0.7093499082385871,0.35184011965462536,0.7485855665082666,0.8377646873134607,0.00795903393623043,0.8241190368218676
0.8229312217569147,0.3669690402252116,0.8647656486564107,0.08164077720277707,0.8951394599884309,0.4061169946076264,0.2567907439264504,0.02445571492812193,0.4366463223514325,0.6489359345461528,0.6533183122215359
0.5448954389936582,0.09171599069846459,0.6208637581096828,0.7818798191615406,0.11481435416224728,0.46784074050745994,0.13656461044757595,0.8399052150303049,0.24374447292284795,0.6625165484308222,1.1158332176921648
0.3435402705041035,0.18447127070404135,0.15989086102746308,0.40758821229629505,0.9263453535712818,0.9840888068662333,0.08453854662682248,0.27789480057160754,0.4150326753518735,0.43581842920990244,0.9675042343669129
0.058850607664402976,0.007708556044534354,0.3201693203653454,0.9266110270800814,0.9542085079693139,0.00745605279814332,0.3910811571630388,0.3688423810457885,0.8800063856686887,0.7638833923331908,1.1896009475392257
0.7657257354082799,0.0352473501281364,0.7627531312494544,0.6037454882736848,0.5432276463885405,0.27433235697728386,0.7212935337531828,0.22138552143239676,0.8697827979753538,0.39704935853357126,1.206132975379179
0.46691626957522425,0.3833391590480334,0.8638924334410714,0.4662038584339714,0.7651192998934447,0.16008915390567668,0.4068154626629641,0.8153384352664057,0.6277951097437128,0.10500053642042195,0.9472728035752992
0.25958423509213324,0.4550221046990134,0.08176270612210079,0.8340356908258187,0.1070567835997166,0.5659825989273803,0.7262849982394868,0.04417037449714378,0.8280520814778428,0.2594196464542947,0.954738430745787
0.1818922263180095,0.5558361348987962,0.15995865309346402,0.565222390841049,0.6236282790670491,0.5568162401383108,0.5274736512556812,0.6374644545557062,0.33656796840645975,0.6249991205780479,1.061302877683078
0.30046962951697664,0.14744949461630286,0.4412020389387654,0.27050347025692534,0.9511364764988915,0.7955459237736032,0.32393707740228883,0.9106013908830233,0.33277615802799676,0.8081430611624805,0.7847335372666928
0.4667561503092085,0.8179054600165888,0.516238632668674,0.02009935185043088,0.44472428783418017,0.6198119005497558,0.9758830323109196,0.42002697548852386,0.9838201553838607,0.23559183649071536,0.9159289538317029
0.5103954019139311,0.21663636835361577,0.9809590174175306,0.8041456283376921,0.8406132115183736,0.16726539428678266,0.7074349328553295,0.2864598656767917,0.5904195802655497,0.32081279507117344,0.6035777088422588
0.21304417519806707,0.06321993169069628,0.9648819168614072,0.5277978314691479,0.23100241950568057,0.015625406610004777,0.3171592199398763,0.3937527865788176,0.5351135152954704,0.612810843317224,0.7483100427551816
0.40371028503750517,0.4797871022736747,0.6707614432631569,0.6897854719222216,0.09691351008227433,0.4791637200148082,0.9599908988308523,0.8602353849546222,0.6079802558176641,0.3326789779756604,0.9603369487629138
0.02196257740889962,0.15035953588129536,0.6189681186953617,0.9709937927674369,0.901694934597249,0.8732479302794978,0.0742361077980983,0.6536071381921844,0.7909179980655284,0.8025128576809442,0.9578897811945009
0.5305422077446352,0.0669795564017095,0.005698519801765278,0.05445059364363314,0.9867259959466294,0.5110406874013134,0.8058791620984493,0.9368971738687532,0.022659087493709484,0.017487314497219297,0.7120489921649974
0.8644063335477447,0.6698854311479493,0.9795498027247451,0.15153822248963744,0.03273828538471757,0.44381681916851345,0.5694988657894359,0.15019418792191142,0.7966788108161442,0.2569603473648514,1.1362566253726205
0.39798699838028295,0.33171669249110103,0.7554498389204548,0.9932516824678348,0.9589931371666983,0.19302416003500322,0.018764087304764643,0.7710678866159584,0.7561976670316239,0.04815261526087011,0.4121826364423689
0.5697452400120876,0.3286054987146868,0.8597772483177317,0.720435528339478,0.3243843585085321,0.23682271526228427,0.5696746587780714,0.3102837709648848,0.878824150361223,0.17698173422490882,1.0660521196987174
0.7149296709247427,0.8926336267135274,0.8867541084600997,0.4730935206577723,0.7185690654854122,0.20631673674052953,0.8662961575337095,0.5454285642098983,0.806715292804522,0.7757591388749369,0.27398736352458564
0.615157055487811,0.8556027754961442,0.4114756296696227,0.2959267588249799,0.3746892941300418,0.5783680318319628,0.11173510155627842,0.1851722493403981,0.00043953105176630647,0.878055047652515,0.9955407202598116
0.9252260682438109,0.17986974982378146,0.4601133700435761,0.49763101462180725,0.8260393535561837,0.29156926942994543,0.04207147581259496,0.9036952518078746,0.012395784198364845,0.33769710047686186,0.7850846796283799
0.44310277987712776,0.511043165633429,0.21118404934733437,0.6626627584615465,0.904200213359873,0.5355254628696635,0.6180871687276897,0.2867470476006553,0.5012424831710078,0.3441367800388385,1.1540603368143394
0.7157091302710834,0.6398808471265581,0.9215584159852325,0.5567986698208764,0.5463775037094204,0.020311583224547625,0.2820356830253814,0.33163596339232404,0.4098836015201409,0.7880016282948975,0.4705028194363384
0.27088331951257993,0.5254499838476261,0.11110535465325799,0.9912170947126071,0.5357118768517539,0.5488889400101681,0.16130157130758738,0.52103283345669,0.4363903009083584,0.2702466558659413,0.9931315236764021
0.6765177851791262,0.5611908764764582,0.8092755687712488,0.46655376202310417,0.8809287277915182,0.32397612011582766,0.14282063853009963,0.6495589907122484,0.2948106570479012,0.9970311340189572,0.9348010690802641
0.7726644869743212,0.8891168917847783,0.43849012019351097,0.6679703217844513,0.40475535379901806,0.38794853208033164,0.892117219628022,0.7209828096025154,0.8144281668819002,0.04135266542428151,0.785795750959753
0.9492999073222587,0.6219734051020778,0.7496941365330636,0.5345747587385554,0.9608948902645449,0.40751896750092076,0.5719135372115687,0.23816657558492027,0.07128851891498511,0.04326631433578654,0.10494138316194801
0.7489352091358069,0.5827322707517957,0.7271930561795991,0.5283014003500784,0.8399395481126511,0.6244251388549708,0.6725249039520039,0.2669908391251705,0.4477750021548009,0.6515558855657416,0.8079449401802635
0.0852696211407804,0.4071007587232577,0.2991015918061575,0.7553315913645058,0.3683322066918686,0.28079028661458794,0.5901616504525311,0.9317656072404892,0.41375968133457797,0.2727762774176372,0.9990765290900724
0.08604104147592317,0.4626572928766709,0.6700586690696846,0.3900594745315714,0.03719200738166639,0.7802825340766645,0.5862957430193966,0.9067055057188734,0.9073805259578303,0.7058152282122749,0.3113360475588477
0.5474834553986632,0.5283257882010906,0.027018915887842776,0.9247429568453941,0.6744423521572928,0.11591165685310634,0.6684248819185432,0.31750869766731105,0.287848903864686,0.6072672131337429,0.9881287205179773
0.6544607659029579,0.07879351352442343,0.4332982527427406,0.6306007438125761,0.17489930660147035,0.02190391788926993,0.5529074356974012,0.5039483055549703,0.8388234137869828,0.6145351307723014,0.999335728388334
0.30950111367390243,0.8891709665937505,0.09536076578144426,0.4991294242254969,0.6987380464298485,0.8362495604643199,0.5717592989420129,0.10553542436753283,0.03940078530295421,0.8064414187800439,1.2303188206543294
0.9266560119071815,0.7419721178326271,0.8727230668075072,0.016213376349929254,0.1545220545768622,0.7105690685567393,0.31079174170685375,0.5468791352167663,0.539339674589873,0.4519555455815001,1.202404632922938
0.45886084602631283,0.07078648286834743,0.9142079233050929,0.9957477793278301,0.1456279798070691,0.06128129031892193,0.5915307339422333,0.4721815744653163,0.5637479437057725,0.9799179922213016,1.2147949051232185
0.6150052630970355,0.05586207581147706,0.48046245457147496,0.9167349056953971,0.6642905630038707,0.6663946491902732,0.07074569898771799,0.12047067717427784,0.6871600424380118,0.11605674972955171,0.9172434574321917
0.9466655927704981,0.6550463377770308,0.9249907885872277,0.04177906486127225,0.8977196310293278,0.8768427249432843,0.9050386445947632,0.9159021494540203,0.057132205276116954,0.22570651283612553,0.4923867588670183
0.19152034431322607,0.7950299734615681,0.05631944813450951,0.12113216480044497,0.7186523078140313,0.7911947279523575,0.5377848635913347,0.4875340942233035,0.8559130196667962,0.0996675064471867,0.8685090369056849
0.05272560354918632,0.3973535312553723,0.26549796955374094,0.9576104632974539,0.6537969822234078,0.26932177129212587,0.21978825321080842,0.24766260336282342,0.46155918940587903,0.8740734486938023,1.0543519041184288
0.7703045802730494,0.14620902961540927,0.8223853003650798,0.6976463436922644,0.7948944800724005,0.4501921569007945,0.43477404167459066,0.8480999772658653,0.7217549404401719,0.8698049704272739,0.4729023960681831
0.4630644663476703,0.5937794543560527,0.1705124770077553,0.6774996558738333,0.4053081804530204,0.694578922094028,0.04696584219307498,0.19719201066560277,0.5999252424751736,0.2677024565043017,0.9439706646886219
0.7904579899457488,0.7551934689682241,0.9745636942497057,0.3216256772895568,0.2676964780539366,0.4499388300965459,0.20081052605609717,0.1847255460759909,0.13251088959899837,0.7013555971967518,0.5518620525487344
0.4216438795757733,0.27883177879649235,0.5399928648051848,0.05790827560721623,0.17047575504404222,0.6466170246617486,0.7349083144369193,0.6337490952929905,0.5176894230297671,0.8945948882152878,0.2682701793027887
0.9939364575783887,0.45476458766191885,0.2636356069996726,0.30812590136781104,0.32846791657642604,0.8259771191147811,0.37554451067267136,0.9253193816841665,0.44057328249205074,0.6347430556849979,0.9641434344255182
0.19101483629142668,0.49733942702549216,0.2724221954849826,0.803440611529506,0.03259191587730492,0.012176278910292937,0.8105849440483605,0.9407167985559335,0.3034821032686259,0.3190866509746053,0.901331018681552
0.9065926160522558,0.320365965281305,0.4675216142137416,0.48209122672685845,0.1877666405460935,0.5465785790071476,0.38254174900345705,0.8469407732458887,0.7152303871670715,0.38076920586904084,1.1026064689635597
0.7145503228671041,0.019350492506682193,0.8483305646986374,0.2653194512702751,0.8224012695178754,0.1032594536557262,0.9237343504068274,0.78510105712516,0.19776890878317843,0.6579389200176453,1.1942404586288853
0.15588083796835583,0.8605014449853353,0.03831093028314192,0.34484687002698144,0.4008964911177366,0.5361876925112989,0.8571515900952713,0.5660838389198907,0.5113344952426252,0.11540458787638064,0.9423378620867546
0.6821210413207641,0.9310141484516433,0.4706440472345229,0.9455879302168962,0.6033920980392667,0.6484505012036261,0.45088095619631896,0.8596065504875408,0.6293818870743932,0.9329259015453039,0.1944217184791788
0.9649596656801256,0.6549265666548368,0.04101267817982235,0.033480348768547,0.908414585793912,0.151473776682868,0.458893555471535,0.1344195875162738,0.37637990267025834,0.026594180785022514,0.9832355938539548
0.9587434779464743,0.832517847669264,0.28543444913700955,0.5188297871253844,0.5436997505103316,0.10969653132466195,0.4216828606355244,0.20447750655365637,0.06165103068187883,0.7246604464795395,0.5200790810656959
0.3257314482284491,0.8920537933532067,0.22239060393551302,0.08621874267575425,0.4462988247170562,0.4828244265185151,0.2828739862993729,0.37362555314001766,0.1739179759151478,0.2168308807613789,0.6408988858670192
0.516958999809807,0.042093070082478534,0.376241128374581,0.10198976266437298,0.2542422813494404,0.6593852580133368,0.8970057716227549,0.8540203165243403,0.02391148650439945,0.32282518338580724,0.589193387518228
0.6576248392365884,0.8844658296371907,0.12744842305728188,0.839479301592929,0.6447237488430758,0.7430676863330785,0.6923334098891484,0.10451608287805525,0.3179064567935349,0.40763771400380255,0.8497898610429884
0.7612839811189662,0.5454939949605793,0.41418277265643333,0.5983277526660155,0.507910780357432,0.9263741328689035,0.7987387680595865,0.648613648269692,0.8047790194610793,0.24531709083946063,0.8425729845394231
0.2502454078589358,0.621619491681321,0.7843664542981054,0.9888088611754409,0.7593829360278582,0.46822928731867497,0.3511850256793295,0.5055801146392865,0.43380916723464114,0.6786930145600425,0.9692299481415635
0.2558239193440024,0.024079463335164086,0.5926822679564481,0.4762080555717939,0.6654233543328758,0.15718321525550683,0.19235846348783825,0.09655681277865569,0.6084980831642379,0.29543879371595017,0.6855210295072223
0.15603913372459655,0.20220834395907172,0.6566059548587985,0.4249536199071867,0.8720957909566647,0.8470939483161679,0.43122138304804714,0.08039165913281698,0.03919208775393157,0.7268910946510231,1.0856872401934548
0.18784752138078276,0.8139019269345416,0.3448732495216634,0.6420775241083788,0.8997556853046391,0.28085600453144677,0.821250702336614,0.059366719751916985,0.08427367871742497,0.1797400451137976,0.7854984559304851
0.4365477848100915,0.52320341085899,0.4164453172141228,0.1986359937600618,0.3090740912639951,0.15486236711485113,0.36551776061606456,0.5582454003112307,0.806498553095695,0.3713938924975334,0.8799060747035982
0.398912317674606,0.3623127832026489,0.8303155035813208,0.8905199848857146,0.5957469545582496,0.9039769088400897,0.5600796615506722,0.915661804171132,0.3260189606725249,0.10078628960515157,0.8877091876730325
0.8919479649839265,0.37149962952287885,0.12900694398692547,0.119795958806306,0.8972260205025903,0.10718484487844182,0.8559430627402669,0.06879331484823581,0.4043929629481515,0.17164852233381378,0.986974376057771
0.726979927602077,0.7111696629045711,0.9555492550377019,0.24212857717781422,0.11876513864949712,0.38971174823125276,0.2934160059984684,0.266572299504963,0.225967826646156,0.37577635925147557,0.9014886778166349
0.535247231061069,0.35805762284323484,0.5433756264560163,0.03449002856164163,0.007974405859064615,0.5527903420001156,0.8897455500351746,0.1909970033587033,0.2891372954729573,0.05512956883034936,0.4366047281367491
0.34430850747713637,0.71976697978678,0.10002123612007152,0.21197701896210608,0.44004648251292233,0.11479013191422893,0.7160061929767217,0.5529156097610627,0.14320040043267512,0.783460444077213,0.8354569381674193
0.6867118908089092,0.07828781650408001,0.5011371659687189,0.988046264297362,0.5191253142430823,0.2923512579434657,0.2386357716073837,0.8557116058966893,0.9087202304501899,0.3988108190455958,1.142484648613409
0.8163019033176551,0.283644127569733,0.9417111311643861,0.41926399899153644,0.9741372335610152,0.9821396684490066,0.6046235154228874,0.45451229698108453,0.18466207053983996,0.6177404682063976,0.5650644550169234
0.9860078247583197,0.33420705876029244,0.49689317200006367,0.18850989769280357,0.3896175820444504,0.47256359264946823,0.691620796949116,0.8277223489288777,0.7048214008600279,0.2605259038010407,1.0482248022357834
0.884013700109324,0.6623199084172673,0.9782019473180822,0.7730624286419681,0.3126383814387561,0.6984035018122788,0.31228506091388475,0.6356207038084636,0.36100821165195585,0.9885131905862841,0.38303277427578597
0.8357925572728082,0.8456512109369688,0.3842064553254272,0.051474993900291754,0.6652028057897016,0.4560271728716284,0.5986638333714167,0.34342543097073086,0.8875960248136916,0.4377165233654541,1.1268654632625206
0.5209743333880045,0.06171050973889369,0.07895122286677392,0.39739767780803603,0.2577506963322119,0.7687755173611684,0.22892112223581484,0.6136155188554363,0.25659552459073276,0.26709103012277946,0.3666174118938675
0.014579709033380794,0.8926395080694302,0.9024613107058186,0.6589986288801418,0.2998458121881826,0.5700727481127512,0.8361844171742459,0.4123912391314065,0.8695032939671838,0.8985758353237603,0.8910372421322749
0.6763743933121257,0.4724941689631401,0.8832285054258147,0.24561332314042705,0.8934148782446781,0.8054433351898015,0.17546297136447886,0.9617516479651991,0.8061794462187368,0.02665731584224762,0.8204505640918809
0.2889957450702101,0.8872856995193262,0.8782611862953051,0.5272987287264803,0.39678457774900566,0.4695902874502269,0.18216016876265007,0.03481678152762313,0.1622780097515215,0.9378090547228398,0.6931336365403438
0.07650128059906158,0.7547572028284009,0.6830053565521407,0.9720190460008354,0.6534510000821779,0.06745458361117773,0.5309175385520828,0.4473355559961846,0.5696862075032882,0.11133992070874599,0.5584353131597848
0.4139262099691474,0.05031363629662977,0.18402258630638746,0.5978012471176869,0.9848306708156503,0.7838833272385624,0.8775478298434293,0.21847830975616533,0.6967954994274665,0.3765680936922695,1.0008444536858654
0.7906521351176752,0.9049161666234754,0.7160476614294994,0.015388992767774279,0.7821893434857458,0.8033820697804211,0.5993389003404193,0.6844724141802488,0.5483470824378881,0.7031351803608479,0.47619722849756196
0.05767757794806816,0.20519412758261235,0.3666652379638732,0.02607679714483946,0.9415689769683094,0.12559226048742533,0.5851976705342986,0.8893882111483664,0.5650050191042049,0.9214358284695535,0.494495535487299
0.02058572800749925,0.46855041814334675,0.5431212472479039,0.8077507984398337,0.283256333281097,0.4919654219591457,0.8462433259424399,0.6970572196288354,0.3276099761290253,0.3635363076683056,1.070996850601593
0.05394593884955656,0.8881649760928444,0.3010411298748704,0.33697084077943096,0.7449206638269705,0.3918073952236846,0.0866064955024427,0.28189371133995,0.9126705049731506,0.8596356739530125,1.2187244958965573
0.9461971344794305,0.04921603743913827,0.4402204015743184,0.16659858412146655,0.703072445602451,0.029318577773504217,0.4255183367127924,0.2847603396827396,0.4807071126568858,0.7586479560774478,0.9759206157928093
0.7207402845523473,0.12995508890263108,0.24978116846042098,0.11837623902581607,0.2479644447311138,0.5464211756074918,0.5429031998083915,0.32711092616457504,0.11260288462554369,0.9161642533466609,0.976264054958043
0.6220647039636298,0.6227034979697238,0.4577710158076901,0.5965484164875404,0.35939004858595947,0.8018806099841699,0.2824530911705575,0.641283753107575,0.0035718416768126815,0.37682276668074277,1.0820638769859934
0.500549124935903,0.528157602056292,0.4625975490996843,0.5585023173768695,0.5662365297267291,0.04940624808147753,0.8295838634196496,0.8248477617875621,0.4927943405690207,0.1731550487738207,1.2199458354446306
0.19929251556379468,0.5713113480309641,0.04242258014568001,0.9456196532019525,0.2030104217787132,0.2717431369175771,0.8746967155307814,0.7477103783699209,0.2245456293808682,0.007952889975685995,0.8867250374320899
0.7101654172346047,0.6503420802337797,0.6046155769524046,0.05100666341722049,0.36851290096482914,0.7701022951038791,0.8594285068835074,0.6874972336446945,0.4647447573833685,0.16013203976127743,1.057887282735318
0.9999434074246386,0.2295542676996185,0.4209181883415689,0.4648461823685537,0.9303598857164781,0.9299968468407004,0.27560936085964893,0.3312409463575764,0.8723887341285637,0.7679138414176631,0.6826011979844797
0.4352374119354616,0.3379061983667687,0.654837241810127,0.6330880363795751,0.8501703444005905,0.6024729261202624,0.746031100590469,0.1831121681479032,0.8695262275213865,0.13593125215916024,1.0906237934361884
0.05808675566574517,0.8587084278724286,0.3783295994496967,0.006831525278309214,0.5480116717714975,0.5822968280355755,0.6985375006092372,0.10767427130267127,0.20491717725332226,0.033185398518486786,0.5086136422753377
0.554188320469748,0.5873566961795333,0.16837022566472015,0.8786395063335591,0.3689939216878857,0.10172052712703117,0.11177307045294449,0.27281398647642285,0.47851907952491646,0.11850758289087804,0.9947150555867349
0.812394036579813,0.2807310866350303,0.9258915473484168,0.34747124144311015,0.3743452367951148,0.9076531487717838,0.21547763302181944,0.2598183854701406,0.76349446711995,0.9448466343517745,0.9113748741909979
0.2400253824420484,0.47319562638858514,0.22246185411455577,0.7951689439765102,0.08407254376605733,0.15438628806422838,0.9869331479659839,0.937883860211662,0.501553835754751,0.49923977980793555,0.6561036502610694
0.8745287435117924,0.2910206461479713,0.8871179647965611,0.6360026290415343,0.11518090662252578,0.8355107342515515,0.4603298197035507,0.8321293430167657,0.25899795128556846,0.4258559932249899,1.073577206315619
0.7172840450676831,0.563456272016795,0.23939424558331956,0.24038974595151974,0.8714042143186866,0.770605508384848,0.3390255584275286,0.5405397629435975,0.6288594330447774,0.7142540979216812,1.0146623273773645
0.903348960279313,0.9477979862270175,0.7892355584894983,0.3337981950702472,0.24747175692771894,0.19849870002058378,0.998274482576326,0.03542191886552937,0.04687844594564228,0.49779051740894975,0.542361390152757
0.20310664121477118,0.7576970306732171,0.9924214636388903,0.6032766813029602,0.43345667128088716,0.7899045020609882,0.06205849111052475,0.45048938920531323,0.1022811116854051,0.0282436652545498,0.6810667826231628
0.9620744352889704,0.5609439258040104,0.944275782937205,0.40649039972098644,0.5001896769917459,0.25473873390612756,0.909781934800973,0.18244210930612903,0.29695279658399787,0.2953551487935643,0.5275798467599159
0.32285284076795495,0.6637144909665429,0.6094934055676555,0.5374954992342242,0.711754812433492,0.7757545532352723,0.19620292963787145,0.8686741806900657,0.04759999317131147,0.7829091011340257,1.1099560807822502
0.02986117508036612,0.8785013503729113,0.36592925648343355,0.12094127746484262,0.6424960199415172,0.724842636353684,0.5676696483550461,0.8243624798722403,0.8668385254417563,0.14806233543414116,0.7655778853145296
0.24898260222298063,0.3135455751903151,0.5592261196185266,0.4645784651505983,0.29172528824182253,0.23758575157496398,0.8964934898234611,0.07109413211304272,0.7454374442922774,0.4804104969929819,0.9626508747679754
0.3601868289243395,0.06284765260473024,0.8645790716488923,0.8870502409410318,0.5009076379004791,0.6220589955528495,0.19194084457926963,0.8860848666371346,0.697108964836655,0.5089075744418433,1.068813026279931
0.6089896031773485,0.7478361341167684,0.7657146132930206,0.7812269406091396,0.4484169297760958,0.24089336709907638,0.8203460118633827,0.15779425893830357,0.5230126053120989,0.5320681504844514,0.6712254203396757
0.09355354854192799,0.16353248036499224,0.4794480135413268,0.9140541037837661,0.11484189735220818,0.5332624282814016,0.9780928298690783,0.5854874453387894,0.33531461800588047,0.09009968095553866,0.9960448490300144
0.17196887714760245,0.24428874577025395,0.9980139271438492,0.9035467717352113,0.5296319865888577,0.6199829708524834,0.611841136979251,0.2408566939156075,0.2623038317804075,0.25675356550143846,0.9230260065326047
0.5907723119226433,0.3142833271389689,0.6641531476994984,0.9029964121465203,0.6288506223215491,0.5300632616643517,0.7959469235483317,0.6537274194334727,0.5401492053456691,0.3757301414273715,0.826065552960291
0.12366818520409784,0.7503550017663196,0.7403380228015329,0.9752257665641361,0.3927907741043596,0.6627810284168146,0.8764293165902665,0.8276208811968214,0.12280194343835049,0.8340107902601512,0.689146591644618
0.8278963993250508,0.529213379460197,0.9786710530721804,0.946448254726112,0.07407469429754043,0.2447213921795337,0.5151226159063182,0.5750918199602079,0.5292694703378462,0.028742361457696264,0.5177455281847256
0.9385024374644757,0.35202423364688906,0.40004427226683714,0.5962966280992175,0.9128142564105289,0.7373523813830001,0.15812236885084607,0.1267148417641475,0.10590557016647129,0.44545890924510145,0.45690149587948714
0.5116380869349186,0.9086490022118362,0.6227792177102592,0.6219515595664307,0.7683493200900188,0.15666199667985048,0.6770154762450679,0.18960684427488483,0.4832784434845089,0.7764333209437244,0.6861043118604603
0.47411802813199,0.7381421036099535,0.9105610812065463,0.664658006059189,0.39167091523670783,0.07150950378673593,0.7336256411299017,0.8947535487512152,0.7740551060878136,0.8942401382858778,0.4780729955707496
0.9648460033128381,0.537961692938604,0.5386927204948303,0.3030402520888035,0.676520075385372,0.460001417232627,0.2030234747604538,0.8509460497810678,0.7577290365673847,0.9567174701494594,0.6580111046491426
0.01570437508554068,0.35923495950022555,0.4666757776307944,0.6452653028648069,0.10883483215006773,0.6185089775408305,0.5762048548390273,0.18326024165687693,0.5769614352977241,0.5583265879578262,0.9985939236562283
0.4540505061661112,0.40721993227422737,0.9164258631842949,0.9251195731552608,0.9786215045706559,0.1826494399921924,0.2303893168654586,0.6035161633347325,0.938728620729095,0.9646295672083697,0.35538502902316754
0.4603919751076303,0.4687235530992403,0.757300632586472,0.4179460621719724,0.33822159174776645,0.6666468718804544,0.20331819950393282,0.47554837067549616,0.033442414884617744,0.11271052821278216,0.9947392968882394
0.8001055537866166,0.58617229615481,0.3591631342877888,0.5462373159283479,0.4828060404243043,0.8947498674721589,0.9116071550296818,0.1727179153171272,0.7914135697741159,0.9083038796155987,0.8864357384446516
0.9213126218146844,0.22161152901204295,0.8873724030056758,0.4909874227766676,0.3170935571331783,0.18216099238032846,0.3583619346379565,0.7832098639753123,0.6928277448248357,0.8498378929176442,1.0244396909764184
0.08624114419465201,0.41511747231155316,0.269776117692763,0.3127113584767869,0.9862586436673568,0.30727718163207984,0.03186546885056174,0.1702993562782047,0.3957271665518489,0.2812623463306064,0.7440136479165765
0.2664548223308566,0.3636672857911317,0.003668162310321521,0.15405567698581646,0.8481296698050715,0.6820857387216649,0.08434947798445835,0.07035394831258579,0.043941940330698204,0.632931502792335,0.3158852967134558
0.20395715827436522,0.3959503876792765,0.5533312633442963,0.8102352296006278,0.6299748061318713,0.8039315273082472,0.6958283273061128,0.7391440112776567,0.7840051736134953,0.5925782956710619,0.9861248609039694
0.4581137144160128,0.4368760477443292,0.523569161737368,0.686533210687118,0.6315471691698638,0.3083641000952696,0.617912532675503,0.7406053058668077,0.4128142292259439,0.7043882326316865,1.120507677363303
0.49208949294202,0.7764126861411755,0.09006728060358815,0.8966599910923404,0.06464583515001543,0.581889679044868,0.028729472960912883,0.8057857042696305,0.5751441806140091,0.02229423104222572,1.008141893103926
0.07059621666389737,0.44029170344859003,0.21844499606980072,0.5988123625610291,0.12901520073878836,0.01317881619152761,0.3170537031985916,0.239022985204133,0.971976106793767,0.2908633865086736,0.36650411327411436
0.7760240669613031,0.5688679632259559,0.7531420463084542,0.36263028886041426,0.5196892420360104,0.4013169375917337,0.8661737976289061,0.8952302453149096,0.1985121836955277,0.7264889735346963,0.788374563105435
0.7981466148499217,0.06648685061567894,0.5615436352257288,0.4524390909710586,0.46920982256430177,0.9790029792969941,0.7964875571348502,0.5429117906002996,0.015345515701876034,0.9502572033625101,0.9636269167376915
0.27386012822023686,0.32331687596258374,0.39635654663118336,0.9761473409173095,0.547372523533978,0.38725648526462697,0.2376895138024565,0.4549261952408721,0.7155742126632967,0.5989603564933063,1.2386114463679363
0.3942213781301581,0.19670247583822076,0.32134347774680183,0.695813502112342,0.9567725811718918,0.8177471478515282,0.5708716930363892,0.06497891876843986,0.3771207578970007,0.8510999533878196,1.2132860395939518
0.6641363428896202,0.46222543801902216,0.5929287096774148,0.9050588795033259,0.9260356958262204,0.8406971842604685,0.1620108901344568,0.2483398502879547,0.8389752786607877,0.2153303016854068,0.7385266699135775
0.1310576414933069,0.10000277702745142,0.47568927690546414,0.3315985756194192,0.1276792691546742,0.0812824067358171,0.010674598321222306,0.6091735110926375,0.16143004344956036,0.19701336892844712,0.05800813395840104
0.3205881760275716,0.013401009910355977,0.33168240698252116,0.1771120012829308,0.9981475945839131,0.33868626862862083,0.020443760963766766,0.3270540142759777,0.7568834258285527,0.44737665003705507,0.6559960548856432
0.08387516365182313,0.3686557387892001,0.6976278978066548,0.49319655470489243,0.25399897747427125,0.9337229789299738,0.18669055342715335,0.7315063140646473,0.7873264337090925,0.7230948761976422,0.5592879170821572
0.034223423639264006,0.051628964663139154,0.8679839705491884,0.16161954468685524,0.6959817491778939,0.49021135933066073,0.5702674118167974,0.5996790107910718,0.742167300526007,0.44171205530575364,0.7781467286921049
0.894331453281367,0.03612414650359086,0.4637903218134868,0.28470422409419927,0.28517917458155917,0.27435094942376825,0.028465316346214964,0.6632165904211087,0.1638508287432232,0.6859062985595024,0.6831116011153144
0.5136673067250609,0.7530320094002345,0.8389543799355303,0.7426817263977532,0.17548490140527306,0.17440242429348163,0.2657945935045555,0.8545328548439299,0.3920239676083229,0.5288840128385308,0.9407704624680626
0.4347331160692093,0.7519481302122162,0.826003334809525,0.3832128425385477,0.18897701425059032,0.19239456682029776,0.22974658344924648,0.5964895198774224,0.4067816811732595,0.33260039985630707,0.9885402960775465
0.5124256423150582,0.13256944659669434,0.18452475678789027,0.5012683348878855,0.6262290107798473,0.6837645291276385,0.11358861879777915,0.8628824830463236,0.43777363741060016,0.0317982418553201,0.8848344650209548
0.41884806747846326,0.13280635508463956,0.5960027149364033,0.7496329904288436,0.191166471429579,0.14765738846703602,0.3133711951116923,0.012831570258884928,0.8615351902819902,0.7655706068234647,0.9610456553028213
0.3597051678541664,0.968516787692344,0.20296685334815623,0.3766430177468548,0.8286966204024491,0.8036108720400829,0.001646664804175746,0.9865132584191013,0.5640304741316438,0.5510933272379714,1.0470078359884976
0.3585659811824272,0.8025989724599091,0.4852574902696125,0.3049491928095177,0.9019691950615341,0.43592083429029005,0.8893792999777114,0.2868868776568353,0.42009730582042126,0.571552811437683,1.121467434461732
0.41019744233382094,0.713231482818601,0.5198335528054812,0.011152415498112633,0.9480328660292022,0.613802661100688,0.36256886903093966,0.996546700491326,0.6319673774215496,0.366404097668804,1.0377510577327236
0.6582141878144355,0.259542363770203,0.9445698543146612,0.7192627622223474,0.2101972283522393,0.5878649569277532,0.49262045727529435,0.12234456907626123,0.5297296756314672,0.9323053693613625,1.142578703316464
0.607508669166612,0.593660882691505,0.2967551092318016,0.4436487597407247,0.17958918640626031,0.26944217959522876,0.5358423608102105,0.746817106349321,0.7637385262453826,0.3142888610302902,1.0994196864143664
0.7583580208978923,0.7916772021569662,0.7389063006233606,0.18044099870785402,0.8217693043427374,0.6242068395636675,0.19341254571609323,0.2043100763641117,0.5779416422463125,0.9099382503706087,0.9992305087622364
0.25732299536664116,0.3201116425180798,0.43629527062514195,0.8704080739958086,0.6757047516349549,0.6485026760961544,0.3049920108064218,0.8659318152277559,0.28153871377297823,0.502623115193991,1.2357699228901144
0.31004478034304706,0.635133133829578,0.33380039693891395,0.26409694341121825,0.9415666355794914,0.1671662699404266,0.1049829656318535,0.845009466592784,0.16001217000370882,0.5935654391245301,0.9996226767409226
0.28517602584387247,0.8427267900575132,0.8914544498866863,0.03434511286261177,0.9459886973477662,0.6818156294380098,0.11456123315027789,0.18326472354840784,0.35371185190546495,0.9491315182060336,0.9856444170297513
0.6620489115631626,0.28954090340319716,0.5116926536385541,0.7950780963414047,0.7978989650778497,0.39962361132852997,0.8126735965535289,0.6076478591941491,0.9111887554986695,0.6630172018933084,0.6095224705291769
0.30079116101358083,0.3746735009221468,0.6136256284419875,0.1132891863844222,0.15095736928564718,0.8365616314464841,0.4087756701453693,0.1136325282634656,0.03683405642983928,0.25854931911063384,0.3444218201954505
0.5639058150876658,0.8714977096740869,0.6718207426697452,0.2671932514606675,0.24520154519725323,0.16700262477501526,0.010297714925953438,0.25165774928810936,0.8064672698973396,0.934517272820533,1.132634439639168
0.9827260770705983,0.6223150586982087,0.6234662088628161,0.26194406130544046,0.6871427975703316,0.028166816576186138,0.6645336627130218,0.9814205348254351,0.487920944823502,0.5922059201062251,0.8221132172035693
0.033184654766720945,0.872627669201811,0.26293212321220905,0.1542921956878246,0.6537051559581437,0.9392691539989911,0.474632291883455,0.5623544812133038,0.28364460554057636,0.35725968185194523,0.9931466148481796
0.6637076886514269,0.7208060651704933,0.10407380654845111,0.85372408241766,0.34738075753000475,0.10776568633320127,0.2624826605326034,0.8811023364191043,0.9455328979727108,0.06133913494340271,1.159039890681264
0.00561737962519282,0.6264754612883321,0.9828723496058632,0.8195290378566177,0.098515575734902,0.06121545364911507,0.09358295483308421,0.594107829017371,0.36660944379584626,0.15982119796309524,0.9982580834328805
0.28002389251276505,0.6849112322653383,0.42898627113385834,0.39609236350054355,0.9516174686406916,0.2293747539696276,0.5795141817925082,0.4583630554976411,0.7893477476429002,0.5104219114187551,1.188677696302975
0.07289252104932809,0.97347505589004,0.5894249998866669,0.23438112756623442,0.6492584234450522,0.7395126955264869,0.07891171992255963,0.0881648043930936,0.08272905150718812,0.37669964610685835,0.9993960103275837
0.1680236060867737,0.07589795523847653,0.7723135050286328,0.1180010107863545,0.3564630966433251,0.6475605128151494,0.5883102485899011,0.8296056238902355,0.4668194372986053,0.691383076677375,0.3639364937351971
0.9795110645455545,0.4430173759416337,0.6962999156503504,0.7914248816507538,0.32763364436459663,0.2154189121582063,0.9612988171818775,0.9413940493954644,0.27997817801843883,0.5522298267618312,0.6875172111814469
0.6768295188538926,0.9792305593048046,0.11968802679166202,0.01805682657874952,0.01614122833476994,0.5034297457944602,0.9496003693666791,0.3273981778085584,0.8909915691979908,0.9639746362993882,0.46678856116468675
0.6546666644808996,0.2467524848291387,0.5525667462317722,0.082399151843357,0.12242446598127477,0.19002494357038013,0.460216268673468,0.34906040791273785,0.14413399393796578,0.9231873506585437,0.6106751563019944
0.2306789969177031,0.05273781973543479,0.7381716184388956,0.7590312955447684,0.8654303093461457,0.9282008861003747,0.6963703585911556,0.46033146061145214,0.5102445523771857,0.44263338525839824,0.9750296911713309
0.18823645785719723,0.0718521096201925,0.7093940410451677,0.08414766273520746,0.4972896253923559,0.958527940841836,0.29974435860570536,0.5234905835418457,0.4677599193317913,0.22591933789759777,0.995186912390936
0.4706136070962995,0.34788715911376156,0.6051929075891496,0.34671944143234945,0.032170671479008206,0.6016583904455703,0.31370901612900115,0.18548758740948956,0.608946301603545,0.8056509014353068,0.9980916600578815
0.47358989150237496,0.8681678252526165,0.04290252052328103,0.16179439359330572,0.4035061478017643,0.00631956403079581,0.3019657063406608,0.023358798764776645,0.5662401901895653,0.07759057436391503,0.6162706580501274
0.9333715985445006,0.16608585523416586,0.499142917306883,0.4159447855771393,0.3635891176766528,0.9601684416460043,0.5677288147693778,0.09452230446845511,0.5967755406723149,0.9936216180852853,0.9765180854553778
0.8396259731056995,0.8177658782751479,0.9420209295505156,0.5720750349369935,0.9909164478413918,0.49255707432692164,0.6018683245067807,0.004202075091637392,0.20318296955736503,0.04656419965186853,0.047419603134124105
0.08762832936575127,0.13378432880894942,0.2993614148351924,0.5770014325996645,0.7635141860657905,0.3608153345535645,0.211020620012768,0.9112349061372554,0.9424361593153393,0.47947566780749584,0.7910248332093353
0.16611906411709076,0.33736197664918444,0.06366498661396114,0.8069861695361386,0.4823365930393677,0.7968492290087491,0.26766847975019503,0.7793015009782854,0.9849328206671879,0.5580467682060533,0.5155031477781249
0.6992371754078937,0.011104421289483746,0.18671383725671287,0.7564206566941253,0.9280547366466615,0.2400838842214822,0.7364172208698126,0.48857073741449797,0.40097178595284344,0.2455728247499116,1.1020282076040877
0.39115231379226634,0.6291234415537469,0.8288842822485462,0.8285757962926551,0.9445585927006288,0.5213153081463334,0.3406614148650967,0.09977432186475621,0.8189692390097182,0.6608862874432435,0.9730903537646233
0.21270058715469176,0.5498967210635861,0.40223055894739757,0.13185025691142582,0.5500618306462873,0.19168560682750413,0.969836304407004,0.6106514785308279,0.48203848457837406,0.6408958828557144,0.7841589710980199
0.24244815596330016,0.2700924207469688,0.8862318044992287,0.19490395179113207,0.7253551978297224,0.05822522001022423,0.3985647294222002,0.04066262018802502,0.7320319847860001,0.41608467501706026,0.9489498385508222
0.4060026963534311,0.1987101849757722,0.22367526142074445,0.828352948202838,0.6515954219319966,0.47581403619713614,0.20518099936877265,0.31742821413460975,0.04491032594683386,0.21176894733755525,0.9429181216197325
0.05638587077821833,0.32980158864985487,0.1537265982718491,0.11640706563850278,0.926088785602237,0.058059909679832655,0.6438490234630773,0.46001323752998835,0.047873210194286586,0.19071097857289254,0.25997897403406134
0.00498877866234515,0.46635712481320635,0.0243036155816172,0.33917699017201686,0.16260360549524322,0.12440337862232986,0.23871021708641338,0.2358203234578392,0.3909384102289538,0.7028040376853837,0.121913120447555
0.08160891765404277,0.5724362139745561,0.7455068280511286,0.25483216444531986,0.8551498164800546,0.10540566598010159,0.1509414754579247,0.018656832184235972,0.876842695328463,0.7702619517616012,0.9998545769374202
0.4628854875885856,0.2938617935697293,0.897611917847462,0.7787834872600675,0.6513879478376735,0.6067932910887132,0.16913726962440667,0.37985744763940765,0.25730022877112213,0.9118240273268793,0.928001554989566
0.31106855406062994,0.5508596324715935,0.29897285415057206,0.8190461838886559,0.35129145864216693,0.009373581184646818,0.38123867481470985,0.24826437241825128,0.6904955011293415,0.5003038304655032,0.9554540454079408
0.7416062520411216,0.9570486045508739,0.6682669778510115,0.6261825502842436,0.9154821034627026,0.4721436213437863,0.7211946615308291,0.473481141716139,0.7537003434786022,0.7451682147858698,0.1793059782309565
0.5540421247104764,0.4582592319195844,0.7184384273152967,0.1168809490936642,0.7704842615163444,0.3965528925722196,0.7423704897506197,0.831806898425805,0.5200752048303798,0.13883669173305058,1.2196194016493431
0.92798106646145,0.8845799873599239,0.044854946041960275,0.06349164312897371,0.6132194560141141,0.2892449058592228,0.02117114390459862,0.9731625830940007,0.045559484281545104,0.13660538375587028,0.9981382809343017
0.9369599056703847,0.203279962812689,0.8605561135394559,0.04935278258101128,0.5746686454077462,0.15538518571211835,0.16120761459939303,0.30256746686985925,0.8445789953987161,0.8863906262054554,1.2125325665175142
0.9637807963805693,0.8305116554491253,0.6597338917425687,0.6017070176124688,0.9456864836259139,0.1776697943168133,0.42738705180218617,0.20627005145087418,0.3211691352169612,0.5712448460477709,0.12399815910310064
0.35464252513748284,0.2802332729958219,0.3156569156497553,0.9264401073009181,0.8993057166475606,0.10177199918826885,0.08183172090024948,0.00874262282148619,0.33060866241718867,0.8823064012240479,0.8850353169097498
0.6653281094836953,0.2240251676879268,0.8351092117264696,0.5883080107060782,0.6690313885358511,0.3219391710003876,0.973981572586308,0.16425746476846115,0.37452273394432267,0.39966842949403814,0.9811689610793384
0.4470488884082573,0.7346418526767917,0.5382039082281362,0.9696529626059938,0.34876609771094325,0.6701741728222957,0.12467522812431275,0.35658812467069323,0.8199583119915086,0.4126830260147448,0.9807556465265228
0.8542738166365126,0.22161077830369103,0.43497229650556457,0.4379096505370401,0.9794288270556051,0.7039633871403514,0.5233982261166186,0.46777016608151045,0.07965485955167328,0.6496977205600701,1.0745483593764458
0.1749044026716009,0.8871530009085077,0.5776806849967852,0.45858159925246567,0.8709142409857303,0.8519738311742029,0.37792732078722036,0.3063082728007154,0.18152397023437405,0.683858572758989,1.0400323877181143
0.20005033090211477,0.27304059731059704,0.8067989689756312,0.8826640518629559,0.9114885855066832,0.7097272467213778,0.27465332236822404,0.7623129504730201,0.7093891229635297,0.1261156025125325,0.955155088777035
0.17905168300710317,0.3299389051976095,0.7060832281481522,0.817101587646526,0.7914203141106947,0.6690704757873582,0.8497407839266563,0.7626099227460565,0.5393145804154096,0.4323526594206071,0.8457405016673535
0.15889717959643546,0.18058359475964614,0.8109513758213188,0.5618329446551638,0.11022242835297924,0.5373392928985686,0.6922075561190003,0.8237333653047895,0.2689930231816554,0.6682514748922287,0.7142183375828495
0.11165349660017221,0.6375618329469235,0.9873490919177166,0.7457526082391116,0.06673430532311841,0.3415459168541981,0.29658323561136346,0.06472585769715689,0.29069129138882865,0.8842775661257766,0.9961577468681336
0.9269450483849405,0.59091474196185,0.9574670362629117,0.25704417905188015,0.260209507398827,0.5227059498088358,0.6664508160019649,0.6995362906954453,0.010680859829381384,0.2069606989865974,0.9094249100377139
0.7070490225592085,0.6197808725927962,0.29419282687624504,0.6931565460843649,0.4342618874899,0.04460516664835368,0.6263302416677344,0.9744042907164354,0.8895123420059392,0.6372262927528679,0.9059630001357157
0.9953754986793608,0.5468715252063054,0.37986699398519574,0.24293154668481143,0.8781803828384354,0.20275299534949454,0.7306918875938387,0.4817558617404506,0.487407402348348,0.2774316541409,0.9095260714946486
0.7986239154556123,0.07066733887753629,0.7022093955979305,0.8484683940672372,0.12558294153427085,0.04035841349435598,0.6532019579933843,0.7316730611349456,0.8474311799557886,0.576197847009243,1.1321512138934364
0.37862667797981664,0.9519331654212733,0.7506805908904038,0.732012283737844,0.16088959331808805,0.26894331506587343,0.6447779157768928,0.7593216645729697,0.8123892147527956,0.16929013595655984,1.0244374446415194
0.7341597057701971,0.5018970283941673,0.8040291856169697,0.03224134077561214,0.06383517664992255,0.4050946370969206,0.8545703028834156,0.3803356267893444,0.039878921186204175,0.35074662450557625,0.9426990923428704
0.5705831434293478,0.46350698080767216,0.49843222677505905,0.9510329291361305,0.38541852798597664,0.5144091894443843,0.055554531617872716,0.3465536844558198,0.20707758662065678,0.2801642843541218,0.8042648297994118
0.9713033712492734,0.7208606395340641,0.22754711249790294,0.6667600256234979,0.37666808336047897,0.9108601795069375,0.16564647132164745,0.38293128988258796,0.3950115597643963,0.49430242005293734,1.0338031774189396
0.9333128846878993,0.4999894267751184,0.8771719759155241,0.8068712297316906,0.07579318902135035,0.44951386969747065,0.4461917940058845,0.6910352188419472,0.9291912639462091,0.04487319218042174,0.9708548434406054
0.5217781270293891,0.09445657251238959,0.22236927081303015,0.21398517455645283,0.14171164207829157,0.10762427924661655,0.2955594425894037,0.1305895875834866,0.5374085734735646,0.563814482244943,0.17563947414488315
0.02741102892342262,0.37731115917777336,0.22273861405686846,0.07344341336378812,0.5233843651129204,0.5811735028092352,0.19946258473394807,0.9932158287482565,0.8745831536164751,0.901468948679043,0.1407673279941657
0.5799539278822478,0.9801442893615407,0.0938953572733694,0.043500634466808075,0.7657986250570188,0.8181150546056005,0.9470070880358666,0.3479147811211204,0.8708694197139376,0.06015807663457429,0.9978464565568771
0.6245035258736322,0.23212106901388319,0.7982672276259715,0.2641563406045465,0.4335949166574956,0.9934802204613196,0.4856834512533189,0.27958783077637195,0.2467042888954165,0.44574646477707813,1.2261354662704864
0.30575156545424886,0.3231059478142544,0.33527146656193474,0.31862174330484627,0.08142415283040727,0.5295657234529042,0.7449061845658201,0.10668413352617068,0.27356199651134494,0.29430508285224577,0.34930988237428845
0.19101111311544727,0.2520828886907648,0.14134123043600821,0.6631524530371358,0.9046348843774201,0.9084390710486223,0.45439731362924907,0.10241838069608133,0.768636026448929,0.531141531730158,1.0727125483310394
0.09741788603177948,0.14023390716260253,0.9584002481061864,0.363366393687408,0.427628426063982,0.6009881628357919,0.5375073003397046,0.7454663894361677,0.9555340272744726,0.6184525106129031,0.656394383442621
0.8594914486314403,0.8576716787257354,0.9782280725584883,0.8927517059771553,0.4494624813823125,0.9414563546261614,0.5314849305824189,0.4815424276187521,0.48900543838526234,0.21616010717087786,0.815541405047806
0.6633043514074304,0.6535955947356786,0.43561456969125767,0.11647280742152155,0.49694265820312244,0.8673276611489563,0.7700678191624108,0.5154455912137949,0.03659229071561776,0.32978982244874444,1.2317896485905797
0.70742021167107,0.08805015475125921,0.05750808211165748,0.5438041407342309,0.5741484354982105,0.08524565093014069,0.7720507417586906,0.3644191352595886,0.656825892471625,0.315869232090526,0.9272838916473626
0.15952986058390894,0.6706426273358974,0.24789954816759752,8.384944630479563e-5,0.45860745702679717,0.34885021544022654,0.31627715063244655,0.0006419072556718142,0.7092794624110363,0.9321450442408435,0.742751379149068
0.7384698007329247,0.7382011999801232,0.4651944784199571,0.28290440993125154,0.9861554850493023,0.9761249759322604,0.20574316325312947,0.33938224714573795,0.15959794243826553,0.6985206538115276,0.8901059851493244
0.4271267251761717,0.9541707105214703,0.4616552423980709,0.7850892705776886,0.9649558588772043,0.07241476288177084,0.8917157720495958,0.49102272187379625,0.47788018535212595,0.5703621345737654,0.9999077647232429
0.8704564065191915,0.13609626342609338,0.18008805030545816,0.46845898415080156,0.4505111482171821,0.9289097397699696,0.6483964820168926,0.5412264857914841,0.9429655604472039,0.9127062460562041,0.7796825110192592
0.2600198426307021,0.9777610723351995,0.22009824804308742,0.34219754927875734,0.44387220504846436,0.5402254936873832,0.08219975060949924,0.8083670022173804,0.33425730434763645,0.7753283590639674,1.184581473497053
0.6487087653604329,0.5904690354405173,0.6067650059122951,0.05293383048807532,0.9286883069928775,0.2840267785540158,0.9080834751415058,0.1661537359702132,0.8867087487533917,0.868772084844186,0.8487066731190284
0.26713534051120624,0.08616809746360965,0.7251078767116228,0.4089295522612847,0.0958067684710675,0.3205936826736322,0.9246373582502941,0.2632026869531743,0.34775708872476674,0.7219954482057884,0.9522718425675759
0.7326107935947588,0.15677900482627183,0.5894265593430734,0.9168912515054045,0.4671526924689905,0.36136317644705274,0.8837305077826428,0.9079106136864054,0.1644728981337361,0.613126315353805,0.9699351796947984
0.47031228753263066,0.7265708134622262,0.4867702394334048,0.8180619025831855,0.4427359229492718,0.06358990403110942,0.41271221500269806,0.6899855061707255,0.5832695624233039,0.42566603679148984,0.9809145943524545
0.7766079287449968,0.5405605322527962,0.6527130768741765,0.4327789892543087,0.11229011755419915,0.4572138218112616,0.5106787482977571,0.4565161483834138,0.9886063095357863,0.7779303547979972,0.9996424291015381
0.9972769805860888,0.44268789103816564,0.6993033314839411,0.2136751234684131,0.9876555381403566,0.9157341090900305,0.4704508380046737,0.8684842745484471,0.9443948794692159,0.2813978049791739,0.3291683196342599
0.7676293642037542,0.10270111236191082,0.031049348280103528,0.10772907088308925,0.28778150904473476,0.2915928483379998,0.23699811829441042,0.5955547801271747,0.2524985495647881,0.7246461972419868,0.345760125379737
0.9301218199129231,0.46290253611683274,0.7766407106233089,0.11296225550016026,0.4096947607476745,0.1306187317385079,0.08309294216278718,0.8639555730241535,0.28959154467052206,0.7485365214614501,1.078383037016064
0.5486243388191484,0.990023202094263,0.10073335441265985,0.09920383549204892,0.9062181798608353,0.41803841963790456,0.37624078827975804,0.5002860056267946,0.46000716716980183,0.8247649397565276,1.223032850124201
0.05987369329726033,0.6005828356572813,0.6355322929583596,0.11606089648706708,0.1428948325729934,0.44738668358834666,0.7176092733809387,0.8407401999755563,0.18658466163106768,0.2723438722034679,0.9900610484816516
0.5409805902528748,0.7847847956153602,0.8127363673839447,0.596444424441245,0.2500980800525143,0.4358950559123522,0.6297462286022533,0.01746076505071703,0.6543874106297654,0.9705609971633559,1.0003012568594525
0.049536414875041346,0.367192170819188,0.3416603663847878,0.9835214435766587,0.16916934122941896,0.9923000548956354,0.10089175329529498,0.5884915760441194,0.18131735312318875,0.6797183039635537,0.9855067215840231
0.7005859708648631,0.3278807212079533,0.18850920790266146,0.801884750511969,0.9551777143285373,0.8028787506428345,0.2906721256228003,0.11356972845445001,0.28250804170278243,0.9122709395920671,1.0363186785151939
0.2248050356857464,0.5598802586909907,0.6177777575888822,0.6138319980465573,0.41776896884963655,0.6814034042548577,0.7192031981671491,0.16179571823990346,0.6237300372347864,0.7157843074521404,1.0946513423131679
0.11407367751745512,0.8927798309563647,0.2091177739740634,0.67985026681593,0.12219933460137145,0.13345337830086312,0.39279676097777727,0.21785044972524858,0.29425546220124565,0.7431393084449617,0.6895706031223754
0.1868451257116417,0.6654763408724834,0.5204622442964061,0.030329854757335628,0.8633583133863868,0.15790625812321557,0.44161446636142676,0.479502985012335,0.880027574575139,0.6513837648423709,1.1850186639857934
0.9983074186313041,0.22810288923773137,0.9201014515389321,0.9762543688560745,0.7283341104042554,0.19990360678096664,0.32154485300377467,0.7516290325668389,0.1138979484193493,0.7898443844409768,0.43363010409276775
0.7823312866936395,0.14773651058011483,0.7662105336360056,0.21166834886745411,0.6452093901314839,0.040506670585522375,0.45007573189471606,0.8130324148184822,0.06890193552547785,0.010740248447045575,0.9954892954946973
0.6105238395834277,0.6894463863361983,0.4022502447484205,0.011557987428055694,0.09023019934511589,0.2653702518383184,0.22211078429789344,0.19361440295523913,0.5925722991829299,0.09744877741576985,0.46068244249248785
0.0919162011566882,0.6590173446266537,0.9254527120477275,0.6383779831838937,0.930586739072903,0.0014650042960396847,0.3351931798585882,0.7518880222496892,0.2552169295202301,0.8069910074208617,0.7269678318603894
0.6855658389009623,0.28518217089214315,0.7771038091086026,0.23359356437565826,0.8164261777166859,0.909160402378318,0.7884269266448416,0.5218599125331866,0.44077035656018504,0.017274902139083115,1.1353701347890695
0.08449157938345475,0.5719327683691552,0.7725917251158257,0.734934978444131,0.4884774997535424,0.16126060061311387,0.46355483925129026,0.30748666924066437,0.5010017938653807,0.26318309672142615,0.963507370841285
0.1292234970311411,0.13162093557830423,0.7625165526363556,0.8364293312484169,0.331051230964461,0.13897316119560743,0.9052635716151687,0.19385321121483245,0.973060272648198,0.09590394332082508,1.1240046793118998
0.31700445226427587,0.9959824850961614,0.956416482970519,0.5772097813257829,0.9324521248031578,0.11031792563903053,0.25851837643330333,0.8458683510581524,0.16983542247038286,0.5555120061463615,0.2627647133959484
0.15102828026455417,0.32357286938479557,0.262956349454215,0.5975918906588253,0.6235841823543644,0.9467079948010751,0.2602314239451181,0.8653029060288454,0.4141349832838275,0.08817524046762548,0.9844438747241766
0.20418879322741412,0.8880515050431972,0.9145701436805678,0.394625022565975,0.4963059761334623,0.4050049940450652,0.2551176488823511,0.5777432747288055,0.19662825654257654,0.7846750204560725,1.0340593733173065
0.10692752000481087,0.40391710215906507,0.1318160822994623,0.9181875449682859,0.48931390480226344,0.3222210333584372,0.5452428699951625,0.8756411868641939,0.8605282190611462,0.7703309548163875,0.723419112111925
0.8747517180969302,0.444224192014245,0.5083807604318124,0.966620993955465,0.23189785084089798,0.8854231440804904,0.04199217932665722,0.18482115465511617,0.8647936416592958,0.8036186218441626,0.9407258999890445
0.9517144328635911,0.03667467978005712,0.018774980657748852,0.6821219464208557,0.2542161758400493,0.4887797633376413,0.3466291687964794,0.7135908266949886,0.9533580398586574,0.15356224290866283,0.9568992945226065
0.8911442183009228,0.8066424275415512,0.485556487528053,0.3423965531677202,0.33431586085756215,0.6070865557229089,0.9524470525536389,0.9736370735032632,0.2838317567118692,0.6984492696987717,0.8126750063534952
0.4360576541518617,0.47223767066787214,0.853102948493227,0.9603810140078356,0.9743218699588643,0.24644549867671828,0.08905646968357828,0.6441056831834333,0.22318259802743134,0.7435673774979745,0.31142437935674716
0.2751668904185087,0.5095787627205216,0.3096185537591536,0.16965702916640968,0.6866671254781263,0.21463805933768454,0.4343620661927803,0.39396881286665075,0.7160174819003621,0.8322970261672985,0.9753906674427166
0.6633655174559242,0.11726005008239693,0.15859030445458722,0.3094893208622759,0.2572998167685302,0.8522254519578916,0.36423725427493847,0.31720549300549594,0.7022173151473261,0.1840748696794623,0.9500404456246911
0.7745569567606865,0.8736745374075707,0.776451476990436,0.4933964032503225,0.06825977248637394,0.6289756924740498,0.6901787297580941,0.31771910084869126,0.9003551133114495,0.6108614032704116,0.7392688506077802
0.7191820576536578,0.3392886170552183,0.1747901434844643,0.06592391585533386,0.14828368697729088,0.5522205455597405,0.4784708480996158,0.8412899080720933,0.28375169756272567,0.8957450473387384,0.4039690320864764
0.450783964232787,0.562303837579112,0.004573269184046103,0.5930149667663616,0.3187713122511372,0.9298481132077374,0.1614695269969092,0.10124342736536318,0.8128307279353414,0.4617750430359179,0.9914129492206344
0.9204131151075099,0.24660046106602895,0.7386593351384451,0.9703212603398742,0.0904882640784529,0.07473112409579674,0.9037679594943644,0.024564483332096376,0.8877701769841663,0.10365586620016565,0.8560951586310844
0.992296742446831,0.16220384006469946,0.7755753073153538,0.2845477741273925,0.23542112849864538,0.020314413779817575,0.8556506075933453,0.6072361159710421,0.1490228524751167,0.8911265121107724,1.2469629268110656
0.033097691321993694,0.64696809949672,0.2150902092022341,0.20441369102698426,0.80821288341296,0.8131343543752511,0.635158139226727,0.596208796698807,0.3576276402006213,0.9055706823985136,0.5705500596350177
0.7433551161917118,0.1813789881562018,0.8365060749504052,0.9752302856232404,0.1493420496402622,0.7589391246349121,0.9969851290152065,0.2093096761666272,0.4168479818446176,0.0634932700060985,1.107043408306207
0.4361583249592317,0.6886394550921001,0.7769711638941375,0.38383182859374854,0.43713097002686574,0.36571756852802073,0.7931303122594993,0.5832258905925918,0.9890485878781559,0.24004355452478443,1.0058753458842764
0.45175115851095704,0.019377229072162994,0.22798158444390415,0.18327305953292072,0.9215548087005546,0.1319581532877938,0.4149256842754695,0.79691425415235,0.5992094547005752,0.9839654921307827,0.7332245696775036
0.7572984416322747,0.7251398721658443,0.36109131223304847,0.33639474581027906,0.2851909955956996,0.7362680079869506,0.6442833136040955,0.8593063467395776,0.1534207755928505,0.1879190652754409,1.2422143744486867
0.7460963835491713,0.8353225589200212,0.9498629807098546,0.00013741315065562976,0.04932459611743667,0.13260484279925144,0.23825617369042384,0.6314477995699426,0.36936139609360363,0.49834740270004063,0.9896228854579475
0.42385324168205796,0.4391740902220489,0.3539644439868498,0.8007637015187681,0.30423557484980335,0.7245283085659517,0.5669654802498616,0.525795139044827,0.4277299960484827,0.25616352991504054,1.21870971006593
0.6109500483179774,0.6720481815593772,0.06391834988518219,0.49838189655592335,0.5004520693339112,0.3093044942291956,0.9930086649139986,0.5650800258041644,0.5630182793449433,0.36897068577068903,1.1415711308757728
0.9744773384562987,0.9228752816469168,0.6752495650344056,0.6302087056953032,0.31644437543796455,0.7793437158692152,0.08157719042377798,0.6913223706276287,0.4310813308413576,0.9287965212402681,0.4752869524543132
0.6544061406300381,0.33340729869302665,0.3308392571705331,0.9553617735657978,0.5385807958850152,0.11537598496944823,0.015846122000790053,0.5120723607975372,0.5004830378563059,0.23279218285953618,0.8552638334890298
0.950444946992318,0.6846828097924097,0.8965359299861272,0.4594055557266211,0.7939733583073826,0.2875329567749496,0.2770141589385108,0.021915983679544282,0.9250784419618312,0.99380813875225,0.9997710735896653
0.835689613146312,0.8544097191459943,0.6553648739391879,0.2424886339764768,0.06528492408602804,0.46802216285705767,0.7504877606074625,0.40109866752882584,0.2122836778836128,0.6374624675860315,1.2258160624714622
0.8432666826780191,0.33111919997172,0.44338373724289537,0.15010331205532879,0.6395015995414146,0.1753628282593488,0.34182919388527544,0.7483819122565966,0.15141827955518272,0.6886507522776409,1.0962179117104955
0.011284760364885793,0.18089273336799228,0.8633302258540234,0.45591492188595273,0.279226415607993,0.9455868854477587,0.35411679915039973,0.7262208553296344,0.5115640296003474,0.5391347344154901,0.6405711974934511
0.06974233929655327,0.3650382992526572,0.899482241457406,0.18744423113307884,0.8655023209702202,0.7196667406976824,0.667569620803596,0.64040141821493,0.8118590931495985,0.2555054744317268,0.9798510197589643
0.2821335459665857,0.19022964583006208,0.5440688707680003,0.11818503494056454,0.912205862052979,0.858533564287435,0.9069581870557206,0.133712250221949,0.4093416580406497,0.02464868750490623,1.037266312365525
0.7255569445150489,0.8555272047929734,0.23056691748626734,0.9142809125298321,0.9520539535492777,0.8994095548758343,0.34559651318982676,0.9294033888008277,0.25633307427034857,0.9439814574346678,0.2233331267937348
0.008632535040907774,0.4432479757909612,0.24281114622805655,0.4356739236054574,0.9311600828887666,0.37082409886562306,0.7773622236587988,0.0003143059090023881,0.3331914177195816,0.6870024638021158,0.9816947090767919
0.07681003510869078,0.7816830164856565,0.7653981936938108,0.3511371690869972,0.7088351065714684,0.44200999461362167,0.4993262500621303,0.017724415460651177,0.882820272217762,0.1427482461611479,0.9837467813588148
0.8758731963174723,0.22799151467039003,0.8544243224358894,0.5778449384602564,0.6495359692791668,0.2550573518126361,0.45440557023102657,0.30448656829828746,0.5273762733608209,0.6091953834226973,0.7782718158343838
0.07846455632595162,0.47806123421682545,0.42963489398021704,0.4008708337812369,0.7302802058277184,0.6941121428079358,0.07529928881400627,0.3799944898336778,0.4747827384850163,0.4194329096871373,0.9411603790306842
0.2916398727472347,0.7637159326759294,0.5189291762479327,0.936940143601777,0.2693016388331049,0.3809768069292654,0.900598471789161,0.815972298465777,0.753500191194441,0.8914810811757692,0.8816920579303875
0.2286056472900846,0.2472366912756453,0.6181303844170956,0.733308300855105,0.2524794292700293,0.24727863547994766,0.8662416394444852,0.11750849544102027,0.46916010453092494,0.06404528206026971,0.7538498695251352
0.6748426746665718,0.2811721158115562,0.7629042094300122,0.7042111891494188,0.4831606840694139,0.11260901369440757,0.37822454817468176,0.5254615808673256,0.05690903030718997,0.38673377172666756,0.7678847380682083
0.7079434820294377,0.4301882442433069,0.33423687193322327,0.2250119705401915,0.21473560543027193,0.2959823674223119,0.6006048017592112,0.9655572238421941,0.28244136743516823,0.019912645608711976,0.8664148717559755
0.8479720187421227,0.4089280644438259,0.6284235757102041,0.9449296805650177,0.7722801097372047,0.9269724634612834,0.6488187361655829,0.9807819419933843,0.9098670400733964,0.5323362218604116,0.14299751727846155
0.5013991853011025,0.6553865136755399,0.08912640407315042,0.021872222113205053,0.19588498169459245,0.7045090891516609,0.1168833562913677,0.15397076913090335,0.06339882258145291,0.004781623959936088,0.17935824780123152
0.5603218549434635,0.5072381836721631,0.9536927858726634,0.8694461517904901,0.5606132115591848,0.029109786749001776,0.7902391894654058,0.05790432166796222,0.30877643094539964,0.6299326342149463,0.4167876820142473
0.20996137179217056,0.10686059468596043,0.9718669529493347,0.6327171134740215,0.10767184870883584,0.7396688215792313,0.10387137633202059,0.8544435133190583,0.9736169929927011,0.11758364427495982,0.97904993473962
0.9000235216465338,0.7401676291427415,0.4951013522331189,0.9651474752421202,0.8228338227636672,0.5953380088367772,0.13093432646099812,0.2841370471959025,0.5414535970091743,0.36444774413685166,0.18825127565999805
0.6649603442200296,0.09549586267151511,0.03928885020365558,0.8436461116996306,0.5483736714651086,0.9674464832650888,0.6893050111459588,0.45663852334630695,0.4152176942479595,0.04881665311830907,1.152969507260652
0.18095008497954523,0.5537426940895668,0.42052502556903837,0.3510605534307427,0.33119023160851413,0.6394257814628339,0.9926690864887058,0.9490448066509732,0.8563166329479099,0.4126581527246327,0.4954362499742651
0.36707375678000875,0.7306822228469716,0.748378059813657,0.6115083546253072,0.11401834066338812,0.8970477794875633,0.6573439939514513,0.7779260331486602,0.9177276937098757,0.967620766561975,0.991817245056542
0.5067816816926642,0.6429163771380383,0.5588171023546662,0.8101382386669926,0.37853732125563,0.0080168449251381,0.2984124298399291,0.07329883511460145,0.2747177517713655,0.35029034946298454,0.7769208885820509
0.3232426576857361,0.5756196581537515,0.702626730341714,0.7852841491908717,0.8156585397161705,0.6880575270775778,0.32310501651009205,0.4492377319562094,0.6213235127941973,0.537273012095259,0.8928989091911649
0.5853171047420005,0.1948049462966136,0.5627445898775734,0.9761811814009191,0.7756394163259002,0.08662728585645996,0.6088158840834164,0.9490585402537596,0.38300649818726595,0.10408030617749486,0.8450492272562142
0.2262867957070568,0.15849808424352996,0.3630382266609159,0.34837513882051174,0.26660862649801,0.05846065274464651,0.9023858596511772,0.8461945899731051,0.32024272344547944,0.3014217218587758,0.9601524630427042
0.5857367160457934,0.5389358701611906,0.8894119124389024,0.026943810580690286,0.8847196784257344,0.04572188928078402,0.857186344897917,0.8776042519670758,0.938503552411595,0.4755154914392681,0.7482499804447416
0.29618609452705236,0.49710941178240187,0.2239691565169306,0.9744569067496844,0.6538825429878281,0.42515988205098476,0.8019470176138813,0.2969486765000292,0.17049376206953315,0.5452638563886338,1.1641897672258195
0.00567151737251792,0.370123677815135,0.6676025123478287,0.7219713617419934,0.5611145741907101,0.1305631666554713,0.6477779569335076,0.6393258412735753,0.01100310902449364,0.5546782390228971,0.985618454656999
0.9325195609115877,0.33087947859392597,0.5881980532030714,0.961959924737897,0.7746317797824959,0.22189309367644128,0.4188324755828857,0.16745491914290234,0.741036267448264,0.7063642681593987,0.6200686466973742
0.6922315827699329,0.646400605184127,0.9640057831834725,0.4847631994534467,0.26513412206879416,0.7652118693410253,0.47907319449304175,0.981588389147016,0.3821988297804788,0.5068324113628264,0.7235548855126896
0.9074322869044998,0.7141043560595902,0.7436550542130461,0.08745300081077956,0.8176177297922055,0.18538650885434338,0.5057302803512557,0.09388846227144576,0.30050419060416667,0.17843730094449373,0.3870169717589854
0.4477126017119758,0.0035173933147299996,0.46429942513755673,0.5111121400589069,0.8509207894836326,0.4591574391226503,0.7789316831291111,0.6183542654865607,0.8801453321363187,0.10010067628873576,1.0973223062444195
0.7360893513165233,0.45316756283450876,0.9301296997361267,0.31624975616777484,0.48297446087230556,0.27151772718910916,0.5102527323135273,0.09341296019911716,0.7369628968499365,0.9728998799334536,1.0802248832257142
0.604726427789939,0.4102922968756846,0.5842538321872012,0.9272459563550789,0.5935045680220903,0.5278244654342584,0.3601403745097642,0.8338798647359904,0.873553481821517,0.8073900026744705,0.540594513547147
0.5317732125466786,0.3518368830931744,0.41138711633944613,0.46997330826662753,0.5044818293497012,0.6830682469870366,0.9250487878032467,0.17389433361438011,0.5386025827532119,0.5852173672526483,1.0500759856390884
0.3973758821271455,0.6292076668114268,0.11715591356434563,0.23612668043084306,0.7297960209889169,0.39035487219852516,0.16984737561668817,0.6157456331515772,0.5221871720790613,0.460880274085106,1.0082702234985859
0.829911438222658,0.6766420079069034,0.06502776794416365,0.9323020506182754,0.7210764632180697,0.9101992214757366,0.7102639407957394,0.5473770268984285,0.8726907455506226,0.5274317294619425,0.43131932439035137
0.4996531199028996,0.5074498743048046,0.5659818329638309,0.9782322560345607,0.5660086622457563,0.32154717330056604,0.7069746784651292,0.30673086794839344,0.5206020240673288,0.3579414187409995,0.8630700518153398
0.27088199487569475,0.6388582532603219,0.8620701403013182,0.14142060925882705,0.5095624411382662,0.6796419148316656,0.6022236352625576,0.9410496570997958,0.35769450286903637,0.9213090362240093,0.9905079714812962
0.3270709943514012,0.07007955109921038,0.9505543734791387,0.4174381312969865,0.7191887662769485,0.24685190140578672,0.39543097898821256,0.9283815504365636,0.9561229275002651,0.42990220432077986,1.057698025355426
0.5141803071384791,0.5750592280331052,0.2542525209259149,0.1921098751825786,0.4704313735821719,0.8975827002956799,0.9861646405581908,0.7603852555740461,0.7730559671423934,0.47355184866267575,0.6767827534888774
0.20826606358487998,0.6439210780417024,0.972621491950887,0.2890721238218277,0.781936013010487,0.6133784321005596,0.04529269300745353,0.7200886666449051,0.3813312246511965,0.035437914031539175,0.7782764644366746
0.9978150757521101,0.8743581828633812,0.12870491436402476,0.4906589770633645,0.5766864233755544,0.12010993642900014,0.556273337692169,0.9384634060160706,0.6448446577554373,0.8250889367640609,0.7343766404127245
0.264359905614601,0.2749167750980094,0.8729002923273224,0.4778553951362553,0.4245574531664785,0.7367324384562667,0.8778237571824814,0.15530829548289937,0.7278994715025768,0.5802863385092596,0.9464822186247307
0.6984985966327037,0.3144914920618993,0.5097838748610412,0.4758318786240582,0.03599731492316205,0.09796953366095007,0.695341736756028,0.9694447004499057,0.07199255439903329,0.9075403789634223,1.002909267449749
0.9347048136869723,0.30568545750639464,0.47107668444530926,0.47710137121886376,0.8834820629796819,0.7914321799586085,0.04535094853484456,0.6183146948550039,0.7156289280413702,0.22307072737429035,0.9534455624556046
0.41632805130603723,0.47151071453220994,0.9367476990600526,0.5738633976063673,0.4267665499914055,0.29862548740385175,0.372158907204976,0.024134309209400184,0.7788662138578146,0.2111987619409168,0.8443187887342247
0.8001946315440762,0.9262643791130598,0.30115899517021116,0.49140917416323426,0.3440129813674593,0.912042246786616,0.5384673677670718,0.8941899220345839,0.5503138833274969,0.7305243632020579,0.8098736314726158
0.24108206881544136,0.5370480248797478,0.06110278527100166,0.2515959248380233,0.1993033663347762,0.37502434544641927,0.8081790628452653,0.9245392733768367,0.6885305471421725,0.9116814152598467,0.12060866852238208
0.2978975745975032,0.8670274587712239,0.25425803470602026,0.37969948492020056,0.28650648631820286,0.4801947863537708,0.3846485466218055,0.9104738202800974,0.22753583088486384,0.8433137903290864,0.9898088886456923
0.8475739806881802,0.04185051339769941,0.3182946140592895,0.21122536260467129,0.34424923849305034,0.9297431192533313,0.06290578195348595,0.25607312071509536,0.15861990027732398,0.3466652222827109,0.5187321959158044
0.8588692327679842,0.8677699496506095,0.33022316352424197,0.21648832565707665,0.6784760414460553,0.09940644733773507,0.6323300589641367,0.418292494065007,0.3327506231116095,0.15060285041554222,0.7213464053742306
0.41756523752166097,0.9485589316966478,0.28411973816071734,0.34369768669218037,0.23204270736776134,0.23692332135959404,0.06527912099012245,0.007632625651357805,0.5440300610897993,0.3036445807121375,0.8868003869529196
0.5242410927495528,0.8565247319921037,0.9442526577437316,0.44964803806333353,0.18391589236817318,0.990355229351969,0.7119870755499058,0.8456947668114199,0.7268429406677706,0.23670358879572317,0.7142826496655192
0.7419145303874423,0.7051297204162589,0.5466700694847942,0.8580062691142871,0.4912140386152869,0.9078412717406179,0.7122623466780698,0.7912420456459299,0.4027618232099751,0.2232880148015678,0.5619611166729361
0.5374256708636181,0.09681322976737095,0.7174226142076083,0.3204190280770888,0.7636348718351962,0.6406226139775294,0.737810809855875,0.7256755418497902,0.4781865210371029,0.0560832567268571,1.2269342811302104
0.8559860881807845,0.3970559316968615,0.6692623633860817,0.31293571606385273,0.8742424477253999,0.3304396404912804,0.9547633365879283,0.21515915726434454,0.8436696275048615,0.4602526125423865,0.8623424501850712
0.4136016595652895,0.5379368905626462,0.6958480310921586,0.6818577886180504,0.40217851455942244,0.3563905672092036,0.641932548485037,0.1077663215847644,0.6291658590435236,0.7556197998188721,1.1974947894213408
0.9060682247875615,0.8822351422763387,0.24096572404460237,0.5511111066057879,0.04682050143917316,0.348730765024699,0.6473172155094724,0.19024246038029657,0.2503334485083256,0.6161219786176221,1.051450385110028
0.5755890025154081,0.8933029464183221,0.03306388583449693,0.9510994730873147,0.07084833679983438,0.4895851103090637,0.15022728447296085,0.712348366994775,0.6694666385898862,0.7637407829789268,1.1706257605119559
0.03384016430856662,0.9377642701920131,0.5967098845782967,0.7305378834000866,0.21504197822048954,0.5390382465667685,0.15925237216856047,0.9430710853731076,0.2285008001750063,0.9310170705735381,1.1624923732997274
0.7470233610379342,0.37635048800799686,0.18127496615811567,0.7799431573058174,0.41190371714583307,0.14685414177707468,0.22933209980992508,0.22027768791647495,0.8341503444698333,0.6969262082417131,1.1186838420387448
0.19070271539639672,0.9068857305127996,0.9127528082315784,0.9350220729739422,0.0739849243468893,0.036983172884266,0.6144274968049674,0.21625868408790216,0.6022954584792907,0.30159102647347436,0.6589291572789936
0.4050754466854949,0.620848336971515,0.33703287090116907,0.806807537265636,0.007920681969124321,0.1517664858648542,0.32842832902307384,0.9200145559442977,0.001008247038213561,0.28933681696792246,0.8468605270155877
0.3871464106424076,0.36360605002568014,0.17629982782541254,0.898301672364731,0.4467700671201361,0.9842498825587189,0.9162867338409237,0.625525068231479,0.3258636369959501,0.486671938039809,0.9202739018930852
0.11580199236482092,0.563221843189722,0.9505632905395438,0.07417444577935428,0.7994641588892031,0.8239559765628501,0.03477754799957422,0.1214232497721901,0.3327582744140387,0.7000237764716882,1.0339147818260188
0.912612663827073,0.5894852708129349,0.935949984326339,0.8253178727063284,0.788538419761227,0.3755877909925063,0.08678858703636272,0.4505065169409044,0.21072255619459257,0.9620522602001043,0.25323528119319977
0.5956124126744602,0.9597161988488231,0.742175916094882,0.145337106597481,0.6099624242257966,0.62756157519581,0.2376733855860056,0.6853490785915719,0.41935415354565664,0.94801774823288,0.8512239319011581
0.7991764091044188,0.9758931168205998,0.7489331034308451,0.7547332406703808,0.4270524419343068,0.9946025438393894,0.6501684366970806,0.7589026618338706,0.09090642316081099,0.15003696052559246,0.8459350682457912
0.0937899678702735,0.7834592988603845,0.06048784606516766,0.4622515676494101,0.2378070229594148,0.7069102034291979,0.8572313251745329,0.08498276726796383,0.07824448020766339,0.7769666542091318,0.999849643658357
0.6966511251031988,0.2992153120208504,0.1455816458199115,0.5671380011587588,0.8828866094802651,0.5473674079742986,0.6818056068843058,0.15846315592725935,0.23639056656290103,0.9100991260110846,1.240504421878533
0.025127483556807384,0.16934191667457865,0.5837550253838427,0.9057346061919078,0.8736643798695022,0.6436343404854339,0.40284720266908114,0.4742441396865007,0.9503665647403274,0.32973746543539295,1.1596153696759526
0.25317808150971144,0.6856529951852114,0.9808787722259814,0.10268803359750467,0.7250958125111999,0.4149225017303384,0.42218173916739254,0.9585589912962329,0.6334921936002378,0.9502767817719996,0.9066443646030181
0.4547094660706812,0.5129123735689032,0.891193685597978,0.5932107160587031,0.038862921191652355,0.1623080879724551,0.9676882263444007,0.6770853201180406,0.8515254983719781,0.5626637900160043,0.999867197042819
0.518036522489007,0.528900272109077,0.041313243079460604,0.4716760099940259,0.7310278560183671,0.9132003193000493,0.8724379687901178,0.06168754360924056,0.851817359236696,0.16367020076751626,1.0864076172402872
0.3914910970515897,0.2536741685370334,0.5901623100822637,0.938008672128933,0.9523454576444963,0.3188595850282169,0.48880378179876083,0.8858964279214566,0.8012761300961322,0.6284699863971089,0.6697527040932288
0.5980713451661069,0.8690266470743331,0.9764052637494738,0.805277186927075,0.12555710940610088,0.45744112935656045,0.4239592337299557,0.6867502979124749,0.31662316873025365,0.3888402666771579,0.6636471848974457
0.08547724251483912,0.9426859156850946,0.576837568271242,0.05128105181493181,0.9403282453710856,0.6339994842561011,0.405992941694279,0.3480636054655095,0.3853051255525478,0.6432393524827821,1.2338167010333327
0.46492363402450354,0.24053104143939208,0.650707827242137,0.04977022495139105,0.7204123146578439,0.36414879334388905,0.9123252637669655,0.8796231924214489,0.11715119571924404,0.6709128114642036,0.954684606347123
0.8242367122782157,0.005838411188451964,0.7340496832322343,0.7403553684755031,0.7955026073035363,0.23549733022407582,0.30792560409514447,0.7760137343834465,0.7920837521188826,0.23063444133789746,0.9187217381424793
0.9244574112560393,0.7794355758127028,0.29886451169987716,0.00041442637052957476,0.70817418741427,0.0039823713255177084,0.12325058706118963,0.9924747645550966,0.191991548240117,0.32278499680301265,0.9310265476933873
0.15930818015993176,0.7886627885180683,0.1590017923440672,0.6744571405876447,0.9496559857819373,0.4862385223669957,0.3451738490199129,0.1164993018775099,0.30553202163036486,0.20782559684980828,0.9181072181947916
0.09785300893759508,0.7387264168228075,0.7869793151172609,0.5685861181852963,0.7506849095789616,0.8171464228458353,0.4588105779521531,0.15651715627654983,0.090845177663192,0.4786695831236236,0.8762121454199505
0.7460318449165384,0.07185407575204328,0.686086833842045,0.8512388189756174,0.2846427719701984,0.19509750352807398,0.4791047600137903,0.44289045838641206,0.6420559785102635,0.3668612879998562,1.1003203206025978
0.03452679212406462,0.10345695850805814,0.12806063135991996,0.2669717295111821,0.4322483948735071,0.22571298196159728,0.4068647265027817,0.20825515875123668,0.2870129236378912,0.9591739989212389,0.25552852485509214
0.2797578867202123,0.4184709791156729,0.13359684700161845,0.8514499715431154,0.03123343881477514,0.7849227069172802,0.9292878185246146,0.5403967364525526,0.4529517820107567,0.40548108878987477,0.5648993269190431
0.8780428986588483,0.9565045667251217,0.7562711782101339,0.8711850498502713,0.9969387831878211,0.07056341923143117,0.9937012717560441,0.9283538156099113,0.21332828592862108,0.08607680394379968,0.7074888032374053
0.4158891151003593,0.07463624040615557,0.6924016175187109,0.8036680667310462,0.3215595564796053,0.22952140177163527,0.755675697932056,0.7401411739154871,0.42111792670233694,0.5814128089969541,1.164346977857281
0.8799031130824049,0.37652986178884185,0.18903302740643224,0.4877347523467046,0.9894766074723336,0.8831767105777136,0.10340466252953018,0.09479891687344233,0.12008274155167453,0.6304147019712973,0.7581369316654636
0.6670287155696994,0.9756618452830677,0.32318153735378274,0.13214971717564183,0.6295959569852684,0.9141648388471983,0.8302929504732699,0.33547961954489625,0.34200757635187395,0.4336215779651724,1.0838869483551976
0.061938708013089205,0.5552890628370276,0.9950988549089792,0.4570684401822148,0.41102901719732654,0.22317395065031842,0.06319825720922334,0.05758440119646313,0.6629706522445673,0.8523020369234823,0.999387041502321
0.08522934801974769,0.8009930804222132,0.602651449084339,0.9970135339488696,0.6426546593866637,0.9300160946841832,0.6150259464007914,0.7163514823783175,0.21410336617596526,0.6256871313204476,0.682463428341583
0.6692423756437497,0.9375492288829955,0.694932380271028,0.23040852676314527,0.18538239013879265,0.1246670886665483,0.296325614876773,0.6142576243936767,0.2256029230137464,0.4824472409331828,0.9270939483104429
0.5160377011942027,0.2328548159663444,0.15843758167931454,0.5432129407627587,0.7038866667069203,0.44939695770953425,0.18944245006136506,0.25834899256369936,0.18948376705269843,0.6940422895310616,0.8260746579567516
0.6353373451168093,0.827583844049664,0.6539411024414656,0.48226647301252956,0.6109567437615655,0.4657355256388581,0.8563816914989496,0.475900475220559,0.16681677811822326,0.43827694690321006,0.9276514777216897
0.3140303762670713,0.8057985249958681,0.4768065220129645,0.24494525580259352,0.01589449946644539,0.7094095720920823,0.3221840739591141,0.29753138873476015,0.01751081262501042,0.08204367744750085,0.5165717760319617
0.28186367991301375,0.4914960649269854,0.07667526213469711,0.9739654315707216,0.6616566748631907,0.8471776168246238,0.19782729500901897,0.7541196496840327,0.6072402504352221,0.8407249395154665,0.9996709047304942
0.4959735326433127,0.03115052060199197,0.2724678506935929,0.8173519083446326,0.16963288289386058,0.8142148842250219,0.6236787769478415,0.6508021553860711,0.7951532181871606,0.321456798987773,0.5587798266465185
0.3514356511024247,0.5205087108609693,0.08025940603845094,0.2565248299012486,0.2918643341280762,0.7859347643630827,0.6321883667343863,0.8698434567451896,0.9977619292675324,0.45320438240412164,0.20227984278008904
0.01809101368984234,0.107906204631257,0.9600515127196968,0.735360525223547,0.32921802599756633,0.7255648343836351,0.6420414262932885,0.34552426579798234,0.17109366987172714,0.9748173247843678,1.0226178545614988
0.6302607261629496,0.7593208832894613,0.6018617919524212,0.7806252463722366,0.7757836399498497,0.36371234594105784,0.16559624655429295,0.7934918725409742,0.07182390235837843,0.6132841521399768,0.4278531702944245
0.7280469609312872,0.29278968171218045,0.24127513766806996,0.8139075396003919,0.4226082053149739,0.34349374945775557,0.7317728694099308,0.5549490449176702,0.4398251215676342,0.4429437883693548,1.2498295287834773
0.39647717387608883,0.6432898857628683,0.8232678296025846,0.03163833992669374,0.6971493284617372,0.22612037195372703,0.25182408922198085,0.8744724410320462,0.9827674174845845,0.658639172385242,1.0215377934459209
0.844208896087252,0.17139179531881643,0.7972610105009916,0.6087392319684246,0.012138374679771968,0.587775934694586,0.9604079120773882,0.9599939319973878,0.09009750141900585,0.8571571597154022,0.9929998492306247
0.9208789276634182,0.12087701787544292,0.8299648731374208,0.0739225197839366,0.2047727121559474,0.02571962362848179,0.7290976485970061,0.3011939565118815,0.9657284877446771,0.08477114122827933,1.0015105768744605
0.8195529261695149,0.4845674473439089,0.10658427211643495,0.5008993226108437,0.6703626644432961,0.3943312674757994,0.18084844181518012,0.6083193155916693,0.24260792390370123,0.9829499923494671,1.2351003430973353
0.910018333033177,0.2111853548843161,0.3568145050941147,0.4901874554550044,0.7963950038119212,0.7167151609933698,0.5640123716933428,0.06437747237194213,0.38755695762707454,0.5392597768717606,1.1337344341828732
0.6173878534504905,0.9667298780037389,0.9135009810145421,0.6575608716601788,0.2287828454299483,0.7199276899602344,0.6168633240010635,0.6381716679572482,0.09845074755219674,0.5628048177753452,0.8620488951094178
0.885452865828938,0.38648684304870695,0.29950373852520107,0.951889147494918,0.7237385496964096,0.6496186049775844,0.7257164641772188,0.16414611173175575,0.8341761478292732,0.10918660586606399,0.9976481253561108
0.1204008868172961,0.24666594758042326,0.3081418511549934,0.6196618830187626,0.9849165978053358,0.05251963066048204,0.5849416393745843,0.08365083183140998,0.10550543400428913,0.024914774751790714,0.9253438254474761
0.2893885791574853,0.712884631616004,0.06746901140954276,0.3178210478645882,0.387645604127006,0.2944792506866176,0.3586037941321869,0.661539913788904,0.6224226262804982,0.7166784941240123,0.8277461615744981
0.6364847626599779,0.5000028387848343,0.550039147420321,0.062066721769625466,0.9336600952237329,0.9875527217102493,0.7024676701457685,0.5423556964713927,0.7166098196525205,0.8564944142477451,0.9482413887761343
0.19324103086033906,0.5054458263041036,0.9784430385386481,0.15745760929368346,0.6960949935063565,0.3084550427958491,0.9790401808214567,0.1329300821890802,0.24533138724136527,0.8561498021041652,1.248579497498712
0.08431143921426398,0.7650690309219774,0.6506786311966263,0.49546232805639956,0.5930425285611568,0.9465343220445924,0.86386766349047,0.8634567558426813,0.8822866137437471,0.6113639032388323,0.9875286999027274
0.4585753918555785,0.1380117566779342,0.45088822087181313,0.6221819402483447,0.3505076856708116,0.6216144792321749,0.12414513414794082,0.8666893158377976,0.3806593860406271,0.790799486830334,0.9747905358162514
0.00632881464827173,0.15357548264511522,0.8075572193219615,0.20509141090339122,0.9321071759996356,0.9483493498602266,0.6028724556355448,0.6173827934575724,0.6209261303352489,0.7898334315961171,0.7787464137712998
0.6555114518156956,0.6743886866776573,0.46308845029207846,0.5754272078073481,0.8730333108846486,0.6350322766438111,0.7512995322798932,0.690072294207069,0.31449052224018537,0.5548402056489579,0.6868787436765786
0.027682680888143962,0.38166064016015844,0.865023158048492,0.14400042108834266,0.23677454071903725,0.9684002460394456,0.967017313951041,0.3211055507331497,0.19044271458540107,0.030865192324216917,0.9960760088195896
0.8312043908813939,0.1222770403490756,0.937078793706583,0.6031189467091659,0.9343034614005614,0.05508152309573788,0.3281842219777412,0.9859153383616498,0.49859623675438414,0.6609386162208476,0.9934248713494062
0.6244351350041023,0.3789606087014755,0.941284809336056,0.9388864588771357,0.7852560294819442,0.9685447888202131,0.7888069815368869,0.3474776982219693,0.8382755405139777,0.6191663402997122,0.1699058827429761
0.4984609122718858,0.6663011801041814,0.28868946855426236,0.43520052029188083,0.40861185812627954,0.8632590006271853,0.8183591418873,0.16702709930575044,0.500096377149459,0.5472368384740598,1.0669700174610948
0.5038134412738537,0.9593835651443309,0.42592563631805846,0.5352055434450428,0.2196762673053836,0.37760046077427123,0.7693741089288745,0.827166776193939,0.7902902593933473,0.26616546976729916,0.9815003784986465
0.24961308641205115,0.11367452550897483,0.7905338921882141,0.06419441250373892,0.5164255609261809,0.873722164375961,0.28718818558915726,0.37367281727345236,0.27041710110416683,0.7990343390079714,0.9170570488146849
0.2511966589679031,0.9506353543253507,0.8423766531524987,0.4450561647418676,0.10284028830653302,0.7529749718385449,0.789232214747298,0.42140853714928606,0.8974923073863905,0.3422667329499054,0.9865183378837403
0.620047735466315,0.5065096755991735,0.4375141283028695,0.4411351922363237,0.25819909531262364,0.7012500426952757,0.4726719694504362,0.5529530583216165,0.8821505742205239,0.63138785051824,0.9143307661942778
0.4399732132932689,0.04563130858743791,0.18038656442099688,0.3248399622751673,0.5150357750686542,0.8585084927424186,0.4273011546173108,0.29910993957040255,0.17288295173821167,0.14102938025921985,0.4245949956106819
0.2387627866762123,0.9834449816862274,0.8278457320357232,0.49157995151951284,0.8565288355999686,0.7654316217828989,0.9803947726727982,0.978486020237558,0.5925208859163976,0.075943208449052,0.34650682604433497
0.3397664504929142,0.9135127127974313,0.2094228505567013,0.5253812113479858,0.34486992505341574,0.38365747535966876,0.9453755857396512,0.61183431021553,0.06037444184437746,0.5197852462911442,1.2219722129792745
0.22039417986579424,0.3282427080549579,0.4911364858790709,0.37802787676279537,0.7953802364191148,0.3506617193864634,0.710140349779603,0.26941570649173796,0.33760613648577653,0.7733889544447207,1.1671523837819826
0.39677087705436764,0.9647763728800127,0.11788643402370691,0.36421423957242405,0.9602093991613397,0.5797555876257946,0.047855076198410895,0.6643835302405477,0.15800433510408207,0.5366244884009694,0.9402921937551201
0.6571393444905825,0.5734616578266052,0.40395197052132914,0.7218196283653958,0.42561871389046657,0.39295299431369946,0.6030813698861189,0.7442812534839535,0.6653168105509271,0.6553304915590366,0.9119088418425829
0.3124171504323381,0.23944701203693008,0.2860387364444271,0.3282437871509475,0.1614312821066406,0.3271031931535925,0.1952035833501553,0.7340909485785911,0.9889099026671893,0.38846856391141393,0.8666079849185531
0.38101350175542803,0.01809514687350111,0.9537664154836131,0.32690368281263593,0.015734880407536345,0.7277899784835495,0.39799367635955085,0.18144755758488762,0.004686754403029347,0.2839853013726146,0.38731079202234703
0.24586418105627583,0.5937686816022312,0.9700157005860464,0.3605976997396487,0.4314675948512475,0.7144753249307385,0.3664595273847757,0.7687160874720844,0.049611568720155375,0.8017916743096896,1.200248665613165
0.11385165744323411,0.4714559261509762,0.03110189730403856,0.3165125477666222,0.7429207280211404,0.5310280384721807,0.8810751086821209,0.8523271156735889,0.007430868351814945,0.40524477954751537,0.7780752563801133
0.5674249617035797,0.37888204566003014,0.17483978627532692,0.5698317024695891,0.48119821109495986,0.009106404615166208,0.8347770914100953,0.20089744685013766,0.07649510786608826,0.3183593875257187,0.8420221336585375
0.6118575624547934,0.5255705699105743,0.8372492753930485,0.7333907357100848,0.4659377868945971,0.36449464190540537,0.8765293863189756,0.528991762298757,0.12036603550073766,0.8660633030964334,0.8245686091410741
0.86489162869147,0.7477820678491649,0.8684231713114436,0.6707426375501049,0.3842001475590324,0.8353939911205316,0.8715934519477067,0.7117489182702864,0.13970631381472454,0.23118129490417105,0.5111683186789159
0.40290205890171227,0.7747733794294095,0.9260514942114194,0.19077187804891682,0.20172586518532065,0.38880690107390714,0.01995542793752547,0.1574465386415832,0.16662191079542332,0.4737871901366253,0.9999771953432455
0.9638963882169842,0.24565652903312873,0.8135441087984108,0.510878024291946,0.3241457039850463,0.982606068555672,0.16618731958149158,0.5650039364172817,0.40800171864714474,0.5996755670326643,1.084698826490282
0.5429679625626297,0.38398761360839917,0.4577684746487143,0.044688396876238934,0.8095293192768359,0.5137021466002277,0.9002634474393891,0.07833022383933086,0.20792554741403235,0.9286364426400818,1.1680538207538318
0.18641596651389258,0.557745692511173,0.43912555957439936,0.8814420672536474,0.1197992302591232,0.9427569145984613,0.7259384840951193,0.6573007991702812,0.08929165047819898,0.5085091877402311,0.9998426157496237
0.18544232566539087,0.5419214655716423,0.16070571132451994,0.4851646196360322,0.6070316291919376,0.2957706033552625,0.47273848520467143,0.22101071915344062,0.4505319387024196,0.2172204858253135,0.6490809091182375
0.6630133498038803,0.8744986760041794,0.10158523440351919,0.4894058894661554,0.25557075385894656,0.31606822899157994,0.9339367185515174,0.9902741509601257,0.17577735524438654,0.20777454165013753,1.2215556520609216
0.018800144106369876,0.4233981761425889,0.7053951886133722,0.6276018175032723,0.46341015910993055,0.4738329104946605,0.575952376189097,0.5060737485802627,0.8984444449718157,0.45478703884308147,1.0352033028426693
0.6984340074356161,0.8898780316551042,0.7173067765931773,0.9322259184717144,0.026611728267251777,0.19965107627972012,0.7476896598393432,0.9233872814449458,0.8894192071738056,0.06713589191282565,0.7188785966518464
0.5705520800521929,0.020852264816962784,0.07169977993354104,0.9562182362859408,0.7822409104196988,0.4936924236196708,0.6132849162140595,0.3315420684220731,0.7471931236783335,0.5892440558915919,1.1675538334861804
0.5538045130076985,0.15890456816527965,0.878508610940087,0.8674849827347997,0.924492606903668,0.6382975500598318,0.1529871924972913,0.5982896016116214,0.6287682150655959,0.09171160959656655,0.5930184459878375
0.16025410933735906,0.45057959610521114,0.19724036227244368,0.43985823347380226,0.7041770942613096,0.0068238265946960475,0.09925668699651002,0.017754177649804914,0.09432576640014856,0.06890075747818891,0.6186011354071489
0.24646598661468833,0.6431161235618019,0.1393504389758169,0.3520316054476088,0.462500093060912,0.42534813483183986,0.7014820411660816,0.6601904162643607,0.8111639326225322,0.34856905073535605,0.7547574724893474
0.4969634316286603,0.6566649409581975,0.35963974307494284,0.15357305600414106,0.24057028491566268,0.6422315720002982,0.2579117387512464,0.7968888592292185,0.3110152513403771,0.8346286249838976,0.8592229091035928
0.9871640827281705,0.038634346439806455,0.7297040443010194,0.5365011216905262,0.5770687584047451,0.24477790579019343,0.5417921115534412,0.12739619111149247,0.487556038165158,0.8542671607928076,1.0687192605070366
0.9803901469178918,0.7112145908630959,0.8665559565609435,0.9246555751873725,0.5417843899367016,0.7175083083219269,0.9913998731817417,0.11846458778116642,0.10805420387650733,0.6469330942972245,0.947180648104296
0.4606449272856056,0.18904212629409356,0.9125370908914937,0.8491778000562876,0.21022915527279307,0.33553465422346773,0.7849158703417878,0.690270695968236,0.5393528665015993,0.9089630686267411,0.9766073521193378
0.8074627193609654,0.8481784502368032,0.9612883296755583,0.02699999686603516,0.17101439159282605,0.10165149567072473,0.57825679029175,0.5707583327933871,0.4395500801070771,0.015438153635468632,0.8532493577790491
0.658962037509397,0.7765698167409942,0.09262659087572156,0.8453152841462731,0.4555701400923714,0.5768607791706802,0.4771329508454263,0.45176797548776126,0.7320489185968386,0.7107749777356352,0.9758410379382056
0.08841846139404119,0.23130955204326487,0.5974663696748069,0.23640629717650474,0.8884523947554794,0.2962213660747173,0.20048109574712847,0.6508974931810151,0.9645094650785566,0.36126861829368095,1.0563338269999263
0.8762398332135847,0.9891325120326951,0.5612520894171208,0.8878642950072856,0.9070957307198028,0.12624904166687312,0.3869768643884549,0.6020007239705086,0.05194283476662698,0.24566636539779296,0.045343899231559515
0.7136450715427176,0.49746142951850403,0.9068059097025721,0.8176706101435561,0.23356295813132233,0.9665135788799807,0.7411714451715598,0.7481301147045764,0.31557455344139285,0.013407094356222338,0.8187725999659744
0.5432417740070933,0.10188745025302715,0.4561472721807056,0.4594957220412538,0.06221684664851401,0.6409865665823905,0.6627816658185346,0.953776613603953,0.27563350106130113,0.4568561722020714,0.5575059758734643
0.804923004417299,0.8283153429924742,0.2345541786355998,0.8560307228846621,0.4930806275852173,0.28088937735105546,0.8717142461950704,0.5527640013693559,0.5673251030174069,0.5243815739009032,0.7721164519303371
0.6588937710008118,0.7770149043318034,0.1928410946926269,0.6756849949610577,0.3088224993852421,0.17449226650010274,0.3031605434267045,0.12029047658980419,0.6443645482752066,0.6024864558956016,0.9796856415621203
0.6611634401746753,0.1425444179661407,0.9581412186385809,0.214145439260787,0.5865430703688348,0.6723711174939376,0.922858901500267,0.8178237374061116,0.8983741777878221,0.33499970581096705,0.9937620179598836
0.6876685112638531,0.44619067404723467,0.5990626157659888,0.5348359078216414,0.7244241329688461,0.2724740974245501,0.7324611468862184,0.3308573737387184,0.23046639279972903,0.29156178536115374,0.7403989437474306
0.06452357237999007,0.30754565138292056,0.4529064215865872,0.1033200084345196,0.7298820712976393,0.7034423721465961,0.2919972758821665,0.23690402039652736,0.6459914749262075,0.33961411054460167,0.6653577976585485
0.7229838862901132,0.9689972706521267,0.15747299257329772,0.38544833219211283,0.23806132685590375,0.5582148684616844,0.1444954206021678,0.8481168520108362,0.31378343230635675,0.4455060702310949,1.2137493869913556
0.5514143479701946,0.588109205439141,0.38933810885519193,0.04149673235103224,0.3132638403749931,0.470693275504665,0.25092674934792336,0.5028596182886633,0.6849376246965466,0.12755939420700424,0.7770067998499379
0.03515895611867681,0.0060284992937635895,0.27881455900899976,0.6089693105702436,0.44289654144672186,0.28763581265169613,0.8974489247221805,0.19775793135877018,0.15527461361892225,0.985317790566039,0.9956160166919751
0.2679365456187198,0.9599309618372482,0.30175674905791616,0.09327055172198762,0.35575881018611333,0.5889019372833062,0.9216628561113831,0.4615782814443905,0.5776737255819724,0.292782788674511,0.9155798751423503
0.7943301237861898,0.9677189548916841,0.8426885292617332,0.8441311355902277,0.8560643015742931,0.49870183496232257,0.32998986677289666,0.5320756705885137,0.8653146939329985,0.6201854868418896,0.38319558795800174
0.14151542201947231,0.9042185782021497,0.9527614463973028,0.9805831768437572,0.25472313364770716,0.533659085096342,0.6672198441055672,0.5931743228544816,0.46393680156323536,0.3423347043779852,0.9226360294514948
0.5544025320250807,0.8545307541122559,0.6509311657496886,0.7240746179660091,0.012754200626422407,0.4103888414978871,0.10511503316402326,0.7001751206493582,0.3096246711207784,0.2900611963163262,0.8686256449987512
0.561211843069237,0.2048805675090345,0.24104962441945077,0.8769570107580076,0.7262722499674737,0.8906074146846125,0.17906321481523213,0.8325584010542525,0.40424210973540853,0.6277469442537011,1.06456026483027
0.38603064670044174,0.9569301948239324,0.17100611152300993,0.9003132918452305,0.0900570775274504,0.6075732057795298,0.8020304946964598,0.427628743887981,0.5817474619373046,0.3828700853900425,1.1621105219191126
0.14613499284492404,0.2591093712501157,0.7898667780384018,0.8476560159719175,0.9876838332817757,0.371309997772467,0.09296873433760744,0.22129729402292753,0.48634799166788345,0.24561634639135776,0.6374973193996117
0.8220869780375768,0.4987156343974659,0.4010953676942455,0.5297783913585972,0.04066999299215068,0.608532486722625,0.12162951175724401,0.36988113898851127,0.2330683924609226,0.25954474354910173,0.9333340984201123
0.9014155572281334,0.6540319593565199,0.9980037022609678,0.09201686845806012,0.11299456154968557,0.8467548851599366,0.4772339983529472,0.5663198572647803,0.2755718919863923,0.9445125624093623,0.8986292741532134
0.3645064929662757,0.6497616583671387,0.17590460669620445,0.34406774158324294,0.6400586642582593,0.09651372644974099,0.5096529605116596,0.672894316106894,0.2616540487477893,0.005758263508451544,0.8438929276160924
0.8540018937179977,0.27578015078455786,0.9223037069250148,0.6880412002413018,0.5845723667252075,0.49533291015620673,0.7978213314253828,0.8844980840129141,0.25803416553638936,0.6301579015731765,0.5615224504015541
0.04558520158732027,0.6534772677817136,0.4081737433092313,0.597395428033201,0.2917045584903809,0.6195120556429357,0.7648666905206418,0.2056964063243324,0.7028946858170625,0.959290088377253,0.6663877579142184
0.22265779534454666,0.39921728626484665,0.03384252827587997,0.22297348704449715,0.6438521835252117,0.651735450104082,0.8373668176664156,0.8621887096328996,0.4297527578841134,0.6718992360840196,0.2814855950284743
0.33028652382227985,0.23718677247846176,0.06758186338929795,0.3221843502903471,0.5647238064243993,0.7432791636606738,0.6952590333584967,0.28272789258433806,0.5535664558103826,0.963216795370968,0.37610966503191623
0.9928652218834924,0.7261774124628205,0.569202380143604,0.039162380230997274,0.026196556083617373,0.284626139609071,0.31433865125977356,0.7539388964827527,0.3623604486738994,0.861644989696452,1.222950152927256
0.7666554228870109,0.2032140258770052,0.4104611208258747,0.4383633864673093,0.13068438760904078,0.015653322694123117,0.9559948342444966,0.2846168914944024,0.029852662622599113,0.25077834070833993,0.6156388723901374
0.6172817404791727,0.10900639453960703,0.9953393020979743,0.20866704757542587,0.38017801020099873,0.3746450450474097,0.024542447284141233,0.4983600954835484,0.5928810324560697,0.58523123218602,1.0516447450950968
0.37118167734236907,0.40830166789415345,0.7253408917767942,0.8501273464731973,0.519901980500799,0.1431403475140126,0.22445071415474238,0.22555453665678238,0.11834066777460284,0.02548647518172087,0.7986565215244255
0.9549921532947884,0.2733823335251728,0.9306973162353922,0.1884962554630143,0.4258897339788562,0.9792905846161672,0.8260497961469249,0.18526534994526556,0.7942039382813002,0.6384264327909228,0.8872338740331935
0.7343025399313922,0.22155409550897753,0.7993331868775411,0.015677413585446498,0.16384599108950126,0.9844387078822957,0.5642688724067216,0.338152065325071,0.20207978079605105,0.24399779136745925,0.9466519940686523
0.881236383995612,0.02783383489062874,0.13444953349743194,0.8420168962044939,0.6333115553930646,0.27884181088462356,0.9715148003459974,0.8949462335534286,0.35657699895616346,0.31343511864290785,1.1540996625795232
0.9678294044434078,0.6079626331557533,0.14042665639597196,0.7221141372991688,0.09857574194228313,0.9757977905061788,0.6759916609008352,0.8206119846481439,0.563855576462032,0.40501732896751996,0.9978227851327314
0.09787920260061078,0.8346879920242402,0.7260035891571999,0.9112968687519579,0.04384722083625836,0.7620347184817607,0.9097810188513645,0.34366275133131663,0.09052888945511184,0.5066368349792238,1.2246409737395758
0.17116063007278104,0.23294545739070782,0.05974861575698143,0.5355210232744441,0.9383598316160645,0.4382676960213783,0.6976939100448306,0.3961141678704606,0.6996742632674455,0.5030158586621749,0.9288003131291143
0.6949020509820708,0.7437765350046676,0.1903382260550034,0.7026929685291724,0.12248767799782789,0.041632205515439114,0.22410620105927348,0.12654692369931186,0.2896021138781759,0.010593637264652678,0.9966490305897762
0.5512546224767622,0.5607437546680392,0.01680760774697343,0.3430340655220391,0.5262135577174668,0.3089068639825685,0.3693004484752366,0.2082258826209038,0.7130833167428442,0.13121318439526974,0.668231713901064
0.7424170601823746,0.47071680612913136,0.661559746722175,0.5581190621685596,0.12644292717957106,0.3126639409586527,0.9998823318124834,0.9588803334484375,0.19491618899964214,0.05230374063404686,1.2461470306667972
0.682430244945619,0.07654091375071603,0.31494989755470615,0.02884910286346587,0.9591908873878141,0.7110814930538352,0.24035274426737452,0.3853561387712511,0.21279620699191482,0.9524082254101466,1.0721198621233639
0.6130389826301264,0.8774209466836711,0.6424046976184578,0.8716987885533358,0.31210146548298034,0.6853162674675158,0.9619978324600815,0.22518968580511467,0.672955522287033,0.5490146213558548,0.5525954650488453
0.1396698242142479,0.22058274336788608,0.048578143489838244,0.6303502295290909,0.3584934309464536,0.9799500818554921,0.41249941710151294,0.025621768916125998,0.21407785100063015,0.8481279858166966,0.9968928962737686
0.7602463251333035,0.39743614571054864,0.32887170185102543,0.9270394178931044,0.2523787978300607,0.0922684326989367,0.6745256267921831,0.20168319398278067,0.2904556672264055,0.2697480077799461,0.9568822518220615
0.37076930356061943,0.5812925824213393,0.8539887505204059,0.7009616990930523,0.48364717450506955,0.9181712202906971,0.8975316069438448,0.7103280750012541,0.06147270169334795,0.529054310826812,0.7606600145609533
0.34155426846253034,0.16902092001328972,0.38013967859620923,0.05397963990972954,0.7448836887848531,0.1397594108611323,0.3912952050128985,0.3244704249590007,0.06641859185558086,0.3527758709034008,0.34963916926572075
0.9560534509605688,0.39339803594727774,0.7072712855280459,0.09699128688677172,0.59659407773309,0.42794803265789183,0.6011674306821825,0.26791417312115884,0.9651308747418988,0.6222027384482682,1.0563632727228658
0.006527240923787092,0.5813333772001787,0.2688531088701507,0.2738532117755985,0.5088743729054829,0.7814010307457949,0.9194128361874959,0.09269610867408917,0.7427494849117221,0.9794474436840143,0.3057773642390034
0.3189873282562795,0.07692686582013064,0.40700104860811015,0.7002102841002301,0.8344427296290668,0.13874432130674497,0.5917230866199381,0.3245509031181415,0.6642967816266576,0.343998470127171,1.050724849342091
0.05990204974865165,0.12406902416994103,0.10627034325980167,0.5273182312575138,0.022666004278564134,0.9441457748041551,0.5995561036184976,0.3691141759068439,0.028860182309902616,0.49332125374535696,0.9667623149696489
0.3794956640979482,0.39721379405065027,0.5506446477789625,0.2497654463805511,0.29971027004287765,0.5022654020962007,0.3027002750786335,0.18006990670920975,0.929951721678392,0.31674360670528634,0.8649323807226739
0.7597753120373344,0.08708382483152854,0.8435220298032408,0.8236320858872215,0.15980968598347667,0.15944585092556274,0.3433036032195773,0.12069217269292543,0.35459241283487886,0.24086275743274133,0.952806858850004
0.0781825633042803,0.9974539775683139,0.24002252186626016,0.039812033229050914,0.21265396249650215,0.7974605480862721,0.004197620523102574,0.5195651916526196,0.1507900739045347,0.5634630178037625,0.5250851309452522
0.03789725295541457,0.15146791352547984,0.07892843587728093,0.02134652650999036,0.5230781634367442,0.9586470823752076,0.14446940225455884,0.003258185974698513,0.5955551664985768,0.9262000834401007,0.8769211387094529
0.556587812062281,0.11262001879130024,0.7471420336884763,0.4998223263991345,0.3880413771715462,0.34018198852065207,0.29956186625344017,0.14399586827153088,0.2726177692740692,0.9653577468821362,1.0095176473096823
0.6686807117038848,0.6481688930738219,0.8154545297031164,0.012769448807525619,0.6532714353914655,0.09265109614351064,0.41045150436205746,0.2116854058853047,0.5378415780907152,0.7089812073177989,0.923158256424877
0.37923699973574987,0.09619920002975613,0.5370919677367607,0.07192852912728376,0.8099017964018375,0.6732393693984702,0.35731338763668796,0.14921894413620085,0.8418383399515151,0.8992132281761464,0.8089877243922377
0.6441022598919834,0.6419594110500749,0.1310774417046271,0.02889271160853979,0.29592982565859105,0.38285505046381463,0.9474627008613402,0.6628472759203332,0.49556645198741156,0.8257986777540969,0.46425483592682315
0.8124744486509242,0.9560052764074557,0.45277832258160233,0.37827015258640073,0.889382261130653,0.6485755197279289,0.28138170449770483,0.23831448558499768,0.7228672323954505,0.6611556852816897,0.9783597593299649
0.2762814763136908,0.80498797488574,0.9808987583286678,0.7072672297812072,0.05207020939148865,0.37364821593761244,0.5934276975205618,0.2511567914434748,0.01713629976588582,0.987452756005855,1.0821920115380927
0.25183355499707427,0.43605181821889094,0.39646324164529834,0.26437305086200047,0.6741099837559701,0.2342209877364444,0.47362453185121944,0.7743569776077089,0.4472194743819301,0.11849434871101572,0.884695395366753
0.22894362799164703,0.8312245164601757,0.16793180348882264,0.7325247693316045,0.8898290070922967,0.44831979575415004,0.6749579167741305,0.6977178472600678,0.03478560753950355,0.1520189576632679,0.9334020281654464
0.9719077683353952,0.8596346749474882,0.14044224435488106,0.5943446957035059,0.24330727118162598,0.4154819817392281,0.8349236603294199,0.6969135412284266,0.7175791839787673,0.8857651310929465,0.8577867336943905
0.2704006921614217,0.5725975896065632,0.2561809044490557,0.1630080108777382,0.1499020303342834,0.3927788699895418,0.7123631433433801,0.4565344820607089,0.3355829718002874,0.2674467025943875,0.44324443459631296
0.8917465379131606,0.9391898138736521,0.3634951705040238,0.8466574141963766,0.13123326403543345,0.7595813279286617,0.8783335515418954,0.9701186001877904,0.20530850689374514,0.6890993946428837,0.4851838313710872
0.49448765476872525,0.6275997360082476,0.024265325853203845,0.5514830150891856,0.1022221111329581,0.7698866780272448,0.6785912172295636,0.28716302704126007,0.5948160903030525,0.18923257305986851,0.9969033662234257
0.4799838452100129,0.05215855191722596,0.791587974958158,0.6921496991320024,0.9631106185990597,0.0443118390663344,0.05401643555324931,0.6028969376901434,0.015131189368684739,0.04668315908721765,0.69274637398259
0.991539388603224,0.16087313362991662,0.28460333962742856,0.7803130814729794,0.13900075129340295,0.7340477104384197,0.603970980236143,0.42204366191605647,0.8775888430258967,0.9131919215854811,0.967513548427536
0.4701997238633395,0.5742808830196791,0.6456085251233273,0.3542811769903961,0.9766976175818075,0.005920215307228749,0.7647085912081282,0.580812227234405,0.6252350319500556,0.01740971629128829,0.8196931363227767
0.371987228080923,0.2917017334920111,0.041688573027010345,0.8582544590016677,0.5610254742403757,0.8212497884748184,0.9122200255264161,0.2263644847085785,0.14306121412228956,0.7201965894398579,1.0272929441952796
0.11677803656429941,0.6937526236930441,0.26927362877193217,0.1166658272573311,0.780122027702817,0.7437537662349397,0.5800638856206931,0.018091605661509136,0.03876944599428733,0.733268296848428,0.891142786183043
0.17626243342384462,0.8925991551470632,0.5459761664827746,0.2436054548945492,0.43790215254614906,0.38021424857734987,0.11662012783262354,0.5795986657691019,0.589221621845023,0.16245255875789744,0.9357936013452148
0.7499471535098413,0.0261304588370308,0.7811925143054689,0.48090553735622577,0.059769321134490516,0.892774860161057,0.8300244671083666,0.26093189271558004,0.4394767814980268,0.989211530228607,0.7721031098033007
0.17570910203746748,0.8099079737184254,0.1361318179306521,0.1799134810918298,0.6294655750643948,0.07400065301297198,0.29354085358432846,0.662042449099123,0.3112782996701664,0.864584339399254,0.9001821537563821
0.7554796433998873,0.7768197660040378,0.309021963906595,0.3511892543967422,0.17809108581460065,0.6855560392979577,0.6977573679278272,0.5022751615802115,0.22016305069356368,0.5897260722361797,1.1962350851538759
0.07566189152857417,0.675769980319823,0.8660533623145219,0.21212686119218715,0.2884068305004883,0.7242775848169045,0.7683770122863367,0.7712858855617888,0.9606467123781528,0.21698083889884734,0.7917930153277511
0.5169798684893961,0.5681682962974433,0.050148370995922065,0.9074185997190282,0.6969801738654333,0.5828565842418866,0.12886162182051908,0.8318842123780417,0.8578052041605775,0.0572132967348592,1.1922123462380956
0.2389602125078022,0.2023199891984202,0.6868890822983335,0.7508322991098461,0.40948843178675975,0.5201428755412678,0.24022303365317588,0.41752281532011215,0.1289831957485743,0.7957269894573002,1.062911957134541
0.8556417514977178,0.004919809464392522,0.8834030825871245,0.32603721778948713,0.7256564945738356,0.9192176384688613,0.6245780809212136,0.37860893930504846,0.26486557427001245,0.9222613904750078,0.8694780573264893
0.4628734492877088,0.14712776471931666,0.6763569243555704,0.18808334806954352,0.6589579191314102,0.19667603163522807,0.5512305059670749,0.9707828599909883,0.3132544053411117,0.6225623722898646,1.101341550527314
0.37695539250997245,0.778162115864001,0.5111638710129757,0.19971621827486963,0.549437429724149,0.2936353627355407,0.6725562465428158,0.04754029877843191,0.8774393172058722,0.6202456202500125,1.2427395884802526
0.39916768677076186,0.25100342988429547,0.013614314873574562,0.1838821011856745,0.025250483585698036,0.4534729451322045,0.30829197182481993,0.5288184692472457,0.9893692659292516,0.27079601340254966,0.9796073837379338
0.37810553720564044,0.7820247838711558,0.617520049309683,0.1944193648349518,0.8991238240814512,0.3693833592218989,0.9537219352822817,0.05120300928701571,0.07319187639869895,0.8893028657624655,1.0959364769857314
0.5308551434070333,0.5872794986615807,0.9714638677814431,0.1924898819434071,0.8913714589582177,0.6954072959806619,0.1089073658769234,0.3610708539994012,0.9263446314971076,0.7405580712213747,0.796102483500704
0.7495231417248233,0.7575672525609333,0.7478529086167943,0.3719985566664732,0.4715962853741894,0.2640014695927283,0.24252677685062762,0.853349595388519,0.8029793366659063,0.4393598862500462,0.9307045117490407
0.9547224637530801,0.020691586291139097,0.9140108655983766,0.1988566174957529,0.6894856075931776,0.6519253908653393,0.4794090102059946,0.5765279103041183,0.9137886434541034,0.7281964432006379,0.883868188801936
0.899248147821555,0.009513629404657609,0.3895673473748872,0.13812469007712158,0.9729607263622947,0.4390620577174117,0.9280644958215594,0.2086942100646484,0.9541860952846821,0.6918925581021289,0.9869566508744568
0.7158810860218613,0.7911858167398024,0.0996163775701957,0.8792845211752294,0.6402150168450929,0.7425149706830445,0.4939622924932997,0.14757884559728573,0.6947130528655253,0.06074902854310349,0.8232477469923405
0.5530797401317755,0.8970863116535296,0.8687165259834164,0.12035554781558,0.7284838148540269,0.03908088841588897,0.2446198515986716,0.4012528441678559,0.703711506244689,0.2657071104445424,0.4938084350965644
0.687240723198464,0.7074632010108589,0.5970044970533448,0.663508575984573,0.8650603588875527,0.23692711721346227,0.7193549343870574,0.17901528868045635,0.08689095021217197,0.733170650581567,0.42872642737675803
0.45737127005991673,0.3382513393713885,0.9136162806157889,0.8207194789709703,0.6901451008398677,0.8573227897223495,0.5429838336262288,0.030770792405644287,0.021478193816120372,0.8460790494632578,0.79920798939206
0.036342382157916076,0.24990911366559576,0.5677825360264601,0.07615128554684003,0.06099901707487421,0.7041012494564888,0.3556591412751837,0.6736420009634279,0.72751817342858,0.6132227198212477,0.15539443880126363
0.7119457049050048,0.747959637981008,0.14990852075912742,0.66945832196055,0.01563177406273586,0.5096679104758021,0.6982937399563172,0.13418153798903143,0.975016184831524,0.15885109139231934,1.208079180892828
0.18646967381670554,0.6643460127412298,0.33245952837344606,0.032956152493029855,0.856796937876422,0.47837865577463623,0.7357429961668616,0.9474028052880351,0.742782743534992,0.6496021040904082,0.7470017695931602
0.7780556427593891,0.6856164992432763,0.2914171832011242,0.6736629229253664,0.25219164597647636,0.6628962832018485,0.23686120391697685,0.21268025624326137,0.40295298378547095,0.9225130579915533,1.2139339025412053
0.3274189845464238,0.8705403663914177,0.6103343058573105,0.10370986948365346,0.0579797509365686,0.662318248992392,0.40643860953080646,0.5471951578969227,0.24502524422782201,0.6932684496485593,0.9960630626389638
0.925012852217653,0.9913605729296711,0.8051373362647654,0.06580637438584103,0.9175388635184333,0.9939093894831683,0.030861434189949133,0.3563839830265231,0.666137543858146,0.6535306337514154,0.7242352791294573
0.2635495414653861,0.07487130623065286,0.44578682714276896,0.30544424245719837,0.6914413177562536,0.0714769897279991,0.6896082891134702,0.5512731568213343,0.09446569130274785,0.12613055014452612,0.4373930331654602
0.7249694050264985,0.7613565517271673,0.6604466240624134,0.558968030276557,0.28547990632155373,0.3871402077666978,0.4489612689700858,0.4854765252097083,0.7799891338080216,0.6513808143692208,0.9791399854745342
0.14309125512440934,0.13648275277266841,0.6593153978203922,0.40708792323608267,0.7332770498033216,0.616910892730724,0.42769014508187186,0.5224535474639875,0.8457775582864819,0.6696016208726593,0.827073904909126
0.9028822337862887,0.27610247563288237,0.538142693120115,0.4397064330928666,0.5110472871527729,0.14691616920885886,0.9526143182800699,0.16926149198528861,0.15636892235307986,0.1376997719058698,0.9559071307465392
0.819787178392261,0.4874506769124082,0.73137780442354,0.14269058566233528,0.2778633424008714,0.16195451675578043,0.1362184904735827,0.7138424831993586,0.3445615917448642,0.21384431729072328,0.9973361582421947
0.73759751959498,0.13715087687664784,0.8835816608864325,0.6159645532449358,0.14705076119484495,0.5615830384264192,0.21695658477487223,0.09610070057593978,0.32331828128371354,0.14866018257508484,0.9992712658203209
0.01929807138283457,0.8333555439047232,0.8938365493629479,0.43409372957313175,0.5625395204829816,0.6484202484966107,0.2929018990401865,0.40538857809038464,0.5836202327179962,0.00620628437968096,0.9248387624046107
0.9647178303737365,0.7851981329123023,0.3424061946026945,0.5860288866786311,0.48906501662816915,0.6881801141028836,0.562899188365574,0.8180248688141492,0.09651763880893072,0.822414043968088,0.7234274578240508
0.38067246685249134,0.16828753087103077,0.27257222891455757,0.8710770022764874,0.6463306698367713,0.1649450922897585,0.8632237048451288,0.5808829909743548,0.809702518462189,0.029610419153776046,1.2217182934761996
0.020309164910206956,0.6189421958667368,0.6575949151575,0.6596796503619261,0.3147216114766328,0.31797839896710856,0.17003417075642324,0.0670365248965148,0.046340819179554904,0.7789641855524855,0.9196847760685225
0.9958597198428474,0.8385448649146414,0.20243172562477063,0.8429079094448102,0.5601154610904262,0.9402678023933622,0.7988430344258854,0.8537565474393105,0.3899047571964148,0.5842364077466584,0.24799883763277492
0.023409030796790353,0.5494402346994178,0.4450019698492431,0.2556575241632949,0.1551221114092124,0.4689639844292621,0.7498357335553119,0.5659582538158214,0.7809415990868154,0.8290060613405218,0.26302125516349795
0.044670412279812166,0.23250799965164992,0.9329602572750476,0.28936468275659954,0.8503597044918064,0.7764077359942625,0.24762882470362635,0.0984397084384444,0.8225623298543738,0.8581314338691739,1.140630311917176
0.22821096448098688,0.7042342823781553,0.6587963677117101,0.812399252073777,0.2091186550801868,0.8930081661280682,0.4746532042383492,0.04069112115035356,0.4727627281783001,0.13127492298842236,1.0230220951882598
0.19568961771456606,0.29818513790054835,0.44163821614399934,0.8220922925585893,0.4895439013242463,0.2617755542542852,0.6043796139684726,0.7589919720451122,0.3247822473241143,0.7105061724137315,1.163467837667519
0.5811361905120184,0.0817295869785023,0.16985879189816022,0.33527965525913905,0.4531191347699287,0.20378446108407489,0.06591239461622722,0.18322971304908275,0.45822609158436833,0.8143854817893023,0.41701682777557564
0.8724248361667035,0.8861743450634169,0.582883436691502,0.3888662504451652,0.018245476936706195,0.49051416482518007,0.4653143782036422,0.5218475520366092,0.9509403775015166,0.3580025312511286,1.114029775741823
0.394982597124388,0.15752378703310055,0.047769267876162536,0.8590964342493318,0.5860231471988044,0.8186068007988965,0.2748648701416804,0.6419215619452516,0.9401464725479176,0.1839314783643351,0.9554580029124771
0.8579600347493316,0.6884451862963973,0.11758026063003779,0.43633469031099326,0.593282749616886,0.039255051070824165,0.637330074322127,0.06310887883989369,0.17869932022959256,0.0788606794577521,0.9417915192865914
0.636567320069864,0.04539210899682422,0.21107576758235802,0.9448321972772326,0.115546157061581,0.14390987074752437,0.7540572908687402,0.4601412588687188,0.642505566003007,0.9122096379512126,0.8588160523077336
0.7957839073875015,0.4780776730367212,0.9076245319982912,0.010070127115619831,0.04900766460535655,0.05037852788497976,0.8015606404752162,0.848063688025881,0.628195704006863,0.49437026120629757,1.0898688471797335
0.2514388414761112,0.3405676388144666,0.10800936374176862,0.6756420023166977,0.34862942463782876,0.7831255204092136,0.01761070442869861,0.5483465272697051,0.899994603390239,0.5835398611744432,0.7069834590630721
0.485737080260104,0.6621011224272912,0.058119696984639924,0.12836521166683146,0.24729172421098455,0.4140378494004414,0.9303234382785253,0.04045573958113591,0.7913402563294367,0.973773957451957,0.4540581563865467
0.6694009074118394,0.5548633218552833,0.08011831489819432,0.636187699906967,0.6589994606372687,0.2939772321619871,0.21891544776116512,0.8558023879225445,0.3857652616989262,0.2727715291117563,1.037075235849698
0.32812559216897597,0.025932208612686858,0.7772318852728035,0.9686425323094847,0.8399856068496088,0.6118052225348506,0.4179958207777389,0.8706059961035668,0.2855853644340589,0.18347206857730858,1.0562129031504583
0.21260570939488277,0.2503423791520656,0.15556523976414294,0.06433461200693069,0.9794498374286736,0.6441768830269595,0.0008855668511883463,0.2113092100524463,0.6595945599908857,0.8129993081771945,0.7913441492342183
0.7664881263755757,0.20740934916269504,0.7445383866348323,0.8276061975158723,0.45628901302839286,0.3139562241892452,0.572592027864834,0.317674003461919,0.6520887728630546,0.027105919846944437,0.7536212321895747
0.06296793201100459,0.0775841626321424,0.7141176441683221,0.11818391853982568,0.7809329478627627,0.8608163764774325,0.7680115138530278,0.9245128504556805,0.8503273937781114,0.49902769182827234,0.4102719326001561
0.29254518220127634,0.40111660088104073,0.1188060210726466,0.2294779736629815,0.020829125148693506,0.6889183373194016,0.24760125102370234,0.09004563034262447,0.18012946926207796,0.21354155720516788,0.09422581924131869
0.5098989889638977,0.5500885151499646,0.11355443037698909,0.4562785698196572,0.6666541684689962,0.4649352940617981,0.927663180287686,0.8105884223704807,0.2799543909203428,0.7759619499565171,0.9358724397480015
0.7109923484171251,0.08920824616764678,0.17881125811502796,0.4253215823902662,0.9088583543157552,0.8645445126388563,0.5636162370123161,0.6325558711697225,0.4868833992734276,0.258252639463764,1.1279355622631362
0.3297274001485174,0.05927210512158354,0.5030581617691035,0.44612166369262485,0.017320903714981184,0.8077472274994073,0.04963841496684018,0.263718277788482,0.0093690689598952,0.09344425361148345,0.12297089945944656
0.6527029996293187,0.6266777460017795,0.4735466833397819,0.6444684706969026,0.26607071760933365,0.28750762868169943,0.9701039985112558,0.8192937594398366,0.7726125046720617,0.08395817487482371,1.0527915795219651
0.6596280911853262,0.7119731503317531,0.37749515794590494,0.3840030517104459,0.7311988209253859,0.5194781171299727,0.47207392222882716,0.17995012928292353,0.206089649447725,0.26382206589961676,0.8086887504091648
0.6268198595995751,0.13471664874138822,0.8491971064123156,0.03143492691874761,0.9226863510260112,0.09891155814311148,0.5675884329329652,0.797247111190767,0.28554217172669905,0.6337900751605772,1.2322506261679733
0.39340956337130706,0.5509414503613569,0.11711976513978317,0.8090099527423157,0.6158478186850278,0.007396790951032184,0.48637658975248643,0.5696533459431331,0.20127641742646718,0.01045949516686595,0.9997009910530397
0.3434882179039721,0.18330467032752962,0.7177913525763516,0.5526214175494272,0.739493817400409,0.6103178976427923,0.30644712190463663,0.25745463626668863,0.0017454843284647747,0.10511729921029422,0.9978473578311283
0.14936577037090726,0.2155313129190798,0.9289146050238611,0.47979142779860773,0.7439769136475869,0.7442697582579655,0.977658996672339,0.6151023713900342,0.1714918283835516,0.2325989534184919,1.1928966221773238
0.07951367973765067,0.1900728736146421,0.03614176328484742,0.3904436020050377,0.7717268916359017,0.47244716710930246,0.7422010321491063,0.0010091778897880488,0.15960920954705793,0.8552994222379313,0.5594744576694693
0.26280167857481196,0.4133347017063582,0.30535033955714397,0.705100423016703,0.9300274308607588,0.4731883500722027,0.9148474999643946,0.24500901933204433,0.22283460611756833,0.13997813883970744,1.0089768002024677
0.00978391142195889,0.2538141863883817,0.35077353766613395,0.8182604600570934,0.19610953446627621,0.3701724280244244,0.26580195891767167,0.34716085941790176,0.46528048713910786,0.9722280626189708,0.9508687327163116
0.777733531088145,0.5340280283028852,0.39807192620688947,0.43553669956039187,0.8519390349463392,0.17494562925832624,0.911323970974878,0.9708154046106182,0.2511066932345968,0.9251952206766691,0.6732043623661109
0.8567686044141481,0.35954363638831854,0.29105648839125775,0.7491280677844068,0.23422037672717244,0.2903967975463345,0.9143837039356686,0.7814431886636152,0.09963375551488696,0.13611395140785043,1.1749606896089337
0.23818172586227526,0.6259525202794628,0.09316575877237143,0.3148805251464376,0.8481675557817998,0.620802379903124,0.8063835379655068,0.4629429105434133,0.13278644147031404,0.29248722274266015,1.083909160026165
0.4297173419752822,0.12088818468614726,0.5760964024057978,0.17624213745265527,0.28287162095248386,0.2490262949116826,0.6603568853543761,0.891164718041337,0.4057062911218825,0.8631251060486868,0.4942088686119203
0.1536649929730569,0.60989518557347,0.6250636242754732,0.4724537699937392,0.44186188043562236,0.3709384152183802,0.7573515551486204,0.911435569802609,0.8847547612426278,0.9278006192446041,0.9397582905129997
0.7413688178120003,0.598253715722267,0.38280606455654387,0.9263413549315133,0.04442947261827601,0.4246226632985193,0.5265721250573713,0.06932847174144285,0.725684214037851,0.7183273245729314,1.2120056052834836
0.13673221900627663,0.3099937168278254,0.2257344847498315,0.23486304000604397,0.6628942643794128,0.47412730840205963,0.1981828066447272,0.3389263326732629,0.7139140617421178,0.5667213041737906,0.7071314275446692
0.3360843323074014,0.7776379687807418,0.21308347597643773,0.10604609153602718,0.7171567207247521,0.9270738195100164,0.6233863951710663,0.5873787254532706,0.022785397965839005,0.8743520945748773,0.9013952254670154
0.8847365017847537,0.32652413197350894,0.7872306941921032,0.8067708888047186,0.8055416208981729,0.39093610512672905,0.14666028834217482,0.1951578035078989,0.9904397363391444,0.6964058120421444,0.9496007863781482
0.05044220786585896,0.18871662757591257,0.05961871486919268,0.22586563839942242,0.6901375377152362,0.43656217637983075,0.19663739664634872,0.6746767078781303,0.13576211712972774,0.6420826087363528,0.29066351665255546
0.6833331459832448,0.2865130908652337,0.9468770604451875,0.14340183447952526,0.8028407737457999,0.25263732702970665,0.924290823490902,0.8701087978897752,0.5837102826634228,0.7916741116677071,0.8099434911911988
0.5346921119624913,0.21624802826129252,0.5691161769179838,0.21239984159733916,0.30236548051056156,0.9408248436761274,0.8517406248961434,0.352449347459724,0.5636924470681641,0.9196472017434328,0.4926582241888427
0.6573573648085916,0.14506685164609157,0.17421391957591792,0.9546664502021474,0.4753422211310121,0.1571850679266984,0.5238670323091196,0.5807189383575643,0.7254958878157245,0.11773861862749213,1.0956581148885471
0.42065884287537525,0.8671141447153158,0.1667236282432495,0.1002424866129078,0.8059603185328792,0.16618697953136607,0.45817045907908704,0.6302937058615861,0.09282370018913266,0.7534191616730604,1.0834943798173777
0.2992508390104349,0.06478534470534414,0.9190709367448334,0.29734941053098995,0.11484083331198958,0.8084997982533001,0.3079168554830033,0.9927149070169448,0.505137973044701,0.6676448165397346,0.4565735132525194
0.8466760957189707,0.89704238206522,0.6820168157541101,0.1902892111978045,0.32869254730948394,0.7197138749415711,0.6349169484331194,0.7320130447736488,0.9290730413945698,0.6278244567825452,0.7287407676043437
0.3081311554034907,0.7032567942974186,0.750514098283666,0.5182838679736165,0.5239790540082321,0.03812040570641473,0.8038694716869091,0.5012317296130842,0.26571754098462197,0.7034135242607809,1.128581204349114
0.7413123789530514,0.4987712911526023,0.1278777422768962,0.04723926229501807,0.7560417909514354,0.8546357738075799,0.3041088712232126,0.89218423386403,0.9244997312575447,0.17759592617005437,0.8411961379793116
0.94970994165651,0.46435336343876943,0.9190783509297809,0.6138811342396938,0.6744445323333739,0.9351833431465228,0.11306145178840821,0.867186201230164,0.4850448274893042,0.07383030861645623,0.994732523355
0.3677561009998668,0.9334036358493242,0.4052313734108369,0.6658292897267086,0.7331130673216735,0.11463876459131506,0.8945189414933978,0.851905747203977,0.2555749373897567,0.4817347828910973,0.925502680939933
0.25079837813349337,0.597580829517043,0.10209059997223158,0.9103662350056353,0.03298544117918201,0.4405770879200738,0.9908033089775095,0.1044993257489858,0.9944532607171893,0.1096748917471898,0.9171354317996289
0.6847614586494907,0.05162259361566102,0.24685906041793615,0.6146272113852559,0.8513045938235628,0.48034588712244686,0.88286798697144,0.6461690291157537,0.855885393639482,0.6701443141681394,0.9958754271583014
0.8438877852525624,0.4726191926420875,0.5526073430855384,0.4145752829498772,0.8359090190905074,0.2790817133828226,0.16507695652706855,0.4413499808079987,0.24907241280670356,0.3108670825714017,0.5410498144881056
0.9287206095177976,0.04064336381251621,0.8549717742015537,0.5000994187791066,0.7854503219431037,0.24487039497947372,0.8804178350389451,0.8609879414283323,0.9972964533570988,0.06494768225600334,0.729698154366879
0.15397897933379368,0.35972445504852224,0.042569686751903535,0.8089158609650741,0.5635590093363486,0.388539645537994,0.013801679517480903,0.852138099271061,0.8297563182507895,0.07796445307405053,0.8787924754833832
0.22457158641035457,0.8634943622392671,0.39570697351100725,0.8415136893839515,0.8993941832547647,0.7541372851937017,0.48225985404978,0.2624235306011845,0.7823866951224305,0.1656803109968501,0.9776853861872206
0.7678552110714377,0.20026591595637633,0.2319532773587325,0.7342601612262523,0.4245218566648046,0.9697397118686731,0.9840558867212766,0.5786639461333494,0.9258077112198987,0.24802899971861658,0.9686282193723226
0.26603234971889145,0.8227429242968589,0.16082639364526563,0.042458863912497535,0.7869540086962361,0.9921810524643802,0.3603709188000397,0.504716257134827,0.6907222314159466,0.14823966510768982,1.051855277492932
0.99577400930108,0.7242249450343287,0.8716592222503381,0.7124783619586209,0.8595328030052741,0.04399584466751505,0.6951849488207923,0.2584978795798393,0.9638652247684543,0.6475121181614515,0.9092404330237575
0.9101256919812502,0.9542990646299803,0.24089153421556841,0.4506416651776112,0.6458665473257795,0.6871425144340142,0.406255891389929,0.9584744987388151,0.48551922018291427,0.2994548699395815,0.7697609447290903
0.4933578648297907,0.07348671424065545,0.04652319673506866,0.3656993325229764,0.25960007091020254,0.2953647212592341,0.9255433881690477,0.3964576327894018,0.17014506184846423,0.15209496810662637,0.2722980095942728
0.5474387804057383,0.07549632820254693,0.10142602981159721,0.5750525094177071,0.7592297365083951,0.13344493429773052,0.7853018036889773,0.8073440057944083,0.5221838949676992,0.12249724047587296,1.055428764073836
0.2706375325874837,0.2840502073509047,0.5733675106415502,0.49677925765502284,0.470464712734435,0.6920714653292148,0.13333691086431954,0.632433294481407,0.6275398909592577,0.20787394927337044,1.0596331336208715
0.6112687623567206,0.19845494477828463,0.2166596806796881,0.10205218450706244,0.8096135702138327,0.21923949155798605,0.6387724958046822,0.5881983421106951,0.6008017693749129,0.9198940009172861,0.8155532950518611
0.4022293336684991,0.13332239207158803,0.4995043070734395,0.14831094421419466,0.9216431976512334,0.453124904451098,0.11829455676071965,0.8708694938158023,0.42422833455417286,0.9864950535080816,0.9986367402134635
0.819288895104057,0.08554632053862599,0.7437761382083302,0.6958509050153663,0.7525047213089682,0.8850004555384665,0.3003046374165871,0.441343548192183,0.6159924025262098,0.11763124927898161,0.9253611597359481
0.9597881743426442,0.840234489618677,0.4592895506971624,0.9304253920141005,0.9782635818919356,0.12994268151029942,0.6813737853580567,0.039076132084293946,0.8182314004064192,0.18523077474408334,0.096651674982254
0.3031352170142353,0.161592274345143,0.05383448179464012,0.16227939713996875,0.1275295415944705,0.1465059970324677,0.015792910718955944,0.4514683158474698,0.8544680201113395,0.20024118615349185,0.07285465978839595
0.38402176645899866,0.4221486968756156,0.719231603279435,0.5958172679585377,0.9621125492659564,0.17339928992343434,0.2878361144794179,0.26527283801370427,0.17793598431222857,0.6691619143553029,0.5801655769258777
0.6243709288323941,0.4359981457164872,0.8835081368965498,0.5749083718741013,0.9596594483508679,0.14524710530926832,0.8576006414181879,0.6034606578420937,0.8336952469951997,0.6380582864402042,0.4448292955031644
0.09931819925389962,0.43067043465572563,0.791523210252654,0.17786196730332726,0.5728409696093032,0.07330838162647968,0.12376991733627074,0.032288994926118364,0.14082865788347587,0.009393761168791204,0.7461711289954249
0.47342001115801235,0.07531698563037947,0.6669778625603353,0.1876965067208537,0.533713741174774,0.13436371604633657,0.49071370156884975,0.1085063579107125,0.653132158611167,0.5933636699349155,0.7814745157298402
0.02755888081587088,0.55177341369246,0.5132889493055831,0.5148856393781798,0.9759430402163215,0.9473727810195336,0.17686910407268652,0.715305823228148,0.4817854946209159,0.6430140309738773,1.0461091986670155
0.900175272231922,0.14218562583696426,0.223176683881673,0.29093532142475476,0.04117746264695854,0.6072586208748362,0.8954307034784078,0.22090780551715772,0.5667577528257111,0.34189413821389647,0.8694291533610318
0.06994421873783463,0.8242997553991083,0.8900328211485544,0.9944040277098487,0.42607345138692887,0.9481588917045815,0.15211978834514417,0.6059346419094098,0.8879515526315764,0.37071806748483416,0.7067401366999799
0.47393161675321993,0.3635691623464785,0.6395257118567335,0.13109777394774969,0.08152227015983404,0.963243942272977,0.6272430895143427,0.7135733047330656,0.29704424932034534,0.651511331396394,0.46985120744901576
0.8744076191771994,0.14984363413601365,0.6817961394242834,0.5057518542179411,0.28081188978953653,0.4546620617427196,0.772665660876734,0.33499236171330526,0.5200132583198787,0.8458253034144616,1.0794417551406907
0.5250226697817153,0.5589007040756735,0.8667535618670985,0.6894729422560955,0.39314939999097276,0.6136580034303336,0.5185337521182353,0.5345974169116865,0.34602311848440626,0.5101914963927036,0.9957755543253531
0.593972037449406,0.16140814486652333,0.9116797880817544,0.5624883335057512,0.364160544582917,0.6410362722061553,0.603407168211044,0.9684100130029296,0.5840428436820655,0.45236358181522496,0.9860480855568312
0.27225222986959075,0.7194697244688456,0.4079312845137182,0.6175998452241366,0.24890320837233293,0.6173253633390282,0.962453264343375,0.5711407340805137,0.4809467686612283,0.10966323336096906,1.1419394636991218
0.727829744757105,0.921135634989838,0.1278241326278624,0.010931790551122145,0.8172169521111667,0.6143689369033222,0.8705157483053009,0.7829819650918075,0.21018917968584894,0.6137051812089513,0.9825350517512809
0.7027160927477709,0.6190316763565191,0.6929023823349172,0.5437386157779631,0.09971879385807492,0.9229181381539171,0.5049824484695995,0.29182830360966183,0.01884859923133364,0.6625507382697884,1.2157055997197854
0.6818405488086522,0.22330855186260645,0.6727265410976402,0.7136252621462619,0.9747950904302455,0.6117932519366358,0.7471941713577086,0.4995532732404524,0.9188289678201549,0.6302582054484621,0.40427709012226526
0.712352332788388,0.4987446270868855,0.9936451466622269,0.037528465070690964,0.07127386273888248,0.7494571893991986,0.5557425756034944,0.9293187879558016,0.30384253534758,0.6115846275635429,0.9458936994021663
0.6449297039288611,0.5258858071064296,0.12478389473771967,0.9570849829933147,0.5587974490342089,0.7221188166028971,0.9057687101344075,0.7818783141381582,0.3291408936648236,0.8738820812811064,0.8562152309265223
0.6132634508146563,0.23911202726554237,0.37498985013836483,0.22340288462074098,0.6952449114829614,0.3042703123498437,0.8951419494329629,0.6914299358839487,0.41009344463407393,0.9386159173245904,0.8183290734106567
0.5441563985847521,0.02687746178480399,0.5255831169912359,0.6405660808222807,0.5878391527117846,0.47540310974344946,0.47947516398901413,0.7571423585759419,0.8266614767403494,0.7170934353708494,0.952192972345752
0.4424819820113042,0.3592985072537561,0.6464811277246386,0.9722621675798389,0.3128991164428053,0.7335784431465927,0.6530794429358149,0.7440003217548576,0.5099480996754387,0.11743898647465445,1.1346050896353224
0.307010528048549,0.16695680645328426,0.40986914512702244,0.6901329890791572,0.5327742080793412,0.18801529918295623,0.401718004809107,0.9473486231257716,0.06879206519416547,0.9897080286509501,1.0964902364301976
0.8368045009612252,0.5039869455129441,0.9016163574222176,0.6893957424645052,0.9741278884591539,0.9391784224034571,0.2245639904314003,0.7901091228815004,0.8754863181555753,0.12781243739596915,0.21754270144012242
0.10455162924917727,0.4906873706336633,0.6726279175091482,0.3461974193074824,0.8801890413258294,0.586694204701798,0.19336665498729144,0.7847371872353897,0.040340068601690704,0.6045305486315311,1.1684560999624944
0.2842643476654799,0.1790856869290569,0.00010167677001204911,0.88100004686978,0.22984641283109208,0.22991194482077915,0.8008321140372358,0.42142701353120005,0.27052343265749434,0.9375695798842573,0.8142591355093476
0.6307105181892795,0.1546487780992114,0.017116398414119605,0.926477116124032,0.0745892399875353,0.8626245042271573,0.5555818646165183,0.8095599733538494,0.24303756623531592,0.031599651890514724,0.9999537842501566
0.8279423926162118,0.7798832911981294,0.838183708457929,0.7852023266365217,0.3365672730461571,0.7662764926738352,0.9151654282979693,0.4490509703950456,0.9614027930600403,0.023075369012373392,0.3710087816390899
0.21810378706686706,0.383386230684601,0.6238466362791721,0.14509649685866244,0.8960771294891181,0.13631523184034655,0.9986674480147859,0.7689662180128126,0.012877604667063003,0.9451276010822549,1.0775834345755504
0.4032946649207838,0.7111260723207333,0.900396875909138,0.0841300734034015,0.317949652218246,0.470975999705594,0.8458807251371153,0.9186507686403238,0.7030489809794866,0.14355632129822982,0.9890111398367432
0.33237837694267824,0.5369980891811291,0.6917093075050964,0.1778214352841161,0.399743364427929,0.7706522168809185,0.672945677612091,0.8020649857388108,0.5472201907801186,0.2935199516728766,0.8552085007789447
0.029183191369247963,0.8174310312806953,0.48268038646798184,0.6037223441015451,0.2954504516416032,0.4145021015851128,0.48375324964460964,0.15241579140252925,0.9424006307513974,0.811880610321795,1.0939148048664202
0.2218054276482736,0.5405397336762708,0.24674305164252142,0.5308394583415579,0.6075072375365684,0.7483105183032488,0.8984084793453627,0.025385567924115504,0.92360573287287,0.2636526956983032,1.0205976910151573
0.16944534472009232,0.43075814078848906,0.14877193129157984,0.5769249016181336,0.8379878047599566,0.15199111743051252,0.6340719556492392,0.3837060358884832,0.1287114247158021,0.7849076843109521,0.9939327751935411
0.6911766115534884,0.8389323851982184,0.8886055715881808,0.7877688034289739,0.7932136939822108,0.4323923642907096,0.6651155696247065,0.1878463493301218,0.86718221317472,0.15514864850233057,0.743876667136993
0.11397222097044779,0.21172454786811112,0.7358665055807021,0.24589042418302887,0.2632991417451995,0.46005054078817376,0.7292125074689471,0.30858120636180986,0.9410677790219917,0.5455981655289791,0.5192048449108913
0.18797510175348953,0.5180473947996513,0.4760255925863526,0.3734716435135593,0.4025916486907434,0.7073221296468709,0.9810318251855799,0.3919247306841732,0.5125402758356555,0.9278966022457703,0.6251090027536312
0.6642746388335952,0.8382894293915909,0.4178449114539441,0.12498060565543256,0.6125593686692994,0.5243320394575691,0.5346404469655952,0.877871422583162,0.7286051267610162,0.6094435715287446,0.9608695768362069
0.24103393645861593,0.8910843109194317,0.035088283017412514,0.5042708995162322,0.3745285567436826,0.24707504156912663,0.8214645946278366,0.1634984930949288,0.15971847996743993,0.15533812523701096,0.7190841413083431
0.6312123611455956,0.5656570966737082,0.47648445757908375,0.5782500820702807,0.2590399096663194,0.6729978189227838,0.15052630907626918,0.28164399058176015,0.48870087768912607,0.3426123135556949,0.9998187480135692
0.11719479556194701,0.32216331945709675,0.5709692433189507,0.9558848429000509,0.6892224452139712,0.044262858499983015,0.839578461864882,0.6090471317962203,0.2911401361008854,0.481084524045442,1.173133211309567
0.2435330801493093,0.19350628188854646,0.3064883610112632,0.6512140852397897,0.7274435746290012,0.9685536641260664,0.37712178068275815,0.3389565103749351,0.17563334445763878,0.4477148695107499,1.08269266984668
0.25491474503464184,0.42899646755106446,0.10985646354049594,0.7860055820303085,0.4897745266042667,0.4548530838563577,0.2316522143781622,0.04116049938865973,0.7129162936639513,0.8368551129127866,1.0359148042452189
0.8737067802053557,0.8814356652447952,0.4730342314988538,0.474573281255219,0.2966719685049267,0.5447976110140357,0.07529610475243331,0.03402071255809791,0.1857359127077567,0.39829805692804576,0.6709399646964046
0.08356989717519125,0.26619214030546134,0.32797593916562207,0.9430655863305182,0.2904197867122885,0.3958681853769014,0.06343338646436769,0.11466982626517264,0.7257306438480186,0.9599088118007157,0.9044643787725747
0.8292879805072909,0.8791895065846765,0.955502880595007,0.2520823607549578,0.2665199819171624,0.135326297438926,0.4494407899972901,0.3985925467407577,0.8565958235046576,0.8125184698790187,0.8451928838693135
0.8693304171647072,0.5350671530987027,0.10807718262963872,0.19537719828219324,0.5990598892371782,0.5176991593078738,0.298633489224461,0.9352331148320229,0.9486518059948972,0.004865110562797037,1.1731236726966596
0.7993525834229341,0.32585541158277964,0.1515388070302246,0.7125956658163957,0.364094581674829,0.4949726983202266,0.5609482372802508,0.49033069417390907,0.044870485993959264,0.539925173457076,1.1019244049434682
0.4501246337667152,0.9950797105188014,0.24250294670993766,0.9990137106380039,0.48254161614277113,0.7192322971019637,0.6251170210432269,0.7821042514799176,0.5199060494772353,0.2671522353875113,0.7618694579705542
0.6531922317243828,0.7115409076016741,0.4373852703936639,0.6039528431484315,0.4733451485978316,0.3076236889229178,0.10155418131309413,0.9796712442755781,0.4480061713373765,0.0681354282745621,0.8392465671822119
0.12230242425298987,0.7982256441495603,0.7583993823460738,0.5451029412756156,0.2287406123976814,0.8497189416930925,0.7246826127045657,0.6109426964424288,0.23261086997035252,0.5168420268384563,1.0726371486919697
0.958559093326267,0.56513076993084,0.2191523313353626,0.33021758514232935,0.9557043839268156,0.9661240510073846,0.36094264950916866,0.6228004839262798,0.5766767833400301,0.6691047952688992,0.6786352773269417
0.3138719096552589,0.08426712283067384,0.8032074224100059,0.42868503998580954,0.8114151592813686,0.06761280646326606,0.12398824508951833,0.12057203163711794,0.9655992955006334,0.6447801729254373,0.9945294274857067
0.8124191420849174,0.2985096641334235,0.8058120758389556,0.9237149318323568,0.18125989643130813,0.6439607555702461,0.3465651941359772,0.08377149450367738,0.6617539351437968,0.4187201706969804,0.9139746704881048
0.09952519481058564,0.23967996397096258,0.6708987972042215,0.09243028746828585,0.8361384900457457,0.43576417923108024,0.3386180764464791,0.9957694848613088,0.5583101501604898,0.9517932960815559,0.6040240401983218
0.4432675570880129,0.7403061960236317,0.4461535685162773,0.22068293639064107,0.38333801835361503,0.10220859148463235,0.46646813146620636,0.08097630166492498,0.07573191471428564,0.17623866951983058,0.8927720725987929
0.6630180087000204,0.6449211266602821,0.2696701358433805,0.22259289897939216,0.13410964683206017,0.4727239492479065,0.6492120188464776,0.2350263548017132,0.8432636717516195,0.6108369722762998,0.8955949074210832
0.13595089484148914,0.9143931081087459,0.18152298341072892,0.047439957286039336,0.8617829092882155,0.5289043533035055,0.7188669299642894,0.6409371889922316,0.7053116337334915,0.7337470906322842,0.8137464972968773
0.4361699789076795,0.8334218816947738,0.2465815802179464,0.14836078091573812,0.09582725899491706,0.5460807419588073,0.1438596689446422,0.9333518301055665,0.61394490147274,0.6106443402750859,0.7324752105830938
0.5262730514304014,0.39626488336361243,0.5117167679283567,0.15694477545993113,0.6106944656419864,0.17426045296946835,0.34305093246943896,0.8110148201234793,0.47828622268867127,0.0004951949701269553,0.8674585466313796
0.20607096772086608,0.36758984271881856,0.929808129300278,0.9441179023091874,0.9177648090243526,0.50415759117552,0.49375802893968845,0.140333639800728,0.6446774968596473,0.7485374569274809,0.9921113064077294
0.4720086563458912,0.6590223829459912,0.1816154371399289,0.024176832301583073,0.21861960234548428,0.4058935747354273,0.7783449990149419,0.9796946500265808,0.07364699885450066,0.3840114452680975,0.8884505668048946
0.175603927919879,0.4056475269476786,0.9405427616155949,0.9554513157802694,0.7494568130217826,0.8684996730855352,0.42455272114335774,0.3110843265296015,0.018158865755568465,0.058328633626753,0.4788179471020635
0.9547953195128669,0.8608032727239385,0.8120537958617066,0.18965623477721916,0.4007646677166262,0.12337077600364466,0.054716686276620186,0.18170226117455357,0.4546838440519654,0.02883752098555925,0.4382320120128617
0.20480143282502772,0.7698518900670671,0.2085605163283627,0.3527542081145171,0.6081541431030556,0.6398389427737591,0.13086660846883846,0.23810376602248629,0.40649632819789017,0.44497564046550275,0.8165734409700104
0.21141676544175858,0.02455750935336909,0.3394462826224327,0.8658647845455949,0.09360373072447847,0.8913202924461894,0.3380010017625412,0.6484959593686619,0.3164237865804652,0.06738382204887694,0.6347134444377921
0.5836597333904604,0.15777349295447007,0.752614924830165,0.5103999249703242,0.7099649618412294,0.8432214079213656,0.8340170966800227,0.676563632588514,0.36140444297791374,0.5119857607548937,0.9290834454074577
0.34900726687953343,0.7351357931858196,0.3014853454220464,0.11884536113702016,0.9738538305453545,0.33527972323326316,0.4413342161320374,0.007600082721081591,0.049077548732608056,0.4039428551685802,0.9992487734409703
0.458874125408693,0.7599253067048338,0.5905802930773856,0.10761353190942458,0.5408587635203166,0.8337933410002992,0.9100692710070617,0.8969142424802816,0.6721975280455549,0.30581669260484734,0.9971617121117444
0.45101606899160196,0.15722300630805386,0.5716391662818215,0.7172315716514969,0.20627919537607964,0.6161455557084381,0.9463978349699961,0.16531252830013377,0.9352315416607004,0.26319129789491935,0.953069418920975
0.9198749410074676,0.32763504634438567,0.3609650133977075,0.36905784599152025,0.07041291572116126,0.5241407549658467,0.8878207531242591,0.8050516750279676,0.3362676367788867,0.7822353216100938,0.7211090867667607
0.9357852135657195,0.44972615188243914,0.9880038116005918,0.47920310033098823,0.07458572270620434,0.7040406506808945,0.9318299265287637,0.6314558284437898,0.6541587682567064,0.8949641253644247,0.7466625519608112
0.7591007042245832,0.43343504085482154,0.34925314221119474,0.7111764915500136,0.7027275753103914,0.3972359275751577,0.22878401275528515,0.14775856843910307,0.3986315534845546,0.5048232996170219,0.7173081817922202
0.10616205817076096,0.9526122637342074,0.19830898546456677,0.8125328859709133,0.8279827210535142,0.21957924246688854,0.9237663998449089,0.38190384562057866,0.5173123525486686,0.4656581199888088,1.1014434862077582
0.1477843839278239,0.5285044985244045,0.9498307966176895,0.20126720407396015,0.03696405479208098,0.05452135572425487,0.7472817591463496,0.8126533604180909,0.3121629855517235,0.22856401385805347,0.8226577827044345
0.9550049892542337,0.2873661089223972,0.508926120217082,0.5419480904852385,0.12496167652969292,0.7721743357725879,0.4654918377446928,0.5533716107614088,0.6384243907781495,0.816627400544176,0.9893529300298401
0.9501942758810502,0.10847588560795374,0.8722734272463734,0.9391559909760367,0.7385095049004542,0.5203857200936842,0.7545893585387984,0.9239470883106702,0.4354158308087759,0.5580066253473257,0.318688675253545
0.17035037907658568,0.15122062727318042,0.7052632354473175,0.7977558853783336,0.6142243998446045,0.13165312064450396,0.4791923582265223,0.9997973420815889,0.30583747395919614,0.09937753744432087,1.0331720302069882
0.7081926835623404,0.24654960954672378,0.06375202885608966,0.7156529457424258,0.21448444886303386,0.2414112858594869,0.41393273013734133,0.7297988332126133,0.9493839225460217,0.5812298503717929,0.8535553476935399
0.21743631353947823,0.12474609636130352,0.1510418936035166,0.15980957253516592,0.005959485395139019,0.11545712796950724,0.14572859406236816,0.14838036681698918,0.6670351162032091,0.38854723942082736,0.03525898118236648
0.8867070782966483,0.35210466343457236,0.6539192437625742,0.41659385474985833,0.16972883575767495,0.8739077775921533,0.9477999369932213,0.9068904208630727,0.0036984105461423944,0.9665065070012338,0.9992982487601638
0.6013148349288283,0.3041693463175815,0.015799894856231234,0.8182105525215966,0.5918879169858124,0.5880794050532921,0.5731079332130236,0.8241089476865315,0.3438244253925773,0.9830143945104703,0.9555282467383306
0.7202862729310039,0.7330169388949285,0.42522115710290886,0.8340139377089902,0.26234925698778455,0.5009890438543887,0.43062934626262994,0.7573074218957441,0.888333449291203,0.912875114790335,0.697098110549083
0.6417165714924766,0.2396539582198186,0.9005741326386622,0.4531638022265798,0.7785196834163919,0.1638136454418213,0.9447964346060544,0.835176981977302,0.4465714940340195,0.8975792611970059,0.6556670274162116
0.3314583060057583,0.8977752952857893,0.5973819142578967,0.6340639428006528,0.13811145788888546,0.17827947980789305,0.7653993645062059,0.8806203778575914,0.7527465905559348,0.6685041536792552,0.9845058565054972
0.8779532416761987,0.34748381789180416,0.8608889210138555,0.5706631848259182,0.5901149158837143,0.19717264477852625,0.33014631332326894,0.2589545490906737,0.47956674929241727,0.4257512081790743,0.4741613836898103
0.109589113368869,0.46973401560510186,0.06571987713919891,0.4338161587783982,0.8561098008080353,0.8149232815463106,0.24489645511577096,0.5801375493236787,0.7709380378054999,0.16949297150584053,0.9632576757801015
0.915048317942242,0.6078419476246582,0.8096973569548611,0.9802359912205579,0.5485841973494949,0.1877953021064197,0.137399248447178,0.26299342998320563,0.6325183180222562,0.628960547940102,0.20231123508441087
0.7253157368533905,0.8657991500586222,0.7523503395504042,0.7203976510352166,0.3267503204936215,0.9592308738344298,0.4392155578439465,0.26694284247027167,0.2849096434692183,0.3503348462617347,0.7276208558612467
0.08660664908502236,0.5224158864906061,0.31790900534612687,0.20663923688649066,0.019712032777057575,0.21500473691061261,0.41700070424828095,0.6663322144627442,0.3852759623097203,0.07797137764054696,0.18938381152245773
0.3320102582136668,0.8837787312380067,0.038221132100323296,0.1909941581394594,0.6953548067973372,0.306891316313902,0.39307980842170265,0.0018199701598150542,0.4478934506110376,0.9412717830738524,0.9859170081793311
0.49182664744216964,0.8115210383024472,0.23823900536277653,0.6612410439670792,0.6680097844081869,0.11926847545909025,0.9215371733822291,0.2286765602482641,0.5671678767342836,0.850698176193082,1.088768979712897
0.42997934358532053,0.18543978085727775,0.05779911875815247,0.6971605315026668,0.4104845500667982,0.4259166812662645,0.10017143941674733,0.6820511956835033,0.8187803675736546,0.5055569389118407,0.9915976504721559
0.17539045177418477,0.9075594530810694,0.47383291607207345,0.33148698560912215,0.2825352008958295,0.7720401614250324,0.8846432614110704,0.4936650940827003,0.08036420149111345,0.5411612165451171,1.080383129325094
0.8504656853854473,0.9211132530006872,0.8863135872699675,0.3091741211916986,0.2630412689871712,0.661625235282363,0.9632241284157023,0.35292008450758994,0.5504619423816548,0.7618268262215838,0.49526807742440565
0.923856647411531,0.3302184827600717,0.5571459414757509,0.12899389570931585,0.1098407779869437,0.5976722182096468,0.7080034471242851,0.2864769458958676,0.3447732918718712,0.04171665814127912,0.8553306345833506
0.86574314136351,0.8331088722969285,0.7547870826392271,0.1733379474481752,0.9647117312271458,0.6582815917624034,0.5464373594339188,0.06504534190223754,0.4617652721015527,0.04482791770138772,0.3168867742745702
0.8123800522223076,0.7347861473911644,0.7711873248042598,0.48457615418345823,0.5831816112689553,0.33297342721377343,0.6038841871438211,0.6610048633312686,0.3975552024317148,0.9523599576974007,0.5681243981244091
0.4246846733244737,0.6716991568906187,0.37748125077004324,0.8565461040389772,0.8061853059388774,0.6998843022864821,0.06335729198605589,0.16965096052427542,0.9285492383734989,0.14227617617016042,0.7422291873367624
0.36331185619139117,0.6757191854666885,0.0014518857924535888,0.8319173260186327,0.7808984280879996,0.44191049109465197,0.8692217132896096,0.4576590114329806,0.027381867430857354,0.8441348762384454,1.207550712876691
0.5707806002135416,0.019901849120774084,0.9032548928780714,0.8511117842410321,0.5127667934564075,0.45371033245617554,0.5554724371425805,0.4812182734090178,0.6809702134390175,0.6686193174878283,1.0286455048626686
0.5615894107939364,0.7489614050132801,0.12863968584286678,0.8147803146255245,0.9436527647373842,0.38528836577736303,0.7729796245509224,0.441244845031017,0.018394523109871996,0.17965135048830794,0.5706732977064948
0.6910881624912755,0.5652259912472389,0.5444503451904723,0.5037101039187348,0.8687877031475044,0.97283255519112,0.7882932078334101,0.18459517704558315,0.7730321427219473,0.40565648280420596,0.6367411911411359
0.8726319940612108,0.4949834219581086,0.5311784969407878,0.45011721443509345,0.8046040702521338,0.6882897718762231,0.8384960950776504,0.4948993421548311,0.3341436307348823,0.5025488892589993,0.8015003927579631
0.7100962336130976,0.3631706459701556,0.10647934689435379,0.22245770799405284,0.4538291256680831,0.4730677174024721,0.48711107699174594,0.36008640448618556,0.2006619149977904,0.46682263802586077,0.727216215567965
0.7861678476779133,0.1666944656976238,0.07873804380170912,0.4683625458496675,0.38212550341734686,0.10797520057690446,0.5341999559921178,0.1920717171491464,0.582479602910137,0.3412327747494135,0.5928535845829488
0.0009248082180116635,0.30115432845186885,0.9848908862186797,0.9710473500787189,0.6489749696008102,0.887865128620862,0.35061705468110205,0.48491799125129953,0.7639313117515341,0.5684224233831999,0.8551652201948567
0.5595871410195556,0.500171637383155,0.8191682582608864,0.40929973803046216,0.09136571707941976,0.549499446387042,0.4426627614951717,0.20654180086945217,0.20958486209914207,0.47084650257104843,0.9770702274076862
0.3390059866140469,0.4802006708704081,0.8256989773884268,0.7402192923433226,0.02100289160221125,0.18673180573843773,0.4551105891286702,0.15803203291597256,0.5591909750967595,0.4635275965882024,0.9859997496939145
0.20217786089941892,0.10898812465116348,0.30221482103156183,0.9877737490952885,0.5173660817792018,0.7636770199386603,0.7028924980146968,0.219446188037134,0.14498729443988556,0.4225103753910231,1.0598398622453944
0.816151715277117,0.6533768881273915,0.6553704299730502,0.039473698719889594,0.18457826223780127,0.8908075085041034,0.3654329905205099,0.5854362977285569,0.22486448962088645,0.7081885306741925,1.155472939652857
0.11150633267035748,0.971059500149147,0.6189233023086131,0.8547194433658362,0.7542096686817501,0.23039938201172938,0.5208524750415287,0.050170077268542834,0.8767976859748503,0.4862796445416808,0.6754830383921508
0.8000616457267936,0.8174737616218818,0.923584939312133,0.6258886894178983,0.9012199499790536,0.3761043004645327,0.4278301846897885,0.9276131699968533,0.8770015729003523,0.21209254066300876,0.4393367170182002
0.4271356087713595,0.9367256070153448,0.002067143876304356,0.4557119252304572,0.0367455878406443,0.9762536195931372,0.7294881640923816,0.02590018240004488,0.8786340550226795,0.7606395218777998,0.5175392551839999
0.6643875626599653,0.9983463522837595,0.9279788336404095,0.6690146807626204,0.929918595302225,0.41142925069336655,0.29888277962185805,0.5075694555563601,0.47168226073388575,0.35860173088997127,0.1952966711953592
0.5494080894340484,0.6113231000436765,0.386656116361345,0.7396251308349395,0.07200013805014915,0.0567403899850667,0.35664635409112455,0.9824962926668944,0.6763582367818257,0.0949644158399604,1.1259644367243782
0.7907096964617362,0.5595255930494863,0.47681653065542906,0.14199027020063726,0.6335549424888696,0.04287503835921014,0.8994655119808687,0.45373814811665136,0.9771526531763581,0.2188002749246789,1.2311476389426066
0.8940252911982008,0.5801095414491366,0.3783194285459507,0.6924427533034497,0.691778017204029,0.6784817935210903,0.44731213715281004,0.24172958029407288,0.6353583830549636,0.11874182318382287,0.7221348247403069
0.6746982714322791,0.3664495879362871,0.40727687064176554,0.8514391162619556,0.7225584154187815,0.43425088948178625,0.2917306747428069,0.9340048515702495,0.8077942216345304,0.24183791876819827,0.9701074741049651
0.5634367513582392,0.8957849239764633,0.857014099225846,0.4457633191567626,0.8925239425660448,0.8044159706773024,0.9471804118810806,0.4951287549583324,0.0034983011646966267,0.4937941763551895,0.6210418726244269
0.2061277220985095,0.0802923017943018,0.2500384049387967,0.42334799859479744,0.5619651362094563,0.5988994799709971,0.27269797894494974,0.1568874184072795,0.7770830535117159,0.7198158243150985,0.9948585823619845
0.23386006593057018,0.1336123098651435,0.0814111054322797,0.17150293725057397,0.9736671063991769,0.42606361337177456,0.17385167913828226,0.6208588055630097,0.48053365109861035,0.4635746270777171,0.5925673635302537
0.6751950252804169,0.20176913927538542,0.8581884198626644,0.7990635771232931,0.39177367949432396,0.09944332636027398,0.18052833112617206,0.06902221570188383,0.4002518738951396,0.1748731302580091,0.7480034030652642
0.02102675484095129,0.9877545387924058,0.22428282798358257,0.7078855381259688,0.12692049470741196,0.7364376292248284,0.885021438029938,0.13096270362123918,0.7457497610602725,0.8751531648001281,0.7417241091841598
0.29102424771068913,0.22368164023798798,0.36665869299293774,0.2906343383389458,0.2980968956562051,0.6508866115442096,0.4034284009841901,0.21835005919305683,0.2200332432292007,0.9807264717268792,0.9943659951647426
0.0242922490549089,0.920750691586352,0.27842107368895275,0.029193960244776496,0.4853172298237882,0.1497932437805053,0.9915110778277656,0.4416441996006808,0.6484129829019799,0.9980416193785545,0.5132331707383404
0.718618355945041,0.6567261707632948,0.8693952400594214,0.3568377563904215,0.03283435833580317,0.7319271774152816,0.8090174139055081,0.712193499345067,0.21363870114170525,0.14558551320464364,1.2196818891355876
0.18765722676228547,0.5773146384677895,0.43764756833826535,0.14842660533250995,0.6064250646252197,0.9106495346186659,0.4941267903035407,0.9155283183394605,0.6322949222845731,0.06731551535351499,0.7956659161469987
0.15237141340977822,0.23628327224996626,0.8619507514639807,0.10278840814554291,0.5695492406414432,0.07895060699463985,0.1362343448131904,0.006046589874157959,0.6028412275293227,0.9848469684057959,0.653556862403843
0.5483572140472951,0.25829583675097467,0.4714625511182968,0.07794158293749776,0.6392640693739883,0.31990554379369673,0.7776622270415341,0.8735351403521984,0.6027277107874328,0.016132358454086226,1.0129920445597087
0.6404516694644817,0.4826165716965173,0.49207173960434536,0.13611447381291986,0.5444392326868341,0.5225231268557066,0.9369342807379015,0.31206883949132125,0.9064618037230255,0.921295620123445,0.9353956247824521
0.18042049871663757,0.5803681057460871,0.6277685437170066,0.5025292476650971,0.45856245812812135,0.5062806806855297,0.7705430760775672,0.39548290786132334,0.25166553615655807,0.4574606596851851,1.2138688364812402
0.48333084370886437,0.6377436710989757,0.1498063209993693,0.37647820382601993,0.7623560289509702,0.4988852337240888,0.550466328043658,0.7056557191518664,0.5185030581244452,0.9308498422429466,0.987042490675794
0.4181612122162841,0.8861903753928818,0.785629758017752,0.9980344298825019,0.2723452315366479,0.4544921572885764,0.9539426559062292,0.11855619283318353,0.8865907999240789,0.5693598693022088,0.5737167748742991
0.13752200722648678,0.9861331950435035,0.5031853979391759,0.9734647205197584,0.2307784284469988,0.18698320363525323,0.00046881664723097405,0.2490649748699637,0.47288748122534763,0.45712307018207177,0.8391327857515379
0.9182270103420184,0.8418116725786444,0.4556969780608169,0.8387767009489631,0.9907075434607542,0.735190630535202,0.13909505235431652,0.15793465299173226,0.4371379928928796,0.8903518400363754,0.8543196191762084
0.9397894664958976,0.47210377123271663,0.7730550539744913,0.5269485094375503,0.09189761228496918,0.9475455146173825,0.02495910441940241,0.7927529102188585,0.47107030342971445,0.7778604641998184,0.9396940185292325
0.6408765420849691,0.17935171494704782,0.6603223120985465,0.9645614308329117,0.3997962272341613,0.4896354363631793,0.03487306613456842,0.7284995670390431,0.8846610727832022,0.4673578140365544,1.1265385191000052
0.34019371541079624,0.7297953715024892,0.989176857790406,0.6030462995788995,0.3557088317899202,0.9999290362077571,0.6268930708239704,0.30046363021286104,0.38007540388749317,0.6457857948603835,0.8557953932427591
0.9062072340993139,0.12725572698166954,0.4786825053378606,0.6809572618273625,0.023143437936879563,0.49081537041393797,0.9178420472995006,0.8280243686088274,0.15682442578642086,0.633908753247848,0.938190108883235
0.8921826517439756,0.2831584578365889,0.7056668171199122,0.31644432584549087,0.7929735755272298,0.8834511761601586,0.9569235190496261,0.9293481328405375,0.2771514151397333,0.148101026495983,0.7007087589916129
0.04765811398376807,0.8272516597440558,0.013127495216681218,0.3829597610286405,0.02230944473343832,0.6107833631300639,0.39556355857007985,0.9569207192003341,0.4117923992699074,0.05078979446979992,0.9569673777142262
0.017290208312582434,0.9661368321383375,0.31353757494893053,0.3543888754710113,0.6880396295245409,0.37166920681794047,0.9451010495372012,0.8292135087686403,0.7793691449958097,0.5376863269066374,0.9595687524537171
0.2094431775894463,0.34481240055391627,0.07868083314349794,0.1525989808457371,0.8740926652195915,0.6619224034580751,0.8078635788528071,0.8917890976307596,0.4494027085140355,0.9070747676538258,0.3230461769825388
0.5448196277921438,0.19816877566994184,0.4157982888149996,0.5438055812656877,0.1581858311218567,0.8897117453251494,0.18037093824669692,0.6042305731239314,0.251918788199481,0.23747149928344546,0.8234796849497489
0.8286898028891583,0.8311440559939902,0.9738085298620465,0.5411475749141998,0.7364358994309631,0.23791004822945272,0.014021090274860537,0.9354689780738434,0.9445447036938263,0.5570051066214451,0.7515507060204162
0.38975451835807606,0.735466489637983,0.7212476648050605,0.9994536536057533,0.8754205731647605,0.15881034449821108,0.5150389910856222,0.10934533775369004,0.4298779475331964,0.010544036572726068,0.1029488741892899
0.13243271085440478,0.0046375593757350675,0.9967217808530225,0.32786536682915257,0.11983266061648101,0.6581638855904327,0.9765080926297242,0.2507240675139394,0.8857093915108496,0.836546835422293,0.25927739653156084
0.7603141203655146,0.6892718902279009,0.22489435674189584,0.44246767962004074,0.37683148499633423,0.060392964611144406,0.3965968537567891,0.8434627806385668,0.5449943796668714,0.7941830392209671,1.2306166219421653
0.17899742012700004,0.3691696504226639,0.6200653074825967,0.34846159587839964,0.6020928707753138,0.6852716006233449,0.5448449019151476,0.4565460158388569,0.0714805360380234,0.4299438079011155,1.029479084512909
0.09024292247481625,0.9790643387917617,0.2978914598777306,0.9061263896686124,0.39796723389014055,0.9661798937805564,0.3080080237346171,0.009428561353029163,0.20720177222741276,0.31832079377462885,0.9541391985326124
0.21335179610492283,0.3569355392408815,0.01410052426969699,0.053799027557763446,0.5598716163580102,0.6808789500525071,0.08687642369725146,0.2786683103062163,0.44037700594983153,0.37685993512518334,0.23297129815821477
0.07305882248282503,0.011726188088632461,0.5307972488265258,0.32506741239956594,0.7476673051769637,0.9453231216425609,0.29871000223967414,0.2938194918417416,0.9386418595358615,0.40466711983895554,0.6569500821527032
0.7323337681056559,0.35505538349055865,0.41798835554924263,0.5998778182208565,0.8529222516228109,0.22864785009197608,0.2605679351714879,0.744079587542797,0.15243661499188244,0.2465902533014357,0.7147069308134161
0.10402667741405847,0.40983851357457757,0.794344231331995,0.3783927736867566,0.5837059821276509,0.3722265072473542,0.9326319895897207,0.04011000405901777,0.5265053694838031,0.32600402377016235,1.113737175759034
0.6726779350510925,0.7296795843792971,0.19977221680270285,0.9987055003844234,0.9965578162634608,0.3307872417016674,0.018159272876374977,0.29921303643652075,0.09767770248473828,0.9359054853110609,0.279176909162547
0.40623326161378037,0.4932671552614798,0.4346398907575407,0.6462787762120626,0.040646976625988485,0.47421824655678,0.5532452574778823,0.5823076903485187,0.7910677281718477,0.5752037390663733,0.8679233141492595
0.2520777493296845,0.6598527284764454,0.9539537659896704,0.972195475554912,0.887173474450986,0.8155663755577158,0.4108487409579913,0.681262045205665,0.8365420965906192,0.7892930764036283,0.16003368468419574
