0.06768179075056646,0.5359383244076945,0.023960899447146966,0.5098584429558554,0.5113910870216682,0.3168355087200153,0.785760566698938,0.6540240180620942,0.0954542833537152,0.32318426891527763,-16.483735349503128
0.6615984268372735,0.25321520194399527,0.5414711565659274,0.8688626045742411,0.47321586847799824,0.13376944813161062,0.15199773584836762,0.3760483026136233,0.9948814857564434,0.9159312188226416,6.5992173675329475
0.45898853689498365,0.9718010801496507,0.7230607224308525,0.8209636734225647,0.7338201696391645,0.47050048384743537,0.1417103098060143,0.8454943332195216,0.4546833320136241,0.9508681923484191,19.19022090166304
0.3798043644914322,0.8624188240765043,0.7953152457950365,0.8439536169745355,0.8447028305210463,0.5081655458112357,0.20712587703572216,0.9697503780843758,0.1512752300609863,0.7252615715588124,-94.022200540739
0.6931421957731686,0.4514887225691999,0.23680727310981986,0.7501792982536676,0.2809145779819442,0.7645989159244776,0.8443664686913616,0.694933100078827,0.5693406388193907,0.4870634433088652,-177.3077987536436
0.7513120502606032,0.8967648098282555,0.5641992783756883,0.18956405917312247,0.7041008454733305,0.21013789652167036,0.5359324354233371,0.08581928206488221,0.576728634946613,0.4225230427794866,-124.9042675926192
0.3834126932076344,0.5649535274826873,0.6110464941269806,0.5057917691732624,0.30266128622034516,0.9330499230320537,0.04884413736562032,0.3004874812022419,0.8689529064891824,0.26568600705524736,-50.21060519215917
0.5772999677296762,0.801551074993926,0.15676078090378798,0.4642303080518818,0.41152362243592755,0.03900950134362169,0.09113503196313189,0.5172588450277962,0.9416318780491488,0.46547853914665105,13.597060329071258
0.5666756567907744,0.5576980824287588,0.05019295068638785,0.8133159077970559,0.0697682283376806,0.30791599003888936,0.6543684623692008,0.49010647541246477,0.5707348944856675,0.5771855205413945,-26.397424766869335
0.6992048544448671,0.21228613880855995,0.46705243252033246,0.9392555044804913,0.5836762639308813,0.3920526239034141,0.9072892021627275,0.08946483651340453,0.432155586012685,0.31184728876970735,-51.610047747306105
0.20635067794039974,0.3909449680364113,0.8293550675668567,0.7689346537776244,0.408792270285421,0.007593644345446515,0.07968287045554834,0.3791081688880955,0.8290875254292703,0.44804243603859284,-48.924597327174965
0.49408016020957857,0.2711234000251641,0.45438776485789634,0.3952754194675233,0.3483817219237577,0.7352849186724519,0.389646663225215,0.04108342373455842,0.42008302368152484,0.9495348579458179,-13.369429051465403
0.9338459079366732,0.8619183705809227,0.8230466500394288,0.2828050561113844,0.4142791355520048,0.1835593118225891,0.5398315896487946,0.4134223849726679,0.9822265936374293,0.7286564048898959,-5.364648718026558
0.13654385061401064,0.18788408150673475,0.22059986582659874,0.3423016474756364,0.11015120666139633,0.8511307830147385,0.32805613847677473,0.8335415246027723,0.7432453847157369,0.7336478374818106,-244.23991281009103
0.7127186143101709,0.6436635949036625,0.6932570083897679,0.014105834818722962,0.8797748901883924,0.23078787716656057,0.9450841222836733,0.5442400311369169,0.10887016023766971,0.04141190038204645,62.55354605788209
0.20285815572549915,0.8307426590960989,0.4060842482234489,0.5047319169339394,0.7338817772346214,0.08706256019380676,0.7142328461370403,0.5962863181618754,0.24535417853050123,0.6625591945293082,-167.9320337797926
0.16148108752663748,0.4362377451628232,0.33735510727863205,0.015621522915603925,0.6134817051233566,0.9966550776713269,0.8128916934415192,0.49157448555731365,0.838069658379774,0.4535516113912448,83.75121936193958
0.9700740504461516,0.31237706237133656,0.2980293699470362,0.7956327297489008,0.008293066166238483,0.4859885478109197,0.7825929464804025,0.06814809850089054,0.9378385570714886,0.8079575109935097,91.92494187351103
0.477736395975661,0.05894584688681703,0.6119583696789174,0.8714544775052208,0.37374532428756657,0.3276385075823378,0.37554748865022003,0.11266740887923676,0.16795612539377092,0.09136709839602497,-100.62400890513166
0.26324950653782087,0.24497038513671576,0.6766685836336239,0.9275841617093293,0.3447123967535617,0.38950786503530677,0.800179108947425,0.2034361625962945,0.35992200559166154,0.23842341732633676,-206.70801664194832
0.6333037924266699,0.8921636982038309,0.9571736350630068,0.1076862222276026,0.3729727611634782,0.6440147485767412,0.465128258975923,0.5083869983474096,0.29709831999577485,0.8130164081668392,-35.52291861071693
0.1759029773397286,0.07477658473152782,0.4884955930807253,0.7365329356212177,0.6838793028780696,0.6394073646935013,0.47686718755837887,0.10639124379904974,0.15704479374298042,0.9606901758780475,-60.60178603587333
0.9318321020574459,0.9338681260259096,0.8788481638075002,0.04296564163896288,0.4468096161147993,0.4512798589716681,0.4450035863986763,0.7710221799859376,0.3333631638766882,0.1032118301794257,40.32632824050804
0.776643170957395,0.6577422448966023,0.6385228723835698,0.32237521758456456,0.44527699115507313,0.8426951504484307,0.6459006454919144,0.08273369447701562,0.8412335417387727,0.3362695455421497,-140.82334450935645
0.6546447688264552,0.3767731954866519,0.390907911496885,0.3756343049485753,0.2470136908550129,0.3738718163554786,0.17900890724406615,0.7497968611786153,0.32615324226169007,0.7753775106485294,-214.5315195124726
0.6089925110658433,0.922580446571603,0.8244445726651669,0.23625462080786275,0.20743865435251618,0.4089976887682,0.008628365492262757,0.7328617527103194,0.5450720782921576,0.547899219803052,-23.291561531787607
0.3779898149602261,0.8290366906127702,0.3975611583168345,0.21576097676884431,0.6669405836775231,0.5114679696654173,0.031161591752278173,0.287815642233449,0.8504364087623164,0.4439427536744188,-92.3142495783701
0.05965967307068798,0.6019738133528209,0.41232703775367485,0.9062959131779756,0.7266668406676198,0.031252812628503435,0.9113322294242205,0.36927507808021454,0.242462985657515,0.9984466506371059,142.00320548086043
0.18157379663745243,0.09056775229112057,0.9420322688730954,0.278022849484721,0.5315045268193168,0.17513794877366118,0.9843042328416373,0.03925111515637725,0.7053367801595848,0.22596254133567795,19.509582696971286
0.24293168584280822,0.3402387118503406,0.8599183065874559,0.8399800291190943,0.35881895449206636,0.10189402364803635,0.44399090705727484,0.5768849769090117,0.2884571989710274,0.9470655281407773,-101.7032314713975
0.4093712284684524,0.06196668291417595,0.004329190806495964,0.5799457014716681,0.1939889908511402,0.19733856564093555,0.39521446488636947,0.5764953369696587,0.4411541442216843,0.6078121772252121,-0.029665451065177706
0.21051901531188688,0.12234936521313022,0.3898645635267771,0.6535031360512721,0.49159551140236724,0.19330218613122685,0.7046637149029156,0.298223091261006,0.09696993026883505,0.4655814075688679,-182.7520166549056
0.6439305528062705,0.9807281660348682,0.03993350867687062,0.31047775448422155,0.9963046420468809,0.1036749426885275,0.6045476153515723,0.44945837627158103,0.2151052112357682,0.6161648277976771,151.1002771312082
0.839437932446828,0.8618517729304885,0.7435092175519709,0.6231188490132215,0.3325707475663593,0.22279594480136133,0.7166576771368248,0.7340480154525211,0.5309351358434322,0.12882758535051997,-189.1930147658362
0.32118195414394934,0.7524721063518846,0.17421714743383498,0.9055560665228829,0.11750895936272232,0.7621765089666345,0.9451442400997194,0.792183066772171,0.27564079347144643,0.2663333622187033,-160.05772907616324
0.44892720757281324,0.6783217732230182,0.12269213928544098,0.03163639181457012,0.9182357696444705,0.5826883189781772,0.8632035409948544,0.6555294520438903,0.6181705230277605,0.31123645009321077,-23.601744281112307
0.47921329605517815,0.20066381361620522,0.2893235735497244,0.24756420272251856,0.27202433306963014,0.004568778257181827,0.11393792253878898,0.7929558086653987,0.18057085916155147,0.5988277085409465,-133.83004112513683
0.1617378339952792,0.6149809176029195,0.7526053886858547,0.25877604928714704,0.21160664055907508,0.4423271438803805,0.4836192020082538,0.9275120183777179,0.004671574704170123,0.10701657650596053,-35.52560105136225
0.006866373478203958,0.926189777484852,0.990840602375099,0.012839047645222479,0.1634482304419842,0.6954678486054563,0.927311967116752,0.2454897844942603,0.6312752445732841,0.22597761665490745,201.54772999874467
0.7550305646798317,0.06201334514306822,0.7576511723418459,0.9640357807700405,0.5156276136055602,0.7405873648317585,0.582902209732969,0.8134794115817773,0.30395540665285503,0.3991526860241782,-45.81335225392488
0.6489307280493565,0.48676400087069716,0.39559499162721734,0.3320680450862349,0.9242363638329377,0.7111084360173193,0.24464036028033764,0.3117091282948291,0.8836123910441499,0.31099457820540966,-128.27007960820902
0.8157381323168141,0.08362409732000808,0.15672353347796453,0.7747279592451842,0.6411323154691515,0.37401464984978505,0.26780746921807075,0.20098402729095244,0.4970481720230375,0.19854016104881234,-216.91205783039757
0.9501816166861824,0.42524465949737367,0.8289691388880571,0.3597537786538072,0.3955771928810645,0.8326735127275701,0.038025070800291716,0.29001167497524394,0.09889788136015565,0.9013034774242802,-2.3081207321664596
0.7249029536434783,0.7584615491975738,0.17901247195730885,0.17179640769975268,0.5333881770748846,0.01444211556052477,0.0014597184394028462,0.6055419973931678,0.7376398071870537,0.8287887869876424,5.466428538866818
0.05369189649926831,0.9581277707119951,0.10484197708586585,0.5795759019414061,0.33913233060028614,0.28920754924943626,0.6774879491248995,0.5266266675671174,0.22300391378058815,0.46087825522592696,-33.17205798183973
0.606611894831341,0.152008144112861,0.17485199358712222,0.5647569019733523,0.38420706371200763,0.9330513748455446,0.5445936167235815,0.11087093606936349,0.19477732282737992,0.2872538993577902,-139.31212455770455
0.25070306905387596,0.4825510788732138,0.7940290506792607,0.5374142409874788,0.9151544156352813,0.7855635232565158,0.4490543199547411,0.44774138245683415,0.14550443578443628,0.2588350365765054,-138.6083164826486
0.8980422467668219,0.18270008104076596,0.9499244786218074,0.008976806183633168,0.39763981657484093,0.23707174946354093,0.7302395012727589,0.4769313218864748,0.32553863713655495,0.29178742805185354,-15.934920204514807
0.38685420598455966,0.7680043058778938,0.6371319303523137,0.6022500099084245,0.6869932954036249,0.27559162049733554,0.5614424180414029,0.015780241423020924,0.6844898418250224,0.006675007352512918,43.34716214973228
0.8759201937465394,0.7814613336523099,0.873622557747614,0.87321490787547,0.15732557622023458,0.5808248879212496,0.6354940245990827,0.39333450311159746,0.3259748569067099,0.7904981628622926,-144.6851211945263
0.8295681064098372,0.2500548167302109,0.6111924211730374,0.2728089503765392,0.37591152771245806,0.8540722531937217,0.8699024192727046,0.5539773633005178,0.8575472944294961,0.6213705603155444,-150.29773785707255
0.8032759628308748,0.5582095740378173,0.7452641097575929,0.16168230375861437,0.38707207214550465,0.6337410144152383,0.1555758147024071,0.5961297860450082,0.6316650504962141,0.06984043517156868,-139.2740581581889
0.4790207329406434,0.5572402594882883,0.06795235130400434,0.31339470632873623,0.30212849991076285,0.22003417628781974,0.26117159994473926,0.41881035007212875,0.6519611610901047,0.267303027894077,-170.88095505571323
0.7093924048889032,0.47258663662550404,0.7968549872347356,0.5156671174635604,0.669095907555584,0.1655867579621716,0.08980620760016456,0.8061551222132551,0.6290457511386739,0.6730030944538115,-145.97896623090904
0.9382149281924931,0.11425689529778849,0.6917273939055678,0.17188211896682104,0.2333035229071111,0.8947628406627294,0.008675935604062102,0.23118030148052837,0.11256771142646349,0.8488048995016714,-46.31834291078743
0.5892395378497587,0.04144098060040757,0.2855594067718429,0.2947072347866797,0.7863768986167583,0.8294753697221384,0.7847517351520927,0.13087898702178735,0.7696887647904596,0.9873549430604174,-39.515197659642
0.7218584623542655,0.38781239024672287,0.7676608885059424,0.028278659231367298,0.6328558474495961,0.9807505314878993,0.4779095267763306,0.6453579025331156,0.5366694868141335,0.10588838531529488,58.36311313806072
0.03510011214597775,0.9024621717771685,0.43575699409412627,0.20664130134090253,0.835608898101668,0.31252165338124316,0.4765902458699456,0.4692727953648286,0.05704664325024078,0.6729178870862484,-21.409170156269532
0.5679328226207961,0.24407553703190366,0.18441744753465883,0.11937136404713455,0.2413124916183501,0.7958079604034468,0.6417856906163892,0.9117458371523842,0.8718735860044468,0.7368719210752486,-180.68870687681826
0.6051587867931671,0.999990828742907,0.35496350144526556,0.8317721659637011,0.827853554128262,0.20693104054945766,0.5796996773044071,0.9121315965975781,0.4400692542454939,0.9922836182539817,146.3328162426531
0.8929193074459344,0.21398041320659467,0.7274688930444502,0.6787882678370221,0.46745515558532724,0.6858638713150583,0.4132749189057412,0.053668291113854516,0.21855284220754356,0.14318688010191294,-139.40021887162655
0.22816751607902475,0.9970444571819286,0.6438339903566532,0.1339489460586647,0.5797207516905829,0.6320575877912668,0.08115487791126308,0.9205932032478109,0.019818908701019988,0.6111361171797407,123.48658176172721
0.1386631110815989,0.5575682853519218,0.43576839194029937,0.746172313065146,0.4248820028042334,0.8451986745208986,0.24332084489182082,0.7905998854823498,0.12435779661887947,0.4654993590118821,-166.7118228420014
0.8245986598620707,0.25289831139913266,0.9468407328876945,0.9512593640685815,0.45365061184560496,0.7732370348286736,0.11695238106712436,0.21921237796108473,0.7373152398197663,0.9411719375282752,-15.309884970296615
0.5629105519805333,0.1143514689640408,0.9160928320375413,0.6657644446417278,0.7945474962965775,0.07802487868123265,0.3054238189613815,0.8479926329798948,0.2782079583128636,0.38833560700348047,-118.33657056385687
0.9032757335154272,0.9240377288192718,0.9527147683270496,0.38747124344254835,0.42988258866607265,0.7417973760938719,0.1322281856944928,0.9978445048466847,0.16924750752773488,0.5035779248208536,116.1845590662229
0.14833180504836696,0.4453918997376036,0.1720103302931778,0.23610097759952142,0.8055702031463201,0.7726169957643167,0.9987691983306493,0.10709765583513464,0.1981802371531336,0.4624587997604577,-90.17609829850737
0.6099663646065299,0.6341113453826678,0.15990134037773807,0.08060892833395672,0.4831370181849355,0.7169529760200336,0.4450059419085395,0.42136196996271025,0.4345008140469444,0.49379634542327244,-83.70174555921119
0.42740141869045156,0.4632108208517377,0.9234584029743155,0.34921322646626063,0.8994059145011024,0.09894741249483507,0.8462248154973357,0.35541577013798986,0.08218099203492191,0.08354439296037042,-29.131152514083936
0.8713202595535516,0.648480632930627,0.3232772083019415,0.08755181776194465,0.7741402154035938,0.4216369364300532,0.4406528437457937,0.14792015683374582,0.9750074571438218,0.14173960617485326,-54.13707650549518
0.3209586868182489,0.9248158488793508,0.5721167261932107,0.3802843487461599,0.22826474036806277,0.7338966813348922,0.8047869041379088,0.3885634192291265,0.23471813977523837,0.3587896268673141,-164.26590129109067
0.30796551685633133,0.5464437952360189,0.8110020416324182,0.8132381204667171,0.5278782631803043,0.9576448909570137,0.09477701986187703,0.12624418356375733,0.867952325238152,0.2446208005329149,-85.06588019276967
0.35266847358194175,0.12323786411246074,0.7988140848853138,0.8540070301836368,0.471432707957244,0.6622372645083564,0.3294010459733141,0.852876218121282,0.24775061262596365,0.36936454236948646,-181.81018302146558
0.4372487366052886,0.5234948394207916,0.8474405061336256,0.08224445896022303,0.21765860947938276,0.2731629262756531,0.8270263579513083,0.357014753549752,0.6628877743079828,0.335541565645596,-163.70801765203888
0.12987058019197084,0.04351079712605266,0.598214564440229,0.7397332989932541,0.8252081779012559,0.34178739047778006,0.11121113601125909,0.6523311772667318,0.5544652647851659,0.6571718588716953,-97.8933549723922
0.9278229296883759,0.9141848166886074,0.9014025980577696,0.5538521595238755,0.6799983274157031,0.7406588248097754,0.7229560751022743,0.23422146035411262,0.5442038206918318,0.5317565462664293,-38.163930507215795
0.5964183952088709,0.07358929016875215,0.8297520845252592,0.7111925672145013,0.967859709821565,0.7949984374897837,0.9239822448367531,0.5780112134324895,0.025061971269817906,0.891850844509794,108.82328772352564
0.47145618167441594,0.5073995102444987,0.3618599147532705,0.10503065037402926,0.28714208942840114,0.6899138999702183,0.05068866323062615,0.5233069877149589,0.6891597636716118,0.603888537194827,-71.77701815915027
0.7491527017193907,0.8646461456820644,0.9298155829040381,0.7238147901082349,0.9806635394320352,0.5211066453564487,0.9779088827820277,0.5830948985052322,0.3525286185508294,0.7153452545098952,120.06064375031863
0.03312966069367118,0.43037579896912426,0.07218970033940564,0.1310659349139911,0.1402300928383704,0.04345821815938988,0.990086889983274,0.1679930519295657,0.6345519476575205,0.686198549668461,87.44289689744602
0.5215052722147971,0.48203870064831533,0.8078506583187054,0.9363057620820732,0.537967118919329,0.2401700119652651,0.6187934891172211,0.8726391836569986,0.3450978970778198,0.12872583293861495,-79.27981948514228
0.24242258318951526,1.5164746735463197e-5,0.9277816001250584,0.17863087458264948,0.2955839823630546,0.09875266468795918,0.04439451573277298,0.6499709728471756,0.7959394651997304,0.3722773465684285,4.890380966477586
0.31322045922658015,0.3738102652177191,0.7827878508120844,0.8115818109611014,0.14311253902340015,0.36571230263732124,0.5800897215781429,0.9430134397108626,0.6640710957371002,0.17075354790569108,-140.9350154526866
0.005842845667144547,0.4900284373908882,0.7862226077575774,0.22829950856424142,0.5822908865820751,0.03948214505290881,0.7126493333723272,0.45877978434116473,0.5606065557768468,0.6746688197985432,27.507805673545448
0.8607916556845758,0.7323436095275121,0.11251606085269938,0.810545983416939,0.7819952539288395,0.22764177186570067,0.5622990038755894,0.14523223128953267,0.8467206569690405,0.2619340748064457,-219.06459077612925
0.7564473921817639,0.360259688931412,0.9106153591693998,0.03455914453081255,0.40459333749618687,0.5155903548632899,0.23416896129000941,0.02896391036698409,0.6273713593640134,0.1635779656383768,-8.340310662585829
0.9751530771565889,0.10466101687060081,0.7920065517489404,0.8830775491751234,0.7559405851982827,0.44448901115791817,0.5515559432945231,0.2818779278991487,0.16187845587722083,0.5243984201590114,-47.14556826082153
0.76040308946221,0.767865105974144,0.5472365828184772,0.8111210754407516,0.41536555236346506,0.21841832688689433,0.9574891961759369,0.580854763406613,0.16883208716965903,0.7304121590380394,-118.19330160451389
0.588818431802429,0.06160828073219182,0.016503184219954448,0.37973867271406736,0.6485329468703691,0.3732327140278404,0.9496230150581806,0.06894615966113193,0.24679836666734511,0.4992596785100908,80.53066345266139
0.1426363883486581,0.8541807922844598,0.6422559615278401,0.31871422315496234,0.47734759983721853,0.5481537117876474,0.0823451961320385,0.7688517711829336,0.11782821591070691,0.980562261846001,-28.622723351397397
0.939149593653948,0.8099144969507345,0.482737472697534,0.27450696353568504,0.9132372726354645,0.8758520736416125,0.33387613008763517,0.8988417741993787,0.9601367698391522,0.48076597387574416,53.61871891724005
0.16362342800013885,0.23939200213865863,0.10399635841560928,0.7324873460868278,0.7030925882027257,0.7009980105494019,0.15588190072496522,0.16817003592510626,0.09709798524221991,0.9077662725648421,-208.22103734079994
0.3150631614387879,0.5926611723332084,0.9001114452486342,0.7045606327300906,0.4699159437702729,0.5447849670767829,0.46207871087245433,0.3635276967127391,0.7395341419526095,0.24585295730179746,-121.07367416480903
0.5670895175965912,0.269580917109681,0.29270574034035246,0.8688324698008774,0.2972683916621657,0.8574588461472833,0.6666737539814308,0.24270286263113428,0.20150715844886546,0.7096520513190889,-225.50996005259492
0.4391465815763105,0.5852406799680021,0.41239025949677954,0.7298675963944417,0.7881031730860525,0.3687172684075031,0.03207165150952351,0.8852505469346499,0.635169464606373,0.3868243532488823,-46.71214690848762
0.08906000875378217,0.8761251824173161,0.9537177401445749,0.07109906488736084,0.24972518237532337,0.6538687161082973,0.010456085376475799,0.8349925441816092,0.36848485667744313,0.05715758833364237,87.81033867445595
0.5257564391632155,0.8203777803409436,0.9015925196053729,0.6408936003961794,0.31841554274561135,0.6223871976563383,0.2682722218216781,0.8438554817943705,0.08428061432635725,0.07715476137298605,-97.42032805215621
0.796049223143579,0.7422758165027431,0.4130345690330771,0.9072523063707595,0.40103112564587884,0.06039843576012116,0.993311914658875,0.10243866117221656,0.5311662345593968,0.1309498861809112,47.27916817642699
0.7182222761590206,0.641649523537467,0.2510991186255378,0.09731925830446886,0.7653183404818347,0.888907815340725,0.1930448894489305,0.4418864084277929,0.22734954141932917,0.543146382726297,-180.32630597907
0.6055204627491875,0.5138799481760792,0.33857391451918606,0.8750303302475589,0.3569732415617476,0.5301751254775625,0.8491553797139739,0.7947126134147453,0.8536348778317391,0.9402542532339733,-57.10468315583086
0.2959372306162781,0.9105662874307848,0.4839212613243902,0.14990575027456055,0.325530124636631,0.1903839014356743,0.4364602353311303,0.07433070793809027,0.8791717723147059,0.8485907169353007,-120.15808413821588
0.4813874563811994,0.2357968731601846,0.37362407348568705,0.6821831595999673,0.8861971191884592,0.03171214960828761,0.6916454375325111,0.291738628025748,0.7835405583678499,0.21411446743954476,-127.49733922370946
0.2927006059135019,0.06347645566640059,0.2528871784546558,0.46964756622543236,0.5094264090210944,0.15926024783794523,0.8853786601876047,0.8920773943973747,0.653730119528896,0.1084167497412476,-104.92666329407287
0.8765643502398667,0.33648743875304277,0.7700833057169828,0.8763048385309558,0.00940879075921397,0.946290727018422,0.07245088106159425,0.890770573244129,0.9273857779476005,0.1984291177866354,87.77279449935372
0.6118359496121821,0.6252197347534492,0.844675282172947,0.6560008639680536,0.5800780475544005,0.9581856068787021,0.2656237150424209,0.6182111501096316,0.3157959861043995,0.6554820430474673,-62.61761958131649
0.9910284165493999,0.33236219241229126,0.8300704989773682,0.09140617733804013,0.28889243022256406,0.06872610054791917,0.9477803831917039,0.5533213652981878,0.6961754630516325,0.12165437630995479,56.65756468737008
0.8422052007987634,0.4091126439634629,0.8821955726798523,0.3913165993658664,0.024239067765360334,0.40134881093057706,0.21648371110391917,0.9151534278411037,0.10027206314875525,0.5866089159912615,-15.554240413582427
0.763286071425779,0.7211114980419976,0.7301758583935927,0.4251902659772743,0.7484146577852321,0.7412021234934917,0.21632488723265064,0.9546408926251142,0.7402330492493198,0.0834110548012248,-124.60585699560872
0.1574737588452324,0.7101269835217019,0.7128678228860984,0.42550803501007617,0.5191702482802092,0.18078529265600862,0.18252772334730638,0.2444007483540005,0.48189126608852706,0.7770929188308972,-218.951662651417
0.37636326425127686,0.3657937159907173,0.5010764641271949,0.03097667421736916,0.36292398383269864,0.3692936172302852,0.2143811197508122,0.007207253369646338,0.7399071912070528,0.6123337292913732,10.983721379649628
0.49388697869986153,0.9162247871021242,0.7439902410509035,0.3900870713307034,0.8387688025355886,0.9221489106594152,0.24465401272822618,0.6134445849612745,0.438835867163474,0.7425438788064986,-76.56961594365137
0.7023777910902458,0.331387484192164,0.8648074768619195,0.6854388224426374,0.8023367600031427,0.541202627131278,0.4230391044621369,0.5034230552494214,0.25592581872662823,0.7162636105938982,-155.59129383182292
0.08373974921719429,0.6264738674593193,0.7858037135964402,0.6902977031900857,0.18328614801375165,0.5958731792274827,0.14190181767856047,0.5762624831592963,0.9953930495257105,0.6689199550096783,-21.385559953465453
0.6385912207909363,0.018095352899498596,0.03864431657749179,0.6237773984137812,0.9337142155042197,0.6334412086839616,0.9133409279139607,0.8616518321659673,0.4094557964790494,0.414468285813841,119.78030417306047
0.7736713221633391,0.48997547731495805,0.2188245347291854,0.5668385773813455,0.6909673569073426,0.8085254951070471,0.7849730282121051,0.06101711705699031,0.8116330258777147,0.6844222482784877,-150.96045544415324
0.9663970759498101,0.8579205614468146,0.8981589211369879,0.049782210748517075,0.8651504778931113,0.028346903385663036,0.6620095060266056,0.14102133436452613,0.0077509477508037605,0.046019132845344535,233.61382244596015
0.8361025120443535,0.2505817415545297,0.9824533080255953,0.7964161976056376,0.5523162533456847,0.0659237645006655,0.2745477935697911,0.8660599364012849,0.6104793536610448,0.8769025839307246,-18.5061936853982
0.43277128751629657,0.21971777566333617,0.26000829429828864,0.42945069894823773,0.6634541720830766,0.9358238408699101,0.6049384579185372,0.011546966868430486,0.02592739957201562,0.6193281303987301,69.7772525164151
0.3435947864412813,0.015027902493694234,0.19204477067055903,0.7991964940452755,0.7417415566284922,0.2606723071005812,0.4127786301891213,0.053198226363337264,0.32346245015066144,0.04218955301876315,-29.43422168038706
0.2729632521377978,0.8652275520369622,0.6964803550838369,0.26272614484740475,0.9183652682794807,0.1759712723412774,0.08490324594975462,0.6662693754980469,0.514347712801604,0.04194410444162866,-82.16361594960473
0.051525453087090334,0.9179960701715405,0.025274195270920896,0.686661280797884,0.1135305572945261,0.5155787896830927,0.17246711703365436,0.47650031154584316,0.18010948281262795,0.8064786536182306,-17.672254723056817
0.9443609686481744,0.08617612184829704,0.9114056190057989,0.2608748587833195,0.5565628442918744,0.607947031256586,0.37702960701425126,0.7232154842347213,0.7238111996941431,0.031036988197254423,19.42592097065622
0.825713020569834,0.8847547647072069,0.34137044689796026,0.9694597504885976,0.8435160750744398,0.43848996739591417,0.8719867846343257,0.18351340629551127,0.6838311625838354,0.8838499316463923,-43.01898418652402
0.5023084024122644,0.032971347913297255,0.16893783236174675,0.5147921438212105,0.04423691783319206,0.5655075264698581,0.8115914786563163,0.434302226336573,0.5099949748464788,0.35164512584410557,6.0456625153341434
0.41419920553213485,0.18476414735814417,0.6576960773352528,0.8900117319645596,0.08694748942885377,0.1778708473773889,0.6277167326080076,0.90822970846685,0.11118367579782851,0.8063828990371069,-125.92589489751995
0.18257095704320692,0.4435294801608227,0.21392024180426017,0.21658396483139064,0.358684746479215,0.2611492117735391,0.722511945056983,0.2641861884984661,0.7642696058450666,0.3864869970828453,-266.66794640952577
0.15350450080512668,0.9714435678808158,0.11997786906058838,0.49013558355529174,0.6726119108023052,0.4753283949212065,0.33476568394245576,0.8155713145595187,0.2313618384488595,0.9207528480778718,-46.177406694446745
0.5926598257378779,0.1647140371770749,0.3472962211757856,0.05232602877552428,0.3341400362801501,0.7709725707130013,0.6562473360408709,0.764623777154207,0.022504775371377295,0.6123284149032093,-55.577745216276355
0.36802230142425285,0.946064828022926,0.34294665428732085,0.18295218665146173,0.6965075349879045,0.20463199057561376,0.09210108806472139,0.6500231123603308,0.16633250451260928,0.21421356591635854,-173.04921298040702
0.8291162726631123,0.7811917028850862,0.15323331447896826,0.4753041439264407,0.6263390493264188,0.20302451966398283,0.9664952586682513,0.28846152950377746,0.03215957560125016,0.3922095365457976,-41.12693861075915
0.26950756645260254,0.7999116463156283,0.6520942413904434,0.9965207365847261,0.08340472593365322,0.19794211853504085,0.13896584475439588,0.2799081566226289,0.41583442871287124,0.8833036225423169,-57.10325221348263
0.739216135509503,0.30909515492607975,0.917692409627537,0.06267744005469345,0.6497499016116413,0.17492099714111498,0.8513790917241105,0.4042648833833523,0.11337841065291365,0.6084488158933248,-103.82339283068946
0.42675182328605665,0.13818839712505548,0.6581001970827666,0.6068687360812239,0.3150845150645287,0.020460388434678456,0.8260934301817631,0.38831204619240933,0.31759138097246375,0.057301233483117886,-44.30700510695381
0.08966261519445318,0.8090599836074689,0.22123433744997745,0.5729232406646823,0.19481182766497795,0.5227076036263886,0.4452451171031989,0.08990551144084669,0.2090663537173012,0.2461564001099652,-189.51721680543864
0.11810555631603703,0.007989391956849223,0.38739452529386986,0.13094407102291683,0.5419502690071246,0.9002614885841732,0.3316350696622319,0.5028613384399161,0.9237355916351194,0.24445638113537338,7.446027083101782
0.3641837693651322,0.905420378549908,0.057706350333552314,0.07941433443995793,0.9023799865401115,0.24786067885042296,0.22520647926004222,0.5506934309780657,0.01629059736292815,0.32171684419258373,10.226409078472908
0.13813704491424394,0.43823095848809535,0.5067525857597321,0.099796945519398,0.9786277592334687,0.8207693339027629,0.5481159198272811,0.06883793350149015,0.4591273150057831,0.3139089723206039,11.369259640787327
0.15180225459170293,0.7629565471910987,0.8482886086700884,0.4086746713613989,0.09731686767393521,0.8273097947088967,0.4201564816234188,0.8551786600039957,0.4509434172714438,0.40839746328616033,-140.0019844322548
0.1121281453709686,0.6794556219579583,0.5799487668476986,0.38330300426574715,0.9093485634031132,0.19997231345354716,0.9233033518905501,0.5774145906247236,0.886423527815366,0.9676623706369085,31.47516373067414
0.976984241421364,0.947056156610542,0.632907761388433,0.3501469918762864,0.5320041360842457,0.8012454754517222,0.2987582576800121,0.6802782430770694,0.6049631485732542,0.9973889274497322,156.90789421701172
0.9596654109799616,0.9640852192092482,0.34603089896447325,0.36506746077306984,0.4592473261474853,0.019387492910685533,0.5694930361892181,0.34679885235042596,0.6700691358221279,0.26389851403606934,96.74029635991897
0.7578448275711963,0.2712532621745818,0.20480487385869817,0.11398499370772375,0.3214015933196386,0.7315951051828549,0.2876782370571157,0.9432061002490184,0.575420862659171,0.10830214874951216,-164.81269851162696
0.2747280070846594,0.3344160289649962,0.6281609622893657,0.12424916067801839,0.27477807935507204,0.26480039175224557,0.4483101156921355,0.4739526850225937,0.29282354696856305,0.5397072775965328,-190.25629574048722
0.7780886142155786,0.3581722658692599,0.7443456634475826,0.4225893062914531,0.012177670565340581,0.39164300198318325,0.5892558640701807,0.2889509063658179,0.22821281879361321,0.516547841418575,-77.06907393706192
0.6078865824965933,0.9443447984727099,0.43577598515107796,0.1257890086047181,0.3406844142116173,0.6209678027223556,0.5742373981876141,0.5875505479398577,0.881839564041381,0.9251876789391839,7.862868562269895
0.2030797255977742,0.6923490751863001,0.04426572016818908,0.5731302576937923,0.7877860809025151,0.3850036237477601,0.3648432002676967,0.1435944941797348,0.8167702200538948,0.6155634004569206,-133.64522730680855
0.006757093444800688,0.785980318691718,0.07860048243462692,0.2640405709124316,0.293230197357379,0.8002180105933566,0.1578042363878781,0.8533476257252873,0.20210155099147975,0.10461650953936386,-118.53324573244039
0.03656531637494065,0.4301572564888858,0.11029023555378659,0.09994667092730658,0.2525710240029676,0.0977702846738524,0.3638797113453287,0.42850827387000034,0.7080566169809206,0.9897312127994626,36.457214830456465
0.7338079464479433,0.7573955332659839,0.792039644296709,0.7426908259081224,0.6060198623169545,0.25373165881978066,0.47531249318208724,0.551617780985726,0.17393363144918728,0.5145230384405783,-176.2278411870176
0.8681487005457909,0.14675972838176898,0.3332850892234219,0.21374195959260556,0.5007894210605466,0.4752277852817217,0.8536842725674186,0.1802676611631896,0.8827756034992585,0.942483171147912,-105.67053921214253
0.2914222841519002,0.09121439919346319,0.45542813129781756,0.20425631851832438,0.4413479282294399,0.9389823283076095,0.9798430280110918,0.5564032743811882,0.156997771821774,0.5551880981614394,18.97982774545555
0.9737358244831148,0.7248287588425106,0.560754536913465,0.3018178072067861,0.42873750660715537,0.5753976850122781,0.9660791072251076,0.4953531077970823,0.845301743671908,0.6314286666053932,72.81623797751189
0.892707810369547,0.1425657941216083,0.37221393854469176,0.9936665055346076,0.2809480392828805,0.6563657102367512,0.9673396156474815,0.5971602812603081,0.043487765663728584,0.7436528437540164,116.2640829982482
0.3595639401372188,0.7259046975047883,0.7211029911084895,0.14235993889508225,0.39193309232576434,0.009693588493847827,0.47757166768807746,0.25681371833859545,0.7044891349115727,0.1224290113564881,-95.91158641399672
0.07553422912159236,0.731136935821678,0.05940372089596613,0.6504021372507518,0.8016373814780838,0.14445224986155059,0.17781961460223905,0.24260233698565414,0.4517957449615231,0.7574647970037294,-161.14657831505392
0.29971100026925945,0.518285522032565,0.43065669869680057,0.8879123942440378,0.4713144604948233,0.3075343855660001,0.6169179803887196,0.028120711593550562,0.2696811255902183,0.1714050039869226,-80.28238589215519
0.9640390071117473,0.11909464854743845,0.5949251340885087,0.28854630158304284,0.812208195539685,0.5001292562348746,0.21448531278372618,0.49790212449691496,0.3188308428557989,0.5859187636194387,-75.38761480447813
0.9724254104363366,0.12784837903116042,0.6894809437734738,0.379649966737135,0.6642925286123538,0.8558988714511376,0.9755988763281318,0.2755130341268788,0.18537370152451316,0.8950090484361325,23.222510409222544
0.815296731983549,0.41206044381817153,0.7663442817977014,0.3478584017186429,0.46573482482453965,0.2415363813333049,0.6528241916101819,0.31997327012326837,0.5753958395626114,0.3674174842919361,-169.91860211612078
0.2352448052873658,0.9948144301431161,0.9352361099349074,0.901234704145686,0.8337398517428964,0.9325019990828218,0.22349709645639948,0.3538371613006621,0.6342721073124279,0.15405613660033346,45.54487319928073
0.288373826160244,0.0676410485644866,0.9545847906531363,0.5989799184922362,0.4467248188577442,0.5955372613982985,0.8480718428870031,0.10319569357275904,0.2596576131849766,0.2667733497150928,-66.94833489972731
0.5455808099917981,0.02733790781040024,0.984541700740532,0.013870961828282513,0.8938084841336722,0.6438776215267903,0.0840210351275894,0.19364491984058663,0.34918593784392327,0.9621244722052382,243.20000983811647
0.6905538776150087,0.5233603891717502,0.2559068273691494,0.7222228865734973,0.8586923025160815,0.04371993013863773,0.6463952664685443,0.5493914150894426,0.46020633593239424,0.7871199295890888,-86.67128820710143
0.47296144180296484,0.27222546787200164,0.2467023773546062,0.8346968077162401,0.10313906836962672,0.8697567866246588,0.013421342240521716,0.3098173596595931,0.22972252723433262,0.6629348861374476,-109.74740911842365
0.4107228812202648,0.7719337263983129,0.8983267345420456,0.4868181753102373,0.48581455413583774,0.6991970030782025,0.7409782967582006,0.50792127704657,0.7577633590794065,0.47878749497391504,-93.235123283468
0.16478998122882949,0.08311979089173449,0.35382968924850666,0.9663787617560655,0.15003439410622688,0.06223567161388277,0.35871137686582333,0.25114932071342,0.8174830023418076,0.3866131643452375,-78.49297309384974
0.18501251310307298,0.03652546746818808,0.8931328080592349,0.7155991488719776,0.34311278134680967,0.9301810078765408,0.39955256418591456,0.7744242792124254,0.3168851159663175,0.485541686438805,-54.180614019842444
0.20498151376695106,0.0357209726258938,0.23871463794717263,0.19799077700190215,0.46431666068850674,0.990684906365911,0.04922958712487524,0.9048302961089463,0.4888928473570121,0.04966167930838161,117.66790674079397
0.6136379390584982,0.11576639451695425,0.9942842611656587,0.5770361388157819,0.5532713786886344,0.9862186529889261,0.3226664923269401,0.46121767004218883,0.6280000109589376,0.5391583353729148,153.28904473805864
0.0797031733094754,0.14612836818088015,0.9801936741093175,0.4280845603833847,0.9178804891463372,0.14265859295220673,0.5800799678056154,0.08757820606839584,0.6857769223695145,0.9900315243204465,141.6164091406868
0.8480322842753603,0.6714123449199657,0.24588508613281068,0.015843518214017194,0.3561902015531071,0.732763463602563,0.1790488228672289,0.013969625269385832,0.9223800589559348,0.5193766391439476,35.01292481117308
0.32959974491713084,0.018636401916586887,0.4125874959518734,0.6563041675484252,0.5599183880921093,0.5549702373264638,0.06713054071614999,0.3939159255524627,0.5178016644644419,0.3674426546192978,12.976268492881601
0.09197905054169508,0.30388818981391186,0.9763747162069492,0.8723301644089191,0.7363545683928187,0.3802778904794434,0.12372644404964117,0.4447489840708637,0.12061964239340695,0.5759698028670687,-37.16314868835598
0.6824613848199325,0.3977980783733457,0.35398921733213884,0.5039672203421472,0.011680945945842347,0.6528802809836914,0.5167005736136815,0.02962868230737803,0.5421782275706152,0.20726397510549788,40.62860201933007
0.6160378510087122,0.8817184425439993,0.9070990609991755,0.6780561509054013,0.3020733281179635,0.8028798501371415,0.6710379734809193,0.15397215650723262,0.10193955351541084,0.6719592612667162,-134.91529754502406
0.4374886756795685,0.03871277377878035,0.6448832750383299,0.6086562053557082,0.2142797222457462,0.2140602228457975,0.5323084278403065,0.9670781668213221,0.4514478812067869,0.2068399935151849,-22.371699562502776
0.4877614815441499,0.6074614599777043,0.4800681323985787,0.6266366228999924,0.6057257118655994,0.308331351921037,0.7431131970661914,0.322468135042288,0.3952021488510049,0.467854597669106,-109.46382314032444
0.5017299109594734,0.07592041464068922,0.7096462182929857,0.3495061600299042,0.47249018131627374,0.06405346294832004,0.36043722142039947,0.3347559793260354,0.6609128207467292,0.9600266060255968,-2.565449672842817
0.7541823676521789,0.39000098204883094,0.6625723340958908,0.5442960851071552,0.3614974690266881,0.9696282630142427,0.7700035045689118,0.002095568931019476,0.16349357238961526,0.03594151374015875,95.98452870028105
0.354527057764906,0.46854543936936677,0.4499904327173003,0.7517608428972714,0.8285214829413321,0.10669260645252698,0.7323501042772441,0.902527008973923,0.8610921352624316,0.5814110836970627,-105.69947941170852
0.4601267853430502,0.9185735998507415,0.6734620186492569,0.6158114041773558,0.6430673521746522,0.7443027719454108,0.33800694694440403,0.4251790326745577,0.17127521105378762,0.5181906125715191,-99.03095444614468
0.6819465395422339,0.14581326343832235,0.524695040700733,0.9680388764807581,0.5181518077721152,0.8880769202321431,0.022957452868212824,0.10964407228299433,0.3135130367369817,0.8005531557347555,31.358504447981932
0.6875711958667133,0.7212420793940737,0.9284952384693711,0.8614742291612003,0.016232390688900478,0.5792529667436672,0.745917836262602,0.936970600493587,0.8048827063024319,0.8405742100577578,31.000641205359223
0.5602346486680886,0.19594202638784297,0.7170521132099832,0.32285469869391104,0.4817314480958127,0.4547083389515916,0.9236118695244576,0.0849817603436066,0.2902168182015814,0.9488917155499231,-38.93252092758379
0.6487912689776835,0.289098107692745,0.5204601726276145,0.29271446909508003,0.2956341095992784,0.05658450354953448,0.1930026908940663,0.5807580760451243,0.3216680029175768,0.33909420755462827,-165.41201726152087
0.666709981263846,0.1569126935079329,0.41707573071995807,0.9112913607269634,0.22533458236543624,0.05147244717602106,0.48470236804029965,0.6426238827762285,0.03117806917932564,0.033681217342078185,48.05659392669927
0.5219189786661627,0.20739289259395066,0.18319402984564814,0.3563024865972606,0.18394824181149294,0.46742792173528713,0.5858654464770764,0.7868228225244784,0.22336550456882354,0.38199804592286124,-214.65874753090208
0.9973014376748706,0.9452915784236842,0.9609931257179861,0.10215993141997182,0.3633927707289665,0.5757738692371717,0.7176872627106465,0.10721517521124158,0.8544800906497187,0.104791914909801,145.316756204993
0.6285819262357366,0.5715896984557777,0.885143661999914,0.5932304812650986,0.5182523794238931,0.5136701680254704,0.6895644900284887,0.1930233166266736,0.44489358694908876,0.6732193527450762,-88.85553767271192
0.4086198026076614,0.1577189422938371,0.5280026994721561,0.9570213459197829,0.9273819894914325,0.8994175861871361,0.3915130752629574,0.5861517195912453,0.2318309125616801,0.3023998719196421,-20.61887135793107
0.5696913728844186,0.7531874273676803,0.09709678740587002,0.9116642461386699,0.13185581856880557,0.8118624129062799,0.052038008304560956,0.35797733340702154,0.2861764508777159,0.9636435418414245,-13.645314493903896
0.44707337999073016,0.31949898214442074,0.6859533918490869,0.9684797908335747,0.5998319599996164,0.5794229157301087,0.10088978388723491,0.4302839666411348,0.8546091845852843,0.7069515451691643,-25.3420642978828
0.2069548211653801,0.7511322500059103,0.025347752679703017,0.8085920064821002,0.8293620221062501,0.9038184037549826,0.3591979644870046,0.6561045047615728,0.6512350707507699,0.7156196969812079,-94.92808750416509
0.7613778675092897,0.7703660972392068,0.28920046322133364,0.9454861121117748,0.19287882390012678,0.3681609863948816,0.6560251102107006,0.07685122675916778,0.7480442252323992,0.8997040372613797,-106.19600078729721
0.2083690728815465,0.7334892837965806,0.8497492845297269,0.2820634442618045,0.8302254915755654,0.0914600406500996,0.08643552298367252,0.42903953347202806,0.2595036520516021,0.18865331170307986,-213.0044367422227
0.7493444053744158,0.06691211061951197,0.28002627548891745,0.9226766099925028,0.24937069468523243,0.842700827887956,0.34563811896948726,0.7719669996690803,0.2815192148633393,0.9173810573623815,-122.18440188305777
0.33838351534379874,0.4118598888187822,0.3018463389893735,0.9727653392027285,0.35326267684889134,0.8462316877191001,0.2816298143776571,0.33163123786912974,0.7879682701910345,0.5794927036199476,-92.21173425686133
0.8680153789715086,0.27953260437738525,0.576061991025124,0.7941311203147775,0.07231942490410503,0.7771594895962571,0.49740463379124045,0.03376427107221991,0.38087621091107426,0.5617040134287283,-45.891503680136864
0.3001051360263056,0.2814174924356656,0.03289046844420418,0.8157103891578183,0.3005275061433361,0.8331297144616435,0.9380949701492698,0.27161313411406807,0.7451514070419343,0.07810872513141764,-90.06575677774893
0.2192665717990716,0.27483659967953833,0.914188821816246,0.0557215529615831,0.701942511199011,0.5729755751388742,0.12865741130585906,0.30124219763613047,0.0033903828053755136,0.005615002546343284,84.05712172543164
0.9649608933672724,0.5479961509939456,0.1691586233735457,0.3741955391031385,0.4181974985779715,0.12487947610268957,0.7524436609643027,0.7009274103296829,0.8522339961779295,0.15631280544536508,-99.16313539900091
0.5527623630471526,0.1752802347399991,0.526053911949827,0.6653050164136336,0.9242426455935543,0.021511472907589924,0.394629362580176,0.2091321276006448,0.8460457759539611,0.10175045653877912,-32.6561219609241
0.9490344656921867,0.20024737057712838,0.09233252945957826,0.5153631826883477,0.5184243003028705,0.575495330614586,0.833921938009694,0.03755824417708553,0.54973511315746,0.009507954232537363,118.3167649239135
0.49225461510634094,0.00027896773172753075,0.5457790410363295,0.8201228131274696,0.03370351189116594,0.14837203541062127,0.6999893345809128,0.16806278348221326,0.5305757157324777,0.8723406962748111,36.603551145785815
0.3528312943846553,0.5459342512661718,0.6525137081780075,0.40415741605552524,0.2778207190126166,0.63240432555743,0.17259083602435388,0.3793354832303716,0.9264521894419375,0.5830285683798394,-105.38363056323428
0.8224536648311321,0.5485197134660723,0.9800421005239905,0.6219066842360369,0.22515405935858002,0.8229029581635234,0.007661507796445366,0.03205651069442872,0.12645990459008127,0.9146209455485226,141.37099261754162
0.2278230899923238,0.6162772320647713,0.9708815091376063,0.3979630965608991,0.4165337390952242,0.09896670822368347,0.6496070434488922,0.6382719324939419,0.2414890888576986,0.6319564228561827,-60.91408375199131
0.005306446189281666,0.7279423443511172,0.1761513263831278,0.2817311879678527,0.7841125710853821,0.37187576166285263,0.6053355181244711,0.6956603467950104,0.5001198450263675,0.8022629588138374,-88.00592906914042
0.7075262197533853,0.9201084194778137,0.49972899025482376,0.6935740189348805,0.23456134982709798,0.03983893136712002,0.4670532652288272,0.2885454182488325,0.13197402685495996,0.30650198189355127,-94.3158767556131
0.18201458917017033,0.006830406071074213,0.8476207960858515,0.31208656695529524,0.01882831054010381,0.08591779622867868,0.031855919277388955,0.5004065885216037,0.19498978670431322,0.8503382710355935,79.96048512801636
0.14316080063542636,0.916514715039548,0.0753534720318948,0.3780892293486976,0.4133589729457441,0.6001457813186972,0.3891736585491258,0.7485343515312277,0.38781631265199257,0.776648401444001,-99.71091814804939
0.9023109987696051,0.9747029866819912,0.028410106766504795,0.9142087958562096,0.2613754701787093,0.664510512922967,0.9775323406077266,0.35900682982502186,0.7082005210659309,0.2896707143706385,146.8592590164591
0.9186944102954363,0.07234295101748278,0.45483595369730034,0.9514581154947955,0.7032493692545757,0.7283518140929329,0.02200471838345397,0.2843581266226759,0.5595932193617879,0.17647114218723214,41.64149572924399
0.4865424776810522,0.45116873847464123,0.4720284728374501,0.03394975649999865,0.9865213505150515,0.9465433677539272,0.38788113747745867,0.6717795240767499,0.24914088213087382,0.9852420971354477,236.08490249773436
0.22828417423898517,0.14336641058078747,0.19961924211066195,0.04057775204385827,0.052312256026130544,0.3020519893258776,0.007528548959376158,0.7402271529044332,0.9942149994013065,0.185794834841725,77.13373077232231
0.030092191666906465,0.8899341859050005,0.5203174564568697,0.5801121066260773,0.834162003061619,0.8936393584746262,0.024888846093228945,0.8459764859394013,0.26689125340246656,0.6969999594479712,37.35984136254893
0.042462920134814564,0.1286220481082121,0.7147589449578571,0.4504712056795077,0.3497028513296975,0.48041807066990105,0.42736027350307093,0.44798475153360473,0.5686503825437356,0.2371437002498883,-77.68566527405446
0.651248160627231,0.13558007985181486,0.8869821488951912,0.9536568506703291,0.05313404731607163,0.9827769325093453,0.40899273922291746,0.855473736379599,0.20235875390871005,0.285841739828654,55.56448244854218
0.027522794089214986,0.5975123904202855,0.7905592544038738,0.4871297188537239,0.7268813767184265,0.9654704298910868,0.9827539749146084,0.40721607585785213,0.6520970865408607,0.9538114183470209,214.70383545464136
0.3663166836338714,0.6286521661224539,0.26722096795899375,0.9160994411027481,0.2927234676930708,0.4792596752114777,0.07813412948119614,0.5800903401481312,0.6690235527570045,0.29571284265620057,-110.40636353822421
0.6341597819487579,0.6872197566182369,0.863174701259086,0.3373440334704446,0.6721799516533572,0.5510554615140603,0.050071699654249624,0.3652273061168153,0.2729806863071784,0.6464442963768569,-102.99012696870577
0.2045549338737177,0.5394518285808175,0.05615139677001235,0.4982041951560845,0.3355646837039895,0.5629076647321654,0.3905618023539351,0.8134875834537968,0.48473097945044585,0.3772136655676749,-86.32105292105285
0.431434043912463,0.9767947635206388,0.8678792971958404,0.7480126122695757,0.47736987256775665,0.6309643348493236,0.8360418951525311,0.7386027641969106,0.007130708039274181,0.5377575342209117,88.21039325623627
0.13864599592624915,0.573437546193844,0.736653548035414,0.9077248656644786,0.7249821652665729,0.08484860560220653,0.6616469750313146,0.4112450486179515,0.3887308477851331,0.010044087134421287,-9.933835312935784
0.2490945355743036,0.5015266963759141,0.5060055014959778,0.9243791712211061,0.18773480040145496,0.16119526295592113,0.010601391769141766,0.41723156524741234,0.8496201866860387,0.2517520214264062,-55.83792342391861
0.2139115231684816,0.14855371794260563,0.8718636620108782,0.48833744568171666,0.35433446302646776,0.8675032683443719,0.4363640659792679,0.8293232558870139,0.08742958279890889,0.781957560145792,-153.63186777638842
0.458674862303155,0.8193406259632261,0.5145952671394982,0.9569330082623193,0.4020468025602262,0.231941874524901,0.7431854440238207,0.7116156681777319,0.4517265134233367,0.05664818054458576,-31.918544514307634
0.2686970962519679,0.014398606191576069,0.3196666881977125,0.7465399728518529,0.1954787620855326,0.02601774491988873,0.15059596096682737,0.7282166592830166,0.8981639967893846,0.9158293924662075,-8.201361780669359
0.8758515352960231,0.931387437578674,0.44557122816207106,0.7902428386037457,0.7412037597205233,0.525954040970856,0.6344403739052189,0.1588386625214907,0.39240203268779694,0.8105764478705041,-98.12472037155547
0.5443518791251026,0.13011308710999858,0.039284472044957996,0.15921308755909458,0.30223434736278054,0.7205274538318538,0.3556001124399929,0.12697986872472722,0.24450418738413848,0.7331355216990703,-167.88962846739867
0.4318098342196405,0.31861822262615136,0.8363443564011889,0.6444387157228707,0.020320095819958195,0.6513435991693335,0.16104514258317648,0.9160553686815706,0.18607693012984672,0.8486581621232764,-68.45584208464845
0.3915257701371925,0.8752976169651687,0.6616061938591696,0.7292548476952779,0.4072401998488957,0.14966370871943135,0.7574505361873816,0.2742116135201218,0.8366511770423982,0.4112054689460234,-176.2441992095345
0.0015472643285956433,0.3248040284703424,0.9565803565913741,0.16207641723450084,0.5297788873609736,0.6074347645972523,0.8800624575534903,0.6385280206115563,0.3004307825449338,0.3883734991510529,42.004750644419985
0.2973021469852899,0.4566703868944847,0.9306741761798181,0.7877744052754493,0.29614826515705217,0.7699059104765629,0.8109721347357765,0.6869229967981568,0.5898762088408326,0.9097856343025148,-104.13220321111662
0.026386919870754033,0.5122335035143413,0.7333998206769329,0.3130056189113386,0.38252513570755253,0.5564913761097833,0.09123923553912194,0.8979017119081795,0.8311851243771278,0.6612202655634781,-31.462828377493864
0.4517605512207109,0.5777791980210705,0.2833161644881095,0.6518918814471548,0.8699971139758691,0.4019923024441363,0.8535051325366136,0.8109291009330295,0.8552570800990307,0.9784313804643199,-23.46371495177297
0.031056270541948594,0.6276126851979494,0.18243140582291384,0.6126632096641569,0.12099711618655473,0.9901977866632855,0.46380757555097796,0.3801093846659187,0.8287161837644127,0.32397723338421214,29.199160107542863
0.3317784941410278,0.2093281770345059,0.5111179798181043,0.5105871993978826,0.061943133662366257,0.24443601080679145,0.7632133257380604,0.5212284762319042,0.2773068353989111,0.8365283847803204,-154.9896210360689
0.04610753442248272,0.3420386341317506,0.06618020649741918,0.5205802454741507,0.034471307822461106,0.3986437453388003,0.7211928132446989,0.8064185949714999,0.6112691457187273,0.32155651349981107,-5.518599653304019
0.504061352233081,0.041699163959839414,0.158663419276046,0.9201822061128799,0.11951247623817096,0.05404262108849811,0.9727860182031162,0.6947617451777548,0.6082869094671132,0.5611675221221117,96.56267149513022
0.10474361532613796,0.9349435001461174,0.6018915139003259,0.3001985460935358,0.0015112682194371452,0.663895992720905,0.7514327692929942,0.33177623177051174,0.6619346595701232,0.4840904815778744,13.920831212124439
0.13509254481671207,0.08377190513892008,0.8422571347533524,0.37873232263832746,0.5667711839537399,0.11934385894514199,0.52306100752446,0.2605406268203424,0.49647579837163036,0.7637745862799511,-138.66991454979646
0.4186461612970831,0.738047191031608,0.05994984556670302,0.49223859746772214,0.44529658982146525,0.7983301825145278,0.32626042191450977,0.5320812650075881,0.8682247249877941,0.7726259151596959,-93.2769348735055
0.07154439875263352,0.1460866299509338,0.7768514751981619,0.6837874295811154,0.521445845643503,0.5447843726427873,0.5249543870247221,0.5064033890154047,0.17995444874445332,0.9172401158689404,-76.25799486309197
0.21712262519094272,0.9870058552950969,0.2859086224261892,0.6382953472742563,0.6739210381704698,0.21847375258250812,0.5411319464529047,0.3879956837254468,0.39691294178654524,0.4071933288330212,-62.932752522306245
0.2267646391378212,0.8009178716374664,0.15769204645300627,0.6765275395984527,0.49807766393098063,0.47997794346420497,0.1360090730580974,0.6269577041193757,0.48229611292110186,0.13445307348913704,-175.98828079669016
0.5814552610699796,0.32032243494842605,0.13086139288797516,0.19478402705312192,0.7813214329423691,0.05076490831392344,0.7782406171252839,0.10494197916490333,0.1962641445556943,0.7567441389619705,-187.71350472528593
0.15642677828183726,0.9314036464485582,0.24943197741322332,0.059778117927527186,0.4632356835671063,0.6180707149124743,0.25675423986159773,0.018301913251160706,0.5093818206440711,0.5979137126585513,8.484617435603827
0.41632457069928375,0.6014459371289868,0.1039284448988943,0.26093394551472004,0.26436165576117665,0.12977049004416186,0.3581699174138975,0.0015033141229396918,0.19113561981575045,0.3532576417916129,-97.43467272719846
0.9806160424253427,0.39798526323072325,0.07109294268582034,0.6076472770311271,0.7986953118761329,0.1611883401353551,0.16490758919547122,0.9662302109335694,0.3844565831489798,0.5992919900483148,51.80534188426894
0.8960440977303752,0.5543260307895819,0.9610857500827,0.93734591851747,0.3687126040413272,0.5698725156849773,0.5621811594102663,0.7957447165430327,0.2525543026358622,0.5402894153186415,34.63355534182638
0.714476521184143,0.5559272015846561,0.2752589631406983,0.40965907493809606,0.20352856638905692,0.9856909126964897,0.3694424404536333,0.8709078789711585,0.05373833949064566,0.352442523782442,-13.59073495300865
0.8677097195222072,0.1592746910680407,0.9820661695607016,0.8136259483032208,0.0102483074637022,0.46162322729435956,0.2574801695234622,0.6988677113700914,0.3040122800581183,0.9590489833701572,95.52308344560245
0.31708762868192697,0.16482567515165047,0.8399237511795846,0.10815539145540565,0.5663362253064256,0.977298704983443,0.4251227075520574,0.9321762716616129,0.8078897415816769,0.9246754766765851,29.952870707943447
0.088817634210129,0.5635207924416278,0.6545813969337604,0.3094587092083029,0.08316696970928761,0.150074709329716,0.7049566857357201,0.7564954287979623,0.4027537501905485,0.08822552892536106,-129.97651461272523
0.12657436672952882,0.29307376685219555,0.08528966981636177,0.7983361638129665,0.9905001004537541,0.8605895828046091,0.692249569608703,0.7788290006343164,0.6542845876964003,0.1390445677825216,-63.05622052442972
0.26621411234425196,0.9921868795635103,0.07767325685453119,0.49928236361976563,0.17699173434740567,0.3729366514423518,0.44621759819737306,0.6764017283930523,0.18547045803619455,0.7667512772076368,-51.08449021928043
0.7855740209271842,0.26845973385018684,0.6174441121288629,0.34490511613519714,0.9171849359393395,0.9103540585678589,0.5161066567403245,0.7066182423435042,0.372851547835488,0.3548865008516229,-99.2982229032508
0.9363228388449262,0.6792282873282554,0.29557203665436704,0.7203845523517071,0.32477341665415793,0.2879170008491929,0.6776888426051794,0.8331575448988505,0.356938296152261,0.1478785426968071,-166.67917132549223
0.2504787222599667,0.2798540674017864,0.2838960801372624,0.0009401551167935729,0.3865332887011752,0.22799957830199047,0.38049035977616263,0.5577236130684494,0.05311589609395195,0.21953595817412364,-78.63841359865657
0.7567917308512024,0.14805642183468526,0.0038271036472429243,0.01944316178514538,0.9846748451649083,0.5822633866934009,0.649417982922507,0.5394260222071778,0.15412368702466073,0.09180158182040132,155.42587784152533
0.5329987139796573,0.21391166233989278,0.5193732138130734,0.1429262195484291,0.7617222222641733,0.9246952280657424,0.06505102905467874,0.20717913644718788,0.9945659317648594,0.6552408061614414,16.453611349084728
0.26845672163553536,0.281738812465846,0.34584907762895756,0.913316023336771,0.6851218051098134,0.2389564620534519,0.5240787214008165,0.21644855231936344,0.989912532416821,0.6148980791123737,-59.21800852877917
0.9420019784758025,0.9025787304998324,0.03354034984827137,0.5566773959923793,0.6061889636313259,0.8589957227331257,0.047748345281484084,0.5148226783433993,0.22262730687615995,0.375122913696997,71.57295022115983
0.8070088368127863,0.49325392782192345,0.017039356728309363,0.21136609311180987,0.31201194160898726,0.019046090617400924,0.5242467699542186,0.5599787741750741,0.9779882383892138,0.7223171934831023,121.63963846305008
0.7231760872161036,0.3119744640274338,0.3585116060940384,0.20382494790363181,0.3646330659879997,0.5908312194869644,0.7263934621859858,0.9753707799454143,0.9381123499493937,0.5664371314822548,-21.54728169213034
0.17427157847522012,0.04051729626161882,0.7496017807060433,0.29911284387367565,0.6627856597468913,0.39254345488956444,0.6785337685716717,0.2254265307562926,0.9172478842879542,0.32685537121489316,-128.3211532652732
0.44728080942759774,0.683852666326278,0.5650165404706062,0.6727302249709805,0.31105098594410985,0.23652895022610487,0.9362570451733472,0.6477474439382239,0.3548628641328372,0.4801425191975771,-92.64112395471697
0.6916747745480716,0.09775107162505481,0.3637964034122976,0.8344758548353192,0.861793613556943,0.1092031921931369,0.8706856347252169,0.45209327239309316,0.14786061750667823,0.4844036635793376,-127.83090619557484
0.7709167286758454,0.7513899761782648,0.756757874944141,0.6197436586245806,0.10412857935063002,0.2858857615218573,0.3613073753520646,0.6358011618906173,0.9696126079780638,0.6920842936454416,-91.42366211811108
0.2812373983123442,0.44193870229174137,0.3675148644151379,0.03856951826259536,0.816021670542156,0.0034847570862679422,0.8033675167672365,0.19915467279324406,0.8588905389498555,0.18990129977659664,-47.516458867504376
0.645643874061428,0.23255437925824896,0.8397615313062244,0.5158457526020961,0.35803224257125255,0.2590754667315628,0.8952390021298154,0.12030240772930845,0.312330537042381,0.10007231947652828,-170.3815437646952
0.10322270086816365,0.3847833129223296,0.004020134050905844,0.0580003516040849,0.9699295824799665,0.7556818173898103,0.8227749946272879,0.5342155386877752,0.12268643959256176,0.2669533344105014,69.09602504426383
0.9510925883135108,0.407026248366408,0.004270831947611353,0.5815205313040821,0.24164136365999267,0.9197971642307766,0.4520076866720075,0.9702512984757795,0.03398459989115221,0.2517438990902717,214.02464848146684
0.5197101804039626,0.15262684990088293,0.8181502563727301,0.847901969048991,0.019254643099174906,0.6137969489548444,0.5904983771578304,0.8294990196977783,0.8955393156501693,0.8093038229681554,-44.98730765438452
0.9489561420770115,0.27845382391464435,0.043459541533514834,0.4248135105615837,0.9157074608440342,0.26717879000259614,0.05833771618240602,0.6867646990164803,0.5169234391586568,0.22511242215838023,7.562325524140036
0.18133896147309225,0.6606505864012783,0.7777021766165657,0.15399580553793224,0.9860009626233592,0.005889025124116376,0.3528585220124302,0.6096203964707841,0.13503190392489328,0.7475908267710496,7.9395615370273305
0.9494649323642397,0.8398888086855255,0.04408271422827004,0.2565501288119042,0.2542775440601115,0.7189013695201255,0.016701399212085466,0.8435062770280667,0.9496709168926853,0.7569892228592726,68.25741192706876
0.5490131436202174,0.45389671994112346,0.8328797442874534,0.19301728081731195,0.11917378867258477,0.013862210138764985,0.9732965728457629,0.9663894784331661,0.07729685061466252,0.25880545551752987,124.78831003124697
0.7705666302192604,0.20923686547961362,0.5977974648091007,0.7216906873336029,0.344436130266796,0.7079809158135331,0.45442884756127055,0.06479715588420099,0.8999191612759387,0.5284211837158029,-106.79093052356257
0.35080049324332885,0.5324979360306985,0.8160013406532625,0.06657481466257775,0.8218790446082971,0.9444530534833172,0.2246006323431703,0.17796839650670349,0.0449428642827876,0.38947344488855673,-49.32804890407343
0.20351077829513198,0.17606273901320835,0.3872739576179195,0.742683952192556,0.5116488434667553,0.7094557528686792,0.8950178165863162,0.731921595816081,0.3582266745228666,0.10454628473852512,-178.32579216838252
0.15122029411371918,0.6106234770712236,0.4509150956751984,0.5904536426704339,0.741540514493166,0.17623450763241588,0.7729904171663643,0.6557384016173788,0.543804076118909,0.16640690619519594,-179.48853869447612
0.11851697931764682,0.5232192905321927,0.986732551015809,0.7878447913297476,0.778814939714276,0.5602835088483319,0.3397839019094542,0.7898433864216297,0.8971007948930669,0.4231740587488182,-12.030080871167986
0.9092156164973834,0.9159041714226915,0.7973868005950995,0.39704355655811563,0.7024841212559478,0.3002401792042868,0.6978029592597973,0.549582272156461,0.6381059791422942,0.7684413467767717,-99.25409426297969
0.8265747130151918,0.5342185428156719,0.6818759016921079,0.41121677029550063,0.4277556418738594,0.7580862794113808,0.3178970003366264,0.352468354583373,0.9622351183297441,0.35789324655596444,-68.61703657260753
0.32938356334120866,0.16385389995340982,0.8538628784431764,0.06427070279405,0.6983300062712344,0.4805090131796471,0.6498261953380754,0.4550143346365062,0.8658995077468418,0.1436303412919312,-125.93443040100648
0.3963466422749944,0.8382461613027392,0.03462518561675654,0.0673776120919638,0.2443191305660034,0.7671713868462072,0.23500794075607634,0.021719693653523442,0.5897629160192788,0.018191338611377006,70.06833112055585
0.6021854709610603,0.9725725958639158,0.817911989326523,0.38622088640006136,0.08774793379916745,0.9586463306866049,0.29829544018892884,0.5142215152834942,0.030858035000165818,0.8451066532189252,115.20951835865881
0.7453875804825052,0.17202989370911337,0.43954478957347465,0.8456515206910965,0.6207027923191218,0.5238226198943735,0.4610352756135132,0.11581711526227834,0.34122676988346845,0.19041709078640034,-168.05662631140012
0.11487072154833777,0.3842254672963785,0.9990240356242422,0.5542958293361604,0.20148448848429545,0.8353518509630807,0.16845509301928863,0.31375752043194194,0.5549734318415436,0.46292861123434925,-31.25206541305014
0.09091144013541252,0.6395675591893593,0.22659341933995658,0.6398547674647744,0.6660080935269599,0.9716848010001535,0.7625502794923795,0.2446415637697762,0.945024061171674,0.12548459519023514,-32.52065877325418
0.5209877930566417,0.4960570009125147,0.6260912619022913,0.5806521709662185,0.45041221491867633,0.40292487937046795,0.29406807020974735,0.23318306150885137,0.8823881497323746,0.9203017659574992,-67.5772924788387
0.6465366687328874,0.12641899494696918,0.660508221879676,0.74718244319392,0.6486658339549445,0.841532656584849,0.44444158385202714,0.16069213716753938,0.24469748498664645,0.13151893829642103,-201.4565298856391
0.35522167944393757,0.28935997649952594,0.7299422531922364,0.6109327526731805,0.1105414688476345,0.301675393065879,0.6332301162050449,0.1064879895546228,0.010278753310921762,0.5666915049691851,-64.16270497574114
0.41507080326602996,0.8160938513813799,0.4267773585926683,0.28565959168151134,0.8530181889869731,0.8959851964970426,0.9839287550879562,0.6267742193812175,0.23656198745686396,0.14018986461340188,-49.32402492931712
0.7477001907381403,0.008280076414732274,0.39383674452558914,0.9700787383917457,0.004271245106436616,0.9406320528270464,0.6286488210256983,0.6323130614544589,0.048410854327146646,0.09740001896654382,275.0549856670559
0.8869386312700133,0.9959249060657923,0.3991455714271076,0.45015973909988716,0.7938456791398436,0.8038936235606932,0.06594559174628489,0.9525537295531981,0.22850761699322908,0.9132973328563583,112.70346027404179
0.7642784521525349,0.5211039574756013,0.996775230076192,0.9328272552009498,0.08512480824006063,0.860607549545575,0.8403549842689902,0.020036283294066815,0.1280152544702544,0.3960280241170526,137.88047741964064
0.9342501520701575,0.9470037986971244,0.27176644159550956,0.6599777803189724,0.6840282088759574,0.3286494516588546,0.22703720387419757,0.6548292322564166,0.22593870251957193,0.4049196538351799,-97.52339668731176
0.6894406806859695,0.8879523652225223,0.3411203833543083,0.6587793684640334,0.18941718854125256,0.8524136780981444,0.012309177937734783,0.9883773062533425,0.7152291320763899,0.07317065018518154,73.9925780331844
0.6498449839321546,0.46060118058888233,0.9329962896852764,0.885494081724856,0.6977039998398104,0.07047077328846352,0.7544961625736026,0.41906991676907257,0.8772031789187187,0.4677374710816252,-19.312957100107692
0.43104898071252873,0.3695634277462504,0.14739246125376848,0.5070746538066649,0.5397284336716515,0.4547435039395845,0.4616338733009656,0.30631237234400277,0.4607123031664039,0.38131337155685463,-100.08884084503482
0.8708162632516618,0.2699913098267549,0.2919246722842622,0.909609244784472,0.5394963639078602,0.21307568202008043,0.5085683316368427,0.8336286700476697,0.27804390921759026,0.322734832428059,-169.4297589044428
0.852552802501842,0.7292354199715553,0.27649063507403693,0.17610665382409119,0.9707955274932768,0.8712901124876868,0.3321900570302836,0.4686884599453134,0.8306777862482861,0.7448508128794106,-99.45423702152196
0.4207302110022706,0.4840425666779713,0.7963587930381474,0.03877441794806735,0.9201239760359614,0.16077948003476916,0.20941726119415316,0.3723329193410212,0.17509923444096087,0.5811083788396093,-90.349458490798
0.4178589861688432,0.6716813365517194,0.3004496614048914,0.3111465221869427,0.6429533857021569,0.6623447944862475,0.06321406520286821,0.1731470091491364,0.9162496628646132,0.9474053148149413,-47.05709955885623
0.6591990501691345,0.06545671953632881,0.9030612593125267,0.4859676474081158,0.28167368353560396,0.2960260674049201,0.7003069226959516,0.6607487393935612,0.6520810673652457,0.4411523445634853,-95.68814187202527
0.02693200607112345,0.07664065614405491,0.6792936917562153,0.9549323837582114,0.3438102629901256,0.9233746714277888,0.0963860210837365,0.022266569335316455,0.18491707828409187,0.5364718783095129,137.52909208623342
0.8962839983295178,0.45883507832846293,0.2612620297299135,0.17555186770922315,0.9212939156239133,0.12604317416086375,0.6678633645366363,0.02649859724509729,0.353473653327259,0.5227756812030624,-37.03716963582857
0.2261373148859569,0.4797679154946881,0.9388328814513733,0.8529723404627805,0.268288329451166,0.6690949116222862,0.4569886766981194,0.720714022638799,0.19126127730130527,0.0016954560589714784,-24.83614431851538
0.7427330508359113,0.47547420660393525,0.7430558305177607,0.4900178337316281,0.7222920012434338,0.590679133215457,0.2883623626609185,0.5603886269258658,0.7166101166730998,0.3801024521147195,-141.61567459082576
0.0955485975718946,0.7283901487057595,0.9988148313701288,0.4404916207291053,0.6918204889518216,0.5587318737890037,0.1931192345850613,0.022099662637336537,0.46739112146050565,0.9669706570245946,170.80649946450893
0.8226719268826485,0.36394051045561693,0.14559159505663333,0.9256119890732692,0.7694406106373824,0.8167450623381319,0.782729124499367,0.2660850764225555,0.00283847975615803,0.8621982098938621,-59.32489726001307
0.47620351404097294,0.14473329141969782,0.8075639121211838,0.15752808714886468,0.04489536693884155,0.6173193253014154,0.1370921480569779,0.6667860050790981,0.638093308500197,0.7525134700039163,-134.09242953398223
0.7827813467216813,0.661840409115445,0.8793104584961282,0.1871788855537273,0.15067355195137333,0.4296824230625995,0.035800162542193315,0.42723599131099,0.17257554959321963,0.749395182706434,-134.65143018314976
0.9961614689301276,0.6232529411853814,0.13879089328198402,0.9448021801034143,0.758643579406953,0.47651312594273165,0.689348096522433,0.5325697424587156,0.4415173027516578,0.8719600868836398,77.76059051659374
0.015130683079013107,0.8122813456888854,0.41426606167315105,0.15062390311003793,0.7182373436962199,0.2556123046968185,0.27681277519582326,0.7955236071534891,0.9904664717191981,0.49828727929562555,8.24125966935627
0.6333053780492632,0.9375877470615904,0.7771824373515729,0.8564306570112638,0.7309128693110142,0.06676767894434055,0.6216784936952571,0.46518488288638304,0.21633923804566801,0.10581171281026347,-74.85044422078039
0.6441876245269248,0.17697138887981412,0.009540572094349553,0.8257692089019666,0.6319466957880734,0.07797581459672887,0.39241802215020527,0.15560199933903285,0.40976020616920994,0.7585096661171529,-64.886050928592
0.3518791413889113,0.7796710901631215,0.02970131463753134,0.7971462447655335,0.1801372610887222,0.47983595033512416,0.169619731756266,0.09094704577007284,0.6431999256520488,0.5031073399737156,-101.26257275290634
0.02677962856170335,0.8611740612749049,0.4527738530349086,0.04488849049275434,0.6576537476818313,0.8348426045577698,0.5199748443866692,0.9315055283029644,0.4737231617319273,0.20592577908297227,47.68570522935304
0.16029751445391782,0.061441833733918094,0.7399497164282764,0.39813457153981724,0.47152844478375633,0.43145027398586167,0.9211799659104176,0.7820757172735208,0.43159583751456243,0.8734487835423723,-63.93285278456767
0.5126185585077366,0.6616560944710019,0.831645085641164,0.893506786325289,0.4203089167232946,0.11973259950651383,0.7972995890719214,0.7090200409087019,0.37131238558394186,0.9892905765742662,-6.345591435419436
0.14405351044964243,0.8087083317182304,0.517989580911984,0.6756052149835885,0.09180105324829135,0.918145145917058,0.5177763109698039,0.8033697912050684,0.5556036271357747,0.47857907935774935,-75.1297178214404
0.6026260171159089,0.6952327174000204,0.516926005058967,0.9369721602664853,0.9455264283497454,0.3232442988933363,0.2616723291005363,0.06640148276348234,0.8762537760687494,0.8023109247505779,-5.394561677582853
0.6380170930672827,0.20313049912264625,0.19737927293640367,0.44349490648500145,0.043398356033001795,0.6766881628395429,0.4878360138136576,0.2722732781324243,0.9400277442560652,0.9628450962928752,10.616664805725904
0.3734321489496869,0.208758328439401,0.867890053808002,0.8024081460787663,0.4243586705282816,0.6283856345078171,0.7179538858697122,0.16048502509193585,0.7070352309212505,0.17991595901972135,-213.00577610899683
0.8986525702666917,0.8657750306334364,0.29464222779611815,0.2688892599127213,0.1309034712340157,0.817248235211356,0.4148263608656517,0.7570488763512038,0.26973263104574197,0.13885065561407028,-205.5589199963192
0.18033281837495763,0.4873996165806025,0.6851726352980032,0.46079321456324407,0.030317402317839637,0.8572107425842502,0.4462919773147245,0.48475396750184396,0.4416852855780057,0.6759367192684101,-37.60247659161462
0.23782861906864494,0.6494052036873972,0.22511275462394975,0.17183425410681497,0.9512150875401152,0.205946424020939,0.502387776970962,0.6622856608942284,0.2897061108779797,0.4019179851882876,-162.20918308321706
0.059744416199072004,0.45447546998913757,0.7486578088892234,0.24370348499429084,0.1801613541014303,0.8276822863308579,0.6116023076735779,0.03845934299629494,0.9670839569164199,0.6910618858702628,-4.189104855573625
0.36012880018951676,0.6147408174595418,0.9607295818752745,0.23038871161749597,0.8241786999299234,0.5856321076896484,0.10395230930508481,0.3072062238272868,0.3224623684522089,0.6987421105707804,-103.24386515810647
0.17015075976109584,0.396658863701721,0.9479211917107485,0.8072814439581834,0.39487822501316505,0.8134275775630548,0.7058336135881593,0.8043571311431437,0.5065025067384926,0.36507781950518114,-110.84968914275821
0.8591068620429193,0.6650899722235427,0.1853126159078229,0.6187733434691873,0.46764854144316403,0.7366315449877423,0.16384478185117934,0.7990593248676513,0.8298097345703955,0.480888931780002,-174.64332485014353
0.2960998688282822,0.45760384536337484,0.22571004998862798,0.8409148242591687,0.9659607954607278,0.27184037305240105,0.48274166853809275,0.06671729150992489,0.08761849531397037,0.42111708568612094,-41.98112006108965
0.3048379938003014,0.7896958741680881,0.9855245559795889,0.9739743931266213,0.3600815340213641,0.4224356547786603,0.1792638921502714,0.2485316249861237,0.9657437691036919,0.3891068759227623,96.51923151488194
0.07586073281064587,0.6537598015911221,0.5170385915142701,0.17916813064108428,0.8379057637855977,0.9129742280936685,0.783270843410189,0.9111357131296668,0.40852131414610704,0.13980191095536054,-84.8436916418928
0.5846458379711417,0.6115706243622177,0.7003422692045373,0.9807002713380283,0.3516688199921413,0.7891221779765112,0.6103514638116317,0.14829201420966032,0.5605558825628907,0.6818243104391651,-33.540933084569225
0.04130726060094525,0.9075753016941016,0.4086217151896472,0.8020689313190855,0.6366764200893053,0.9484847517971432,0.8834430651770178,0.24257756035996314,0.35507137694893665,0.7216776150617116,-10.16640198654121
0.30306841291646824,0.13900749294897996,0.2161494467003593,0.9982057288612257,0.5508404535363348,0.3742529022144223,0.9526966152548818,0.5294063232478053,0.37366449027127147,0.23545607871761576,15.371951840775615
0.38907345860169873,0.3510701587839179,0.8712417127603673,0.23918823124935118,0.9002337509241847,0.5013414765874286,0.9061168339224447,0.6555789547245955,0.5239712355660614,0.803604310185719,-86.33890610127202
0.9023090853538508,0.3875897783878689,0.558913433605225,0.9090325370325608,0.5191215419919992,0.20055126256253775,0.6472475133276162,0.9442557585050921,0.3912198973737224,0.46944266130323975,-0.6302032163110316
0.1973316796785739,0.41955311818260776,0.5620109203173927,0.7281830198866257,0.21563686125185244,0.2483895819351819,0.4334997640609253,0.13552567769880697,0.3833837206232562,0.04332366068583471,-151.63156309792137
0.5419532778772292,0.6487988735902294,0.8995321004851043,0.7587026622764881,0.8127560675877259,0.47077917773515443,0.015145553959572844,0.6450193976160778,0.4735162728568013,0.781824825015043,-11.905093986309632
0.25957150025875697,0.09390182711389827,0.23719240436970412,0.28753793870812094,0.061934469451525476,0.31713260030216683,0.23785638046847157,0.037149331895126814,0.6283422867268837,0.911542784874868,-98.71982925197166
0.4276419487921299,0.4460516784436649,0.4054679859993141,0.7730212273575926,0.4987292883357519,0.6838680769003702,0.7463468014894978,0.3309901493019497,0.5772320498686031,0.45039918509416554,-113.21575020765319
0.7971282645482727,0.8562061724177431,0.5798393664493513,0.4519169065984996,0.17249501169803827,0.49316322693603953,0.3687469149425282,0.5030441387119434,0.9439229540439602,0.8979409518600233,-38.18001183363762
0.4079686129383826,0.14300322722025294,0.3281622384863595,0.4192457949091941,0.11161875643285202,0.8320543405499927,0.9386006371834971,0.8711481013700799,0.7407137432884018,0.9007538140680167,-81.69817206300034
0.035732616448382215,0.6245356343984236,0.6310517091539626,0.31837875755825606,0.5195557415107467,0.44994321537486337,0.6153577917526022,0.4685585328415963,0.5525822465003634,0.7150422084750806,-27.58927671010657
0.07104480388562451,0.4887920055130549,0.9178316008951172,0.35468003005082227,0.9248749960842398,0.7046403899824505,0.06085786403699045,0.5483662010368828,0.28629995355807347,0.644577063658695,3.066402241990401
0.41488389654737523,0.9308799073747758,0.007953087246450274,0.7692096003935098,0.5847787128322423,0.32466325895976955,0.3283420907748461,0.3487158156966793,0.9658660490898102,0.12853038824581164,67.48056130756916
0.6719303744970027,0.9779038780386263,0.2048617189963846,0.25319803093160465,0.8165755143509906,0.9221394066056458,0.0042461348944696775,0.7610713621419835,0.9561799679684375,0.5085677434696606,134.16772669093677
0.8458014043850209,0.7618566526572028,0.21105520028849412,0.22056743341438,0.07867434495785797,0.4691991011753044,0.5227238544783186,0.5311862372216926,0.04491264870085776,0.5114525942241674,-77.21978809126263
0.7962348815351574,0.9358436322465785,0.7627401768581641,0.6710886719580457,0.8640478636377101,0.1003190674586979,0.41099021768332833,0.9484374098089852,0.9221878859284164,0.03263435332606568,79.30181190311045
0.5205857838105202,0.8913406694229525,0.7476727238048034,0.3279207501818361,0.2139027189941043,0.31820279810914975,0.9016813502599704,0.05211596563263454,0.767691119092139,0.4037259113649829,-101.31818546278426
0.7773412751607167,0.8909719315354709,0.30659901903255293,0.7035651407407126,0.6786156151065881,0.5627111560606701,0.35176900572293246,0.7883635056835497,0.2373562295799898,0.35635129227411966,-184.9509350890938
0.6800025793473358,0.4664834771672566,0.27347176510024307,0.24383122107769128,0.36274187894320986,0.804206140270968,0.14225057696752752,0.5101239147362882,0.3805072256005366,0.2585920578465235,-207.4852321061986
0.20062628877081046,0.45876916489783814,0.37995265340257056,0.812618896723349,0.2804735984368202,0.3942600167677808,0.6386321276793447,0.2965947826850974,0.5906702746074199,0.5418178093537246,-164.89260734407216
0.25218986490185746,0.5150887042037281,0.11346197556751814,0.44902342543869533,0.20000606198958848,0.7525820113073689,0.8858347503373519,0.0809312149774023,0.9616255840837756,0.29126251483603527,-78.4069744570441
0.06572503698567356,0.3408845922954381,0.9629810159737945,0.07204816012616722,0.5119889645189157,0.9676553803366627,0.3682904365120985,0.1897374701818143,0.2781956043956826,0.44007498149081437,60.258672179166155
0.502058196172324,0.07791931739680247,0.04501939355749762,0.11131718483382336,0.9634758667807881,0.5809120179171847,0.18588310919162943,0.872472336405769,0.5295251456729653,0.7687339635013821,25.457583096879315
0.9659764889248783,0.8933581759668561,0.8269782637078221,0.6895684505472172,0.13334633332160584,0.5561159067932689,0.5902880378212833,0.9319193327713223,0.1852159961539871,0.2698851411901071,-26.24573126493678
0.06998950442066876,0.2405969705123775,0.9275622469115021,0.6488305728840781,0.00760104658148375,0.5597104799706137,0.18491293404390752,0.30023393223190153,0.9436077628775585,0.7967641305868641,37.00502047894339
0.9111952446479058,0.15904517857890466,0.00229386649488339,0.21069515698265728,0.3671057763446891,0.8105504860292224,0.4535640084420899,0.4111534273145169,0.43068029857302215,0.44058445279471947,-18.539742061175087
0.1140401813862727,0.5596287972197974,0.6267241149729685,0.2627701669516527,0.22446704696582898,0.5119778563957846,0.12939481868586744,0.45238007613744535,0.8419460788241416,0.7848920173239979,-170.58984656905727
0.46074718664835945,0.052069948261782795,0.8932389509946647,0.714790714074791,0.0017879444658334132,0.7012707481165152,0.9955381513274397,0.8950334026190067,0.04464379063789514,0.4542536900503976,249.15527222308293
0.5181232339690428,0.8983300447740385,0.4619590906610941,0.9279786895666842,0.254831200762464,0.6704297495013102,0.6357240877884026,0.6444726790323324,0.004996624101148872,0.5928981441903663,55.03261955042528
0.9679658150543464,0.779831032136491,0.7215041218236402,0.5746626169575303,0.7729860603469395,0.3410711061938009,0.02680189519977827,0.2270635718907994,0.5398927203928507,0.6413699173686475,-8.489282908995374
0.4187286267259871,0.5234543281657823,0.02723811587047653,0.6523946508243523,0.005783857215076682,0.7018483011142981,0.6178090688095293,0.17615346797453368,0.625558259014901,0.7976443358202867,34.79441848440504
0.7118546481005169,0.9786709611118188,0.698771983439777,0.5108759034311817,0.773268520398618,0.10214645204801964,0.0605305120818973,0.2956441013603338,0.5253808294001115,0.7824507012093385,-17.96855103041681
0.9157752749387442,0.9486833285574654,0.033849801018586145,0.3287476155046145,0.9108653894011743,0.18338412478428923,0.03971676016920889,0.451166498929761,0.6495474151870462,0.15550861690625062,76.86320973492548
0.4850865521185911,0.13825071284959212,0.19562089011742279,0.04758070647715962,0.881151359430481,0.8677206453946238,0.7872575414485244,0.0002535688771755362,0.7138093635376336,0.9352111884146552,50.965438272601226
0.92200820341703,0.2193224269215679,0.6707544934169033,0.6010119049892467,0.027060689479917577,0.28465737710366035,0.5381871649944913,0.6696310116937039,0.11204820979395236,0.706579958082141,-56.17159059862021
0.8213506023517101,0.45401439101698704,0.8072139247097535,0.07106199773664346,0.4203970290447705,0.447603101449204,0.9983864993229984,0.4394620718324931,0.18982550441326862,0.3341570458921569,10.700578198635888
0.5130130586848085,0.4470943627841324,0.07342042920591174,0.49116986602565393,0.6547913434837898,0.5520421892188427,0.8734085131278716,0.6567603391162623,0.2300517926528568,0.03198356889142384,-10.806558535084427
0.8153063285354838,0.8867457429144885,0.09491636765327949,0.06525125784360952,0.9930274153039493,0.45603734938107743,0.7972867154051607,0.9384372631504068,0.037845569113806876,0.888261040342435,166.204478467149
0.10332354025649926,0.9004230950111511,0.03179550070995518,0.9789998266069364,0.653096618256992,0.36088988896083884,0.3665387029509076,0.8840553987675175,0.007072808789370333,0.07804943889488047,192.23543382106664
0.6561794225219059,0.9481239948202483,0.020065244359993906,0.11355084497511136,0.14810158739025758,0.5437595628930453,0.3091893506648853,0.7840824302357622,0.23271511791459987,0.8323400622305708,-50.20718244760239
0.8198378412142451,0.9777150262479772,0.3777260382799117,0.2191005212535755,0.8153334878334921,0.8012962919255103,0.2642008385864635,0.25874403300243665,0.024819864835267325,0.2954731168655498,-68.77361735061837
0.12259856695074467,0.9969673393424785,0.5436427366703827,0.14719536407035638,0.3713181434543009,0.3013133534233049,0.5505364299499722,0.22846155437967497,0.4958816953623899,0.8677961049606897,-24.2969997023217
0.17085254661753868,0.8587154214946324,0.3729492517743722,0.33012197823379774,0.6151326367052923,0.6167867042480073,0.670954638467349,0.25901585725732335,0.7980833338859924,0.8447573291923409,-189.70826802019457
0.7674676688822744,0.5690442202307311,0.8848136854884092,0.7129818378876576,0.8927222021600916,0.08384283713668417,0.21649753583212694,0.15944835224710474,0.7875168593564086,0.26169546704925406,-173.59561098592857
0.4566378291006753,0.8412579295311059,0.37190179047342076,0.4472929128076817,0.17832315623610584,0.13610523083448778,0.3990410025467156,0.8213827726659606,0.726640534921255,0.1648962009938617,-191.33336936424845
0.45375279749514197,0.7122177614292043,0.23127432716319796,0.03858305406329221,0.24962000182032973,0.3106772642113488,0.7444669148895855,0.34328885595236325,0.6601449622027231,0.3506113619210901,-157.5154542062939
0.23633168243488756,0.12107135442348704,0.609728439345192,0.12486081923901937,0.8890714518830011,0.8263178409179874,0.05260683430440971,0.23123702799972445,0.8407044096778384,0.909431562540369,-115.28571049969295
0.8710257850681947,0.8015247450129038,0.18800556050728012,0.08367070828688183,0.48936743727084386,0.747019858139003,0.3141512814411035,0.28141105284207557,0.6266639016010667,0.685875478807899,-175.49157068099996
0.26762448441851394,0.003930113933624968,0.43367935574465677,0.037012954498374606,0.10339284070553523,0.9768188253270602,0.5593523406785682,0.34554535781392914,0.8050816615568918,0.7348258898937858,109.21282337816689
0.4809593024867548,0.1279730527117302,0.4174352284286277,0.24752963603206923,0.8547994355686904,0.5135554730932596,0.26170327647923175,0.6798685766104687,0.4867983919853971,0.9951670227152445,-16.76373756430388
0.3664966277980517,0.9249992442456287,0.7288786002450688,0.32790910485206826,0.44566644710315706,0.4663010732776992,0.5295636726841642,0.18233609060343225,0.2155422461035117,0.47832996292744534,-115.98710907120318
0.31229814131555433,0.38894219691030285,0.5357228612248556,0.8870534982320701,0.3487826761276337,0.868216940429718,0.6746192256192395,0.9158957919596424,0.9160389940827778,0.08419540746323284,-34.722891095929654
0.19788652571375986,0.6618293293282486,0.7969007384688147,0.5123102839466761,0.08835058342888924,0.4434856360123488,0.10174920611313554,0.49933967310486016,0.5909749377030995,0.6440127344533333,-108.57465367319149
0.7334283409512324,0.630521895779595,0.5856927778217754,0.32205558377310073,0.8448566960584484,0.7654319679783853,0.36088968756377005,0.08772607017092038,0.07695805168775949,0.9371121025544957,-72.68497171903405
0.02326897308180309,0.5255053748141143,0.32127884989522115,0.6817777823242169,0.262455096875551,0.4306741337773521,0.8479791648242164,0.2803473636795283,0.7012733069901274,0.8291792939958581,-103.55604341393122
0.9603058479066713,0.4951204953209074,0.7142498028377241,0.5602889554745407,0.9604935637354312,0.73397666000684,0.08926704659588924,0.8210477579369313,0.48508879018268924,0.8747463865136194,58.74683515033162
0.5436339147002555,0.33059805222632666,0.8789046156781195,0.7637017552463382,0.08547935753054114,0.6092467178101157,0.4361473644061743,0.19826237644565203,0.08846003419029957,0.33411459260562115,-125.41967959787358
0.5307304098404413,0.7251173416063227,0.20020233456920278,0.18948657907882793,0.3236746648318829,0.05732244701161815,0.14700008203388193,0.3947263413817542,0.3317028157060319,0.3542085568300384,-182.75906178665105
0.5307641239509563,0.7256867613805789,0.04067764043273858,0.2871804015134872,0.6329667536830906,0.29738157021388223,0.9422597125517896,0.9732256580295237,0.6884139485367918,0.7538352416444574,37.601703359689964
0.07141578417446393,0.8369559209299059,0.9823989273825527,0.7275420019308889,0.46544951645352717,0.5046015493803585,0.49874547953062254,0.058165521105422724,0.8193588743618885,0.5369910122979732,67.24231902490017
0.5344814123776149,0.8723277388864173,0.9293493471685133,0.48853818508191826,0.900282898852744,0.8643546591552518,0.27736926103832005,0.4626105916427474,0.9543114265065594,0.8448815104370279,36.870552917061815
0.8761771620795502,0.32020421395227905,0.2829573930218544,0.47922775362728953,0.07358749902474404,0.7294627349098198,0.7494613572454772,0.26283377914991335,0.7939933199171032,0.37033520148439003,-174.04495250777984
0.9070163494436767,0.7076371306100694,0.3017759608287468,0.17427487894869376,0.7200086261848659,0.04917944746934766,0.05007693616567255,0.8053689791669003,0.9481715343941514,0.9690901667751544,78.85110886290437
0.1892199408126426,0.09125718676334083,0.6839128956465121,0.3527585092936518,0.14198716260919708,0.45694466993742544,0.8808158193129356,0.1746719946849623,0.3399206009793483,0.4278424002221055,-175.20064768503067
0.07170694647997211,0.7026149493586924,0.36283914444782717,0.31223038272218173,0.40856462087240963,0.1545131891618896,0.26399415395586623,0.823561849362505,0.5637581248893969,0.06952607694031354,-138.17210630175884
0.9643331227581479,0.7602827949537919,0.2713007493314401,0.10727385862529693,0.6563623157593661,0.5893828725442228,0.5578338117943707,0.21905964188276028,0.3514338766413211,0.3088634715280655,-104.29521189750551
0.5540190059167917,0.26715178181072985,0.4612150730083213,0.33557520288057296,0.8329389774541972,0.9616501871989624,0.6871119970424482,0.6237323235440099,0.418993983748822,0.08148356406595092,-39.89020518266144
0.23907100406207682,0.37718174907249247,0.02393662015267317,0.9747971219546574,0.23466820844433167,0.6216288519017574,0.7854673562584381,0.30555987821369457,0.8916083037074781,0.7442143596791976,-20.391321000605444
0.30644471852282495,0.06603525404718691,0.0345198294547816,0.03263381490588779,0.49550124540336293,0.2633134331462308,0.3692328285934855,0.6156726469437429,0.98528362419495,0.826795709836715,113.13975249854319
0.03928319138835901,0.20587809822585468,0.9670049090338504,0.7513385793396047,0.0643133061148089,0.9980482066350665,0.7117568523173523,0.4088384289384718,0.36999296519098646,0.7977688963003128,125.96902126760243
0.6315641297187717,0.1929298386914402,0.09246297435701523,0.8037205437637336,0.2535705681910425,0.13358350913815753,0.1926992885452794,0.9661078629026691,0.15826649352369182,0.8899607052846339,-134.10072729251053
0.32899700976382484,0.40259753061301207,0.9010643272922535,0.9896930251926288,0.6653341695475958,0.5650511235190498,0.37528770826351665,0.5258315688547944,0.457478589921661,0.10838444973847394,38.38757895042493
0.8295870780322425,0.5022526610972059,0.6091528011468019,0.8413203936140015,0.9765287228200195,0.4183832662654391,0.3668892936828013,0.2094429754239423,0.39831134377535216,0.9210302097151125,-1.1308202110188112
0.9380123635763682,0.23034543480520564,0.8194698549760195,0.44549885364490993,0.7167578676273347,0.9174382758095602,0.9452864414100595,0.39665628039277623,0.8931029249088102,0.6200279311003957,16.122291522882875
0.4912141217896364,0.965666606745363,0.5873597996887463,0.9863484360450052,0.5914786676397273,0.3332861789279321,0.4312597468884807,0.9960312380079201,0.5369425464513949,0.6682658769725964,243.71702639803
0.7788774320667744,0.9818760401745736,0.006256937105033611,0.2546780944936534,0.8330679844986054,0.4656526645958733,0.8617296353669425,0.3142951335089472,0.45611652731927477,0.8198778692082656,43.3555809886829
0.18894269588588342,0.8043361353218262,0.3063116826579566,0.03326132102433632,0.07091735991172043,0.5006280937114256,0.21058944990903516,0.17202831214890502,0.13179904676080356,0.7223225019647549,-150.05957206478033
0.7247951893430064,0.9234498889628051,0.539967979037614,0.869106082785273,0.754306216424008,0.9220679700975929,0.7386286803849254,0.3659504467736857,0.9527074539105008,0.5646223348146335,17.124790834084504
0.4387403760921058,0.8385612967816495,0.6603778686671229,0.8983165582565732,0.18369051224516386,0.2773334306592805,0.34672431316288044,0.7800405758372704,0.4683694317269308,0.3963131055998128,-154.26489943371476
0.24316240782348408,0.9492852337376889,0.3394610962155259,0.02371569090916026,0.0780758641073579,0.8665158940798469,0.3399350202686595,0.18598671067723926,0.2541546226832099,0.7939513192832568,-63.955564270456314
0.9114685541302491,0.8160073509699143,0.6338840688330217,0.5099620910124621,0.26098258760733595,0.015282626032523505,0.4186712350319809,0.44522366643091105,0.7362815748858558,0.3213012616534643,-31.526325468097053
0.7758177944292289,0.715680812187031,0.22858037036387124,0.4603859032516868,0.8601193355073408,0.40247822228461994,1.484754954639289e-5,0.608119949454061,0.2055416402976754,0.37158811441984996,-67.26625560232353
0.783663937652447,0.4611090348968472,0.5114371052029356,0.03724016232044913,0.8320977886671201,0.7371365616009736,0.3071368584979963,0.37618252137446473,0.7040647445177797,0.5775684127842607,-86.92777845449481
0.6815129632907638,0.6598704091157186,0.03050324757780054,0.4547504099534384,0.25563646453533617,0.06403886767897893,0.8301716720863289,0.27414537563411645,0.2648617774679658,0.016431421704500515,-9.409324490215724
0.5317646031050011,0.148945622104949,0.3279166722646395,0.24070580838002897,0.7532251513833641,0.9187192415623994,0.5504327520607991,0.9853527915926162,0.17231606498886087,0.3170255559502163,-55.017383661827786
0.2303242611051507,0.9428501946802715,0.5988837626205383,0.4172266047095379,0.3801077029397397,0.5275796303889106,0.3261194168819296,0.07026036404127145,0.43525680637859254,0.22340643835733764,-73.21852680093559
0.8030892667601998,0.17633943548912134,0.31589211525150307,0.4994680431830325,0.6463119149526808,0.4788284912190063,0.9654064836132027,0.4791436693184241,0.8056962818757145,0.593324982969401,-54.43736363739821
0.6423143134296523,0.7435990872056447,0.9579849664953337,0.016415012226215775,0.9302219092489501,0.5076775904774771,0.42554391211175424,0.1365892892056304,0.04276068898233076,0.7693340347666136,118.84269074989746
0.10491737258607958,0.4380275434064719,0.23667072667078792,0.12046708438150089,0.4127704014689507,0.8420467350468643,0.5827117027071094,0.2409797671029198,0.033120032493394125,0.7730838569606355,-115.37802350384966
0.1668031742145989,0.7251680586823385,0.46588533270419585,0.13989606863723625,0.5772010361482028,0.37893772319074437,0.022927586598469718,0.3692475797782049,0.5838450430025823,0.5624281968109008,-59.623930605775904
0.7516252047593897,0.36768240124151497,0.23018069442687705,0.6127250119589807,0.6445915275804805,0.10189947855327697,0.7328866493803025,0.8254595195400001,0.898458097939711,0.983488639724238,-43.28286640345219
0.7968861168881856,0.37640181528725647,0.4838590317254531,0.3416874960073333,0.41297902572102285,0.5867728824136176,0.44313248706020925,0.5363751983650057,0.9952241809382639,0.6249308806718001,33.28415500309225
0.8420827532664709,0.5134902662946701,0.9893519026722567,0.7880287136718099,0.48232387228459894,0.6677761396268715,0.6247614957452954,0.6599791931196649,0.5054089701670825,0.9865617263906981,132.96114141045211
0.0038361871086041166,0.18748293319098086,0.011253944889471734,0.618653863772845,0.4038168281195629,0.33822210871228753,0.7657332128346318,0.22626170057614126,0.22026627830962042,0.8654850968052398,-11.954753653473
0.8311597244875918,0.29956904407918816,0.6964798863793562,0.1976804621573668,0.2383867969678758,0.4408374998974255,0.8948361151283513,0.5092422445530639,0.5699186721457458,0.6667080467542328,-157.3316913877545
0.7662775613882411,0.6290117715395158,0.9456949611571196,0.8044773628198426,0.14638956410553405,0.2824554920406025,0.06590676501333026,0.6250089635468694,0.05170885290832872,0.3156966363715493,-58.76064481614071
0.6801408920558256,0.5755402615592794,0.07575776084500319,0.67071414818278,0.7408466890962677,0.5251004543492906,0.9652148067779901,0.03120450906228389,0.15765470509181523,0.5307271209262766,43.45907979094194
0.11749858058920681,0.9667969159524633,0.7474305439484278,0.4469576000589969,0.7941863654060756,0.20005294378940153,0.6436674765736533,0.1820041848740085,0.09532016726873238,0.5596194288920814,-92.6827285666518
0.5631746507127297,0.38794726430125814,0.669057051605698,0.686367647836165,0.1968145313766505,0.8139280296522814,0.16481216952312283,0.3787632744354812,0.63846956909179,0.4831707853471776,-166.08284970197235
0.07763912142330598,0.7482472287967308,0.11223985623152977,0.7216409258772892,0.5302927293771168,0.2089383051360022,0.8489379646083384,0.29459375277763844,0.3887342432121904,0.10237000483869008,-163.93692127100272
0.7881299355327784,0.4494582490286374,0.1958887912127436,0.9663122381866873,0.6548978776592995,0.3841549502241226,0.17502898859210658,0.43955263862490546,0.9214661471652847,0.8466889563369314,-48.17880722031494
0.2714021109772412,0.3905189701307318,0.7509891641420207,0.9588780373244913,0.19325097698466487,0.4634322238012115,0.5661745718247299,0.9582093115598153,0.9287469694605285,0.7688812937057954,24.08846386031796
0.43243994487176796,0.15739627968876502,0.25561519462280735,0.2518458205586952,0.5999737426774167,0.4460559142758702,0.2657713792352506,0.9064079878221938,0.9869887448622681,0.42122951127951425,-43.350148014416284
0.1754436473379024,0.6477509381474126,0.8599785718034689,0.15108881053294643,0.9004757795845015,0.012636321436875653,0.2237518738582489,0.268098964485028,0.28522696803706815,0.918240042201302,-82.1308792447324
0.887297454301747,0.3288010969857138,0.9284169356010625,0.7103942685929739,0.76901595202431,0.31370352255921463,0.9417152119060042,0.8753570481785273,0.9550382286448169,0.9330176373285664,77.25421015242904
0.9611754693440002,0.5962888334045675,0.8915177093134348,0.668262599513261,0.8052934106560865,0.14822871297276063,0.37054151723775475,0.03279099295745369,0.7095986879023217,0.5933407898341096,10.637220143198956
0.10439342522343853,0.14627714763926103,0.46471246859870685,0.2927216927137569,0.04152902512567014,0.21513478191511182,0.7739178261664114,0.41235447598487907,0.4438624125970696,0.9748559236891771,-24.54573136499627
0.6981975622590149,0.9836398526714193,0.8129124147095186,0.6158048828999598,0.8833668542682758,0.9563812215880481,0.3765542927383265,0.6651397460378168,0.7474384266718054,0.1589632717072198,25.895849592568254
0.7068595913989126,0.06726784726954005,0.16013328520187164,0.3655413900359975,0.2459252470370007,0.45318080606954614,0.6099251353371918,0.24458723073365696,0.4697216719802193,0.5078266663871113,-140.46894096195538
0.056638685532248934,0.9696962078136498,0.4717034789186819,0.5473044087944732,0.9273221425832322,0.8137766313146343,0.34899754862871835,0.10173191045254659,0.7387203924353056,0.4286584296513021,50.82410901856359
0.8790612656602391,0.039784991701963035,0.3506018999330537,0.6740688050828564,0.09057889198446567,0.323836042716682,0.12388024092566885,0.6223891633589839,0.2839190957177068,0.3415988228477038,-104.60648542400034
0.10350674290398487,0.9397401426075747,0.02743490594160869,0.5277383853557893,0.39126056859156133,0.3777221696143239,0.1478718956925147,0.3619013493058718,0.5296935931477137,0.850818821234393,2.8097186005977477
0.6099467151963315,0.7774248540222116,0.7412942004057503,0.1952912839105646,0.5570015831939513,0.7961472152779123,0.06287104630085172,0.8768532942877989,0.7456290703613375,0.7352009320467453,-150.59916272541219
0.54803550913368,0.11369184443648483,0.8094453085854376,0.9466896267087045,0.9506120248663178,0.24548142753748048,0.893418500598333,0.18882132098619953,0.15649775978199665,0.8731423525145147,-44.02291386839033
0.3571996679638113,0.5801095811363023,0.3869404568648973,0.3463466198341977,0.1966420827421277,0.33367787979886854,0.6812544236216383,0.3256069506454021,0.7620746290147259,0.5758614568422482,-181.9997486685584
0.13556961943498236,0.7469808548045089,0.7744652906046846,0.7791822523114965,0.5943455623283025,0.9710990537507671,0.21584569165062295,0.5053977932037762,0.48974318849765375,0.35953034321843225,-81.75784219151173
0.3461787879067022,0.20867806953005497,0.5749584035755961,0.15712052969497348,0.9950369223637031,0.3341893834758617,0.23677698281460258,0.057688068146275584,0.016813196953737064,0.9818085871112954,154.38393671195706
0.9598792747240946,0.9265220489768514,0.5192101221379597,0.6529290548330653,0.4924547622285014,0.541928034433021,0.8180332963872382,0.3192209451045429,0.019276663310352604,0.047269989027972525,141.75830549878995
0.8412968793028831,0.031830605327267,0.007204747741477058,0.33130382635605693,0.7705051152795757,0.05918158651329408,0.4377819519949838,0.9321181101054772,0.16957495302477454,0.7069186396103121,74.26652715868272
0.38939412183028876,0.03600203312525996,0.37993389349719375,0.5524819404437473,0.05518543447236912,0.9043124860793204,0.9642091004217974,0.6872338655690327,0.3905078814543459,0.6645370881098972,89.7314081105186
0.03786820358301901,0.3787076343384538,0.6085398518247499,0.019932640507463906,0.24304290143516982,0.6862684874476881,0.1487223888711653,0.32732570451296816,0.16587107776789056,0.2879814611565854,-81.0198381998903
0.012274267835853059,0.6139053941837862,0.2011772547884022,0.808688361997809,0.191020741164443,0.021490882831898594,0.23656494180772758,0.996644360218807,0.31939651233873567,0.2812288752017921,63.728029263216285
0.7034092883257236,0.41522256147053727,0.8792462264743918,0.36568234782299214,0.37365062418591155,0.036124854976370635,0.036808901246199954,0.7462667475783391,0.2871919377332559,0.9883516525041137,85.20413945260056
0.7600195343988743,0.09960550989151673,0.3338825758586974,0.5593041035953413,0.5856689847143001,0.7588781641047453,0.3867439251507885,0.2260616446140037,0.5033496199073574,0.8539984069066863,-150.12900243812877
0.6324912329090184,0.7684519065244814,0.17636087843041837,0.6216095550471543,0.2771973702380961,0.4312947118108633,0.8639707773917468,0.5767745928170297,0.5063002430954553,0.4837752095342329,-129.48106469317386
0.9443032668119867,0.022957059203389973,0.032904092989011424,0.40089969428884065,0.6920474613683496,0.14148456532405485,0.5937748162211705,0.32715876782745623,0.48556516354961066,0.013121174893259702,158.39859586000296
0.024702162905295144,0.5202027359103862,0.45566874123982737,0.7164854448527816,0.020441843866789156,0.5252607952600641,0.2608904789844233,0.9449036886127893,0.44546040179313295,0.8378950148150197,99.46711684432755
0.4245114560562968,0.10020271919898827,0.7794149739301056,0.50854058295116,0.9303603961066016,0.16945217323124506,0.2695403253213887,0.10171686729009022,0.32709681366229415,0.018063805211796957,-40.21669419534041
0.8844955114842956,0.9846986339462359,0.9020451780855151,0.8906395056940845,0.5941509778334128,0.29778201567952234,0.8477530553047168,0.794913686418599,0.5656410658670976,0.750693880741457,17.215040995343355
0.32837025488093385,0.297554367300515,0.5952680079748831,0.5478068639785879,0.016578619384330362,0.04721862339719163,0.39138050123937096,0.10561889691516313,0.3615426293973919,0.8482870989689002,-5.707494487545089
0.6127973502679942,0.21657363986553047,0.7360778674295999,0.5284118358754372,0.23671781819178495,0.756831710020514,0.04933075062418446,0.5089281022561307,0.3254001023447777,0.3690114772209705,-138.29689885876945
0.392484239224155,0.40995928791185465,0.7048105946798606,0.8850883024497452,0.5875377080203229,0.5482502788626133,0.8940162327782278,0.4862445844199903,0.2929172064247234,0.2587612009910998,-102.92143598039064
0.13548493035882614,0.008216656673669775,0.38396993126533274,0.29741743084629646,0.4993961573257577,0.10340215208295311,0.6362109345890854,0.8675067949634135,0.30187752060523276,0.3228536342927091,-65.38452301036583
0.15870226014607158,0.21244605654236948,0.10215692739556159,0.5179505717292114,0.282154017307925,0.001410423534947025,0.42003909202259193,0.36895195883964516,0.6002483797740901,0.1155799254144374,-64.76553263976804
0.783240691946433,0.045540555760183565,0.12573355733953417,0.6549345737748907,0.8282774211852374,0.832226954633099,0.453964821301305,0.4555813937226203,0.5143365697140384,0.0671492608215496,-53.49661281263358
0.24383972567121337,0.05479812986327259,0.6479057980300238,0.37314560076819026,0.0068670802840571366,0.3835509496136853,0.8218242652676971,0.14128905192997154,0.24687599328883003,0.6951554384825963,-66.52377137267813
0.9929519711113696,0.3433962520629298,0.05508720940492562,0.5351786176100478,0.30130555041553286,0.891320891224764,0.22602465816099215,0.7122646088667233,0.2968286126714138,0.019564498833945954,75.56458404798889
0.9586035065335871,0.19100961298058028,0.6255673360929708,0.6349278601936199,0.17331942786858034,0.6084392870737547,0.550881114108742,0.5545426155717177,0.9398008511763017,0.014449203366720842,84.2326513840413
0.802290557543794,0.3522634873365751,0.9652276605800281,0.39294934826280037,0.13193425750979182,0.6419270831677246,0.27743790531110646,0.35954594706855303,0.5314951367158384,0.7327034644209295,-90.51620530843344
0.5403503993241708,0.715909789815424,0.30920987198122285,0.7140765111893248,0.1872948492304406,0.700783171161735,0.021709476489562562,0.014818551864348883,0.69673600956017,0.9346716538014077,36.234214683926126
0.7394124246305639,0.8776810821203684,0.41583111611198276,0.6264442404857749,0.6669355633360406,0.020685188689743672,0.11807933879646149,0.7324173129372383,0.9859383429900543,0.5022748912595945,71.06341102555135
0.6995720670136578,0.8289377331068322,0.7195697643319735,0.25699563457145036,0.3813549087232968,0.7846160980010289,0.9611308828181437,0.2642417421221218,0.13733545819748627,0.6778855348496842,-145.26614954150148
0.8941032116234527,0.556219961761348,0.9711806998896445,0.06827713229602927,0.19119431560546996,0.20387975978678308,0.8144549936185288,0.5545252691552098,0.7708057407092068,0.7987348828364903,-50.533387518293885
0.7370622065284063,0.7505208111207111,0.6388405427596383,0.9573872830974504,0.5125587590187239,0.7341690978820988,0.2804682688301533,0.05786142925346538,0.7503945174063319,0.5963092319687477,-55.09761542174245
0.253889686375368,0.38750671814965976,0.3536302632462265,0.07379434029532272,0.13170368047160463,0.9371436129787132,0.8379143236277997,0.7750130177756183,0.14133139459974697,0.2027778326273194,-153.9395813995216
0.8498289201202398,0.6050713098811638,0.42468742173677,0.710118702745154,0.5207926053619676,0.5986273506070947,0.3610707442683063,0.9297149554031165,0.7482545883322292,0.32863289646150784,-82.23562352487734
0.13687364279328207,0.383072685961266,0.46982524090104216,0.22323648717937794,0.08961601714095546,0.2089016505238861,0.545291802923031,0.5361747479859543,0.408673780050377,0.14835393779347883,-163.72702117879527
0.11328575958939857,0.18154181234571465,0.651137698782354,0.9815890194110399,0.8381448131339319,0.3948060728875642,0.9519379521010018,0.5793954216166295,0.3410541593329738,0.6934468183926228,14.42639829697588
0.9755015865689448,0.17539627650063583,0.40024056284167486,0.03614595786056041,0.6987073228033323,0.23644058408224033,0.6886625252535323,0.6500694832871833,0.6951592342258356,0.7508337384537523,-41.115335760114164
0.906983719414868,0.9421871424068359,0.5308250529462252,0.45761933349824624,0.06720673789780529,0.179181735344205,0.07474128389988643,0.8750632290867066,0.984519908906946,0.7533568611997555,114.97991251007025
0.47850029058357524,0.568658670962221,0.9606094607283755,0.24585763086214107,0.20166907506840237,0.4356450345507491,0.5495184144325606,0.49709544649014215,0.7335280584458191,0.6869172916888386,-57.92407657143156
0.5213094152568738,0.6314542461233522,0.7027559861539694,0.2981202176029141,0.9319315377128718,0.36197087758597546,0.3924508012515776,0.14916591041381477,0.13198723930089817,0.20223422070595298,-146.55586826777167
0.8372937118025631,0.12010891210904617,0.9007550555497318,0.2375312414222368,0.40394562542440215,0.6503935534279675,0.012698046946096775,0.41790107870697357,0.18801079072653726,0.27338634898714576,-86.54006874808658
0.7949381977792502,0.26894053495171744,0.38351227724093595,0.7064316967980735,0.5711344628888341,0.10452856560681101,0.9863567929928254,0.1784516688049851,0.13288270857384965,0.6515433274359671,-78.89932431839577
0.46740936992958393,0.5130818867578153,0.1729015814703262,0.004347731622727169,0.5082724437079145,0.23644947694903384,0.8102535298777132,0.3667240965504245,0.04927384258635692,0.4195781900613482,3.6638997543689964
0.37388441916026605,0.7646270184656812,0.8284505901134935,0.5253192000778389,0.7829608382340512,0.4921430043506866,0.7759798574994229,0.9776660767136373,0.7634835156521309,0.4436599207371882,-48.523331685472066
0.4979183794208345,0.6082105289207279,0.853372668624679,0.3851468745714318,0.36827919078756144,0.8883984867034241,0.9001688350624188,0.40838240910380685,0.5823439566042471,0.8672527144149468,-53.98117247101979
0.7217672315884327,0.24639080098434463,0.24616109720479495,0.7135632790244207,0.5366636488732384,0.4069992398898252,0.8068027199636543,0.0002721244801585643,0.7054784430720351,0.7624416701456417,-94.05345270553794
0.9498078184640153,0.4637013854641623,0.9068040750738788,0.8365973541346308,0.42873005276492027,0.38712660906978624,0.7501560368137621,0.705104404042617,0.8459111952113127,0.22029268035886596,-67.50941115778315
0.21315864787646832,0.9754552847470254,0.8018236847834584,0.2347429203351239,0.10311619916503034,0.9230241098150263,0.3171190200884705,0.8451807215675534,0.326778729534008,0.7131377726616946,-84.91833205975286
0.7653907481258965,0.08058261084917762,0.9798947449511402,0.4353341757052629,0.10182236222787355,0.7687155345817447,0.17436276145664864,0.027020802844393566,0.8008777213544924,0.47828770824566325,28.43123153080366
0.3737660540758825,0.7311644294801488,0.6816183242167179,0.15276205087276662,0.6252784246113694,0.20004429994547823,0.786630469310322,0.7725906972454398,0.5880496613230519,0.007269577695314888,-98.73889460428285
0.3043693042957344,0.7153569816924323,0.6907544916248259,0.327330977933323,0.9912912362332252,0.5407820714646415,0.013999490306811468,0.4106215173489094,0.6642803626878034,0.15492594819993344,42.28541605948791
0.8151774238489045,0.2604809132754574,0.7382532585233447,0.7322512817024509,0.14357440178526193,0.16597483113657752,0.7267003161665543,0.546320400904824,0.6309916589226621,0.3465575500982875,-220.6906678955081
0.49399084576755214,0.3809553296797229,0.7271226105794651,0.4711440257249695,0.11894175782196148,0.33032368788229716,0.017635372129147786,0.6924111208792392,0.7336198177492466,0.737514125495138,-72.2272062584668
0.019694872384555584,0.026395529578814747,0.18669567464667336,0.22632782616010183,0.14013548236697615,0.8298624555402101,0.9292573448150635,0.6739583126934574,0.8390423537923833,0.050805771414897394,35.8679109085042
0.6805004633345224,0.10850661242908655,0.6239127094715978,0.17527614866471097,0.06809123503983605,0.49184539599162647,0.20837710837529577,0.43762796462386455,0.46553133340622455,0.06410465474132154,-90.33089808912126
0.44424396187396165,0.6732260821214905,0.03092191057021798,0.9856599540603774,0.7310318060934198,0.8543306995919048,0.46795502374350995,0.8214374471119238,0.7796612464094586,0.7875706994017401,28.851165099684188
0.009509980059843937,0.8211634056452771,0.003043667902463687,0.3663181004779007,0.10827086813933506,0.9791478566173998,0.06629686546131053,0.5456617215705392,0.31175117114264894,0.0027320283840034376,303.1092908545025
0.06673237327669335,0.6630360383254109,0.6880466624077922,0.4414486361693678,0.395250228429014,0.5870183451068193,0.28442682485855886,0.8445681120546701,0.9178697340663632,0.804038077911171,-82.41669296680348
0.6018659549799272,0.1447805725648813,0.19028407613594134,0.41904816554136637,0.8638495003923647,0.02100504617722121,0.6314295441950802,0.4395847363817711,0.9532944109701538,0.0028336823619092844,117.49410913977411
0.2782624298165709,0.7336568216955116,0.35112384666370666,0.2255295202287496,0.45377918380376203,0.6907850393223076,0.943655889390824,0.6447349923937347,0.01655724467159736,0.2895075502328741,-54.48044576908116
0.5348096560630078,0.28311357724084474,0.5988812709382841,0.17109075543919972,0.03319594691287098,0.8115420387359851,0.8287020266560666,0.29058210321586664,0.9071402962260084,0.08876327585307742,-82.71312393377143
0.7370866383032006,0.535043790946128,0.2047622744589127,0.8648160777906477,0.08852599142044626,0.14741547764236118,0.15953424325624022,0.8474600865013397,0.2591891081305894,0.030348076374623445,-134.26893248739782
0.27086416575192107,0.7793522589408074,0.9385456162297653,0.43112739451419935,0.594123746110333,0.20213738658761382,0.7069361642276715,0.5111988159947332,0.4321718414961029,0.2950221297600075,-120.62900410188078
0.792277426236573,0.9219968111689077,0.49937314803212685,0.886213597009219,0.21585291721511934,0.3693466427757993,0.285077456432427,0.16313946607228968,0.669486029659862,0.2505424928598745,-168.65879761193668
0.09072743016633567,0.1254908826803437,0.19538958427808772,0.6694778543824715,0.1258635293894793,0.573328918766749,0.5502969341280977,0.8717753395914892,0.5144571648782592,0.4317564565941129,-117.88250085558288
0.7088286562637562,0.6581850857547998,0.7991176788573189,0.9549969944261063,0.9836079920117616,0.040058973454039415,0.22275425696592388,0.01602163707820803,0.9818521290224209,0.5220538925227531,276.3538223420831
0.1289569000307299,0.9571489291083772,0.8705627990188883,0.908986509444898,0.21267525316127256,0.2899451629898736,0.9657857225699213,0.30093633194765435,0.451465612377115,0.04236669048059816,59.84917312877694
0.1553799708373298,0.2506899784477792,0.5439692852709876,0.9128140837430423,0.2228288550336709,0.47085866834648926,0.48159345606249504,0.9220802869608975,0.9326192564878815,0.7309679386118022,-51.712261837497564
0.7842710142080495,0.6524002258051309,0.8229480035720811,0.7636492072719326,0.5059720434612489,0.33723833245192025,0.30975533887658824,0.05081106305037553,0.7213287356615942,0.1760533298171003,-159.32535343313012
0.4105195239535605,0.24670751309043715,0.4685693968591923,0.8027949567593338,0.4864130405623739,0.5045014690077657,0.3555020029567233,0.7104939675759464,0.19458739057907837,0.14696304442528252,-179.2314476791487
0.5613161319573078,0.333843296478491,0.8204972054945966,0.27919487152181477,0.8949874914387361,0.6349065279810374,0.2198237186027847,0.32039583910850467,0.6896384124292273,0.9389278681596351,-119.861348305718
0.3129462080258786,0.662505041758528,0.6446351053769304,0.40947957323026374,0.5466987568594145,0.8805138403058728,0.12116451163155117,0.9747065325277873,0.9434943661057621,0.8487419384238171,35.15461558256126
0.7565857101626137,0.44117562586888415,0.7023099048735867,0.07820942824165145,0.6322156437093625,0.08818749115015889,0.11879352758155615,0.19284284994416634,0.9352257342774476,0.8671208337499547,-81.92262875217571
0.14969377253823934,0.13174392987675665,0.1218560426958214,0.6680283761959455,0.7278164207859881,0.36701993860581983,0.799263644191193,0.09724153416169778,0.09310929428277137,0.11850640943341006,-189.62152003855306
0.9269135764498752,0.8867239334850366,0.9689572496160582,0.34483416048133364,0.3954935684029057,0.317692564876079,0.7146234362817204,0.6577960207405348,0.7003742004822112,0.8671143921880852,-6.8171315854984815
0.5602923414510048,0.6095394691354938,0.046637929123874766,0.23410096452306084,0.034039680434965414,0.049611896034920666,0.23208138134415657,0.34632570706173726,0.3895769084340751,0.008585593149676662,88.36122311244655
0.33349425987035575,0.9960625648302543,0.5759926145941688,0.990637789110072,0.9582490265168813,0.7706263064845471,0.444431402589477,0.19881724346022767,0.7799776109636484,0.8914728934064029,178.4886453933051
0.6760879089522045,0.6881746606844902,0.32390087309850846,0.12158743989050502,0.7445655023339282,0.711500044924454,0.7056999778921194,0.29261343593851386,0.6659365035207309,0.8752147583079156,-191.51872315133392
0.26573198357304995,0.37491664764513755,0.9302555288633538,0.49567497712034536,0.429242098647155,0.020450067845303566,0.609654520354558,0.10240956053318506,0.7670407870268074,0.8779486999109619,2.212943135344604
0.34635324190582417,0.6130502759237321,0.8574405333668115,0.45734263581220325,0.5789660612674159,0.8622615917096399,0.46645120968095766,0.3372469791202477,0.5464267526980924,0.7432514017262831,-101.0978627334872
0.8272629447166495,0.8683602471917133,0.718239993670642,0.041605499887615194,0.16440480796604673,0.2760869084182195,0.9984271830619108,0.8743294136041097,0.3941818704836575,0.4939955177239823,30.840993382684932
0.3743810885669806,0.6644728128502243,0.4860759627261394,0.22815027131043764,0.06517335982545203,0.9059850509830684,0.44405122112703566,0.15687232997843192,0.57486638379104,0.7612573522464804,-101.30890535306214
0.5127453533914135,0.22517608503205433,0.7173543625012186,0.4863981942514255,0.8920309926859142,0.10941885104463234,0.32472263390062184,0.3849418761648289,0.23704563066100515,0.19322635392056575,-184.25432700072543
0.9092285718252274,0.6098503919143535,0.3485797226463072,0.40042203915067964,0.3373705456288286,0.6690337024048592,0.8768925099286466,0.38717543351699935,0.994522193275335,0.00852516941993342,131.02712186218
0.5479757494696835,0.8240688221591861,0.948166058361789,0.21030597705226084,0.9013768258583236,0.5729518838638623,0.6143559304492061,0.593802647564294,0.35704090786223075,0.94086177758734,15.834537127770098
0.24909688564268617,0.9132682531756409,0.42998051978320617,0.9761087434504211,0.9471214873854311,0.8574469463373071,0.7846123111701667,0.15302073431210472,0.5858208454379871,0.429453060965573,37.58381242351851
0.5774250971451325,0.2794225380517247,0.49848988593822197,0.8127980523972017,0.2234561803008237,0.892022645063871,0.3574963232423516,0.4804373699331892,0.1990582467699733,0.9559476043160066,-88.14656416639616
0.959200162058255,0.5611569816048909,0.09900076357274079,0.5730135153800808,0.7896411958296493,0.10369203370297597,0.0681873939030766,0.2126623191644026,0.9341263334382733,0.12399670168059895,4.974860836023296
0.4228290063096348,0.9407646994716234,0.511382935168884,0.3796822525662409,0.5031425504460786,0.3490705532123375,0.5532210945204926,0.41435682319166833,0.8357557827636447,0.4463128180229985,-25.38782323905779
0.5358810420843979,0.13378071834475624,0.09724527049933407,0.2984802330801817,0.5247033849879686,0.9120036539488132,0.2792251596647348,0.538932759618157,0.24474989420480664,0.5111967927183616,-115.44973002419466
0.6350144829130241,0.4675630620874345,0.9283085579962882,0.790295943858382,0.26011539017284857,0.2894137122066772,0.9441842477951675,0.9456164700280006,0.8001434459254112,0.11413445351975349,-14.577764038913468
0.36508345319356017,0.6442990726931132,0.7263051064690024,0.12533653297718883,0.3392184617704658,0.5273285438242247,0.42996316677432234,0.10403636629859025,0.9707106721466523,0.07831836019398919,-26.47168937798025
0.7869173725327477,0.25121376819821173,0.9741376782502879,0.13894572686107742,0.8733097428623285,0.8102544576658842,0.7937210275448924,0.38593866629903484,0.10096273245462373,0.19545961230533915,-119.26265354148988
0.11494165426172054,0.22019350149150207,0.1402505547972589,0.5558221359103844,0.4155071411801512,0.9209523940290074,0.4290676330721134,0.7474433959147838,0.6760716248377178,0.0713937521209348,-103.19988939513865
0.8404288315315933,0.1261438465453869,0.42608493467228914,0.3535057984037011,0.05871521255463774,0.9032386528318926,0.11719683862707242,0.19050984077676236,0.26160048087661325,0.42304978698777607,-129.8365779018823
0.7019513285534156,0.3528115547814846,0.0432363805593986,0.4196207283746428,0.8601389677078055,0.3871838858796459,0.3939488993772381,0.07185017750677425,0.6603232537091721,0.5327465746162672,-42.0589106448924
0.9834566247878853,0.8549892761205462,0.11699844462462083,0.4893154154536181,0.5952864197459985,0.10383751302153887,0.30339490679063474,0.5142439942692415,0.9573706877932091,0.006652534960312817,173.10679173183405
0.6498670559385902,0.33797923494353443,0.5182052381963125,0.2800137812439928,0.4387008634888033,0.8590941126074894,0.24861574910176953,0.11590960575179876,0.9419071689851402,0.4123999834799057,-99.3434308509691
0.6953232358543767,0.3532929606808085,0.5277851163227134,0.4000819309964565,0.7990418734468427,0.3559871964122928,0.27565965174079954,0.22596744577471561,0.9584999975908551,0.18755579611224193,-134.9016118188702
0.6429174604612458,0.06177824962236056,0.7275958232057986,0.6539323807901926,0.0750948411396839,0.9369131211533673,0.9358096519814493,0.7386541752326645,0.1948779759562823,0.9950929990235416,116.68936853024434
0.8010621930462112,0.8594362024002674,0.21807634464820136,0.813656264726533,0.4066046468391864,0.043042144041944175,0.4323275667793445,0.24854333827145136,0.9956224526554007,0.2967155373993986,-19.891052008658477
0.6861635727615483,0.28017120104942506,0.4467570648747601,0.7785095013327582,0.2124332685008531,0.5131108535283775,0.7312644611647775,0.8865614338233965,0.35963994411760813,0.9327929321451081,-118.9425250379005
0.3104634539836537,0.016257669254899132,0.8879144091863151,0.19510698495880352,0.5025361096601397,0.8384860443957776,0.5437742945205781,0.409541939935818,0.4829398770376977,0.36274250000276953,-32.56118413531467
0.014985465831144795,0.47530607653037593,0.39293855769742914,0.6348997083950726,0.2831714539022743,0.7461230837185968,0.8371559475021935,0.8778021592025106,0.3659393790867559,0.46642748123544264,-40.02049039745907
0.7426495499110368,0.9284454127784992,0.014490649711657144,0.2049988833816183,0.9463103760019501,0.16330820100307342,0.08937337223840736,0.36060407100660385,0.31285334722874303,0.10382355667417942,2.9505510296397155
0.32091876699502975,0.7827698031384872,0.38171512800120866,0.21042537829052377,0.08754250989639134,0.5667712339262848,0.967451381677489,0.21809791971098524,0.17812033304685093,0.9278828669638778,-74.62419447002151
0.31523245932189303,0.6279800617868806,0.7646735399901555,0.26345005652557074,0.28259424033939373,0.8590739935411464,0.19433569552311047,0.7038915717715097,0.48727644005245285,0.029862351366559348,-140.7177652894726
0.16636434929642419,0.9159582251433246,0.7275552884867726,0.5207194053780598,0.38122920312855413,0.5764141395916375,0.798789103220775,0.5466160691705022,0.9394594519139695,0.6501788374628766,-45.201251759700114
0.3139032025930565,0.143864391612041,0.9627868052069465,0.7461816162170133,0.023604014746797852,0.6396679768997005,0.14947094788397564,0.41531245592268906,0.2236736769115678,0.47687340168057013,-35.845895434631345
0.7920411178875502,0.10429200867821575,0.7487217959393112,0.26890808535362787,0.29731777594064557,0.7537343205030048,0.943303225258633,0.9195701220667569,0.2609300552311311,0.5030680766705198,-113.16005764804729
0.0027837056904786994,0.7286803646600388,0.5876349343298826,0.17836606273792543,0.35531181200523987,0.23004010119962615,0.4808860557989417,0.08255755550495703,0.967211867884598,0.537930226731401,51.64686451764501
0.7123102557860511,0.45828780809993097,0.15565411032711396,0.5279308913854527,0.1292218601197298,0.6847093058875914,0.40684341428230064,0.15619050139747648,0.7759573617245692,0.34351630207824224,-185.43571464571352
0.692839149921951,0.8148097924660512,0.3488068511383098,0.39957052116591507,0.4066255472954742,0.9110861417997234,0.7525372882013818,0.8997838537246319,0.9619532841278042,0.6423835378039361,-17.488913950790163
0.5445602683794841,0.21102437268972418,0.4700147302404223,0.8855284774685601,0.33305753297823193,0.027695249101396202,0.248749820315614,0.44123936303773814,0.3125600677052167,0.9343501139540861,-33.694855266264156
0.3010167249593194,0.16033113973063273,0.967738960049677,0.5445856197748651,0.19060061028867503,0.1238593896342497,0.40420508521532905,0.21513955911691318,0.7924442343850796,0.5881560022387015,-125.18900959219388
0.24046271773628058,0.835745709153326,0.7248346021918626,0.45982121098547424,0.6639108534736307,0.13450499676218586,0.8923389008230368,0.03330884568014447,0.7038282897348342,0.5461986441950207,-84.45928187352766
0.6976101933152863,0.6186518139096657,0.9810042025856104,0.05588946560527763,0.04114785293976264,0.31195031376276827,0.46457087807701414,0.8296931669610852,0.15072756204152304,0.6720599967792422,40.78080267259075
0.8699792596984498,0.038807733226141616,0.44663473844460955,0.887671081595721,0.7984789231379644,0.21760504133730063,0.03402685002330008,0.9780482767052692,0.24881638688555208,0.7167267209044954,56.23622751827481
0.11451533034158257,0.7187214984785093,0.7575516009746759,0.634431411725888,0.944227884916644,0.4630581427481948,0.3175564744441871,0.7025907344159382,0.37594202317655523,0.9343302782490052,-48.97030171089073
0.8552799087594349,0.7966645466036207,0.4343086249687266,0.6581258900609471,0.6448098443183138,0.9356675892549566,0.7028187679624613,0.7019181318499792,0.9606376773975405,0.2116730318195239,-37.31180657178554
0.4100535010841746,0.47178180520860913,0.23195766724787137,0.16694565538247275,0.42623366543841434,0.31726983190838465,0.5851052952930099,0.7478185985609099,0.22246368798160998,0.26112536466650793,-217.11825323861143
0.19456035373815528,0.03876065298249165,0.4020369032037928,0.0704203054663668,0.964104448474294,0.13889686046370897,0.6710102788723786,0.07371440407250929,0.6315964659677011,0.2513521172961203,-0.4120221577737553
0.6951400575781878,0.39668059788065835,0.1361283001606708,0.5542994807729724,0.2323589504151331,0.7376689781803235,0.9933636222914123,0.021606498375565164,0.11654018945810374,0.15600664312772528,9.467292553444288
0.45425051037777675,0.38827765076911636,0.05417360664277515,0.14808318854772562,0.7409094732139593,0.6077046644831579,0.05640850720563939,0.7294559323098745,0.20971950698994868,0.4208526094272206,-91.47968816768989
0.18416240546800955,0.4119338179458243,0.17239081412297508,0.03467013979326217,0.7581831367208872,0.4147602982453461,0.9588312292329776,0.10292361127782346,0.5793992117118651,0.22935416382528584,-53.77608717133465
0.20893319302221458,0.03390048572606852,0.2272465270736571,0.8974237269595657,0.1932264150770896,0.5654108356914322,0.8523187458379303,0.11087681701724639,0.9130041696690854,0.678615822240655,-85.65813960006297
0.3132934855821814,0.9344713553243129,0.08231696130823285,0.959176688995901,0.48870959181850515,0.7305985967185679,0.9903307569538867,0.11946386315549096,0.034854607074988664,0.6849725293577332,176.63273096704432
0.6171998059090479,0.7813279550403986,0.9185431840718306,0.8788662813616863,0.2794559264834571,0.9942390080676472,0.5491014847796757,0.6640347950311282,0.8276402562821052,0.8357405854538917,19.224882380921226
0.11054218883151778,0.7458703977228656,0.8171260462686418,0.6134943418594185,0.7568655220629142,0.43845305255182154,0.23523517854705278,0.5463823513163318,0.3830260531275256,0.7402725165317398,-172.79368256800376
0.9579396284949678,0.5560934215744602,0.5406308288526851,0.1682161547922525,0.10998847450836469,0.8447226946289742,0.068900070272093,0.8818231405028963,0.14705142413721128,0.870275541275273,-30.052005412787135
0.32728273624447457,0.5440217623968007,0.9883143413903877,0.807603149935695,0.9743101829040673,0.09884579515543779,0.7470604745865463,0.056838252617143814,0.9299193785378118,0.37458603268152646,153.83524803852217
0.6116827678278318,0.9730063928415388,0.8940746125844999,0.7792697414818303,0.7122429753540968,0.8593751853836619,0.40037413294331836,0.7614456549067237,0.9123468228044282,0.040763204552066945,52.696306176488875
0.12820866602204084,0.5179676087596446,0.8052075747191271,0.9563060255996918,0.4008625271063544,0.8233628638562105,0.4733716210211606,0.9872067550128412,0.888600037561935,0.8944294853382136,95.31323307600461
0.7753150280090682,0.5332313396153809,0.4115016113534471,0.937459120120549,0.9177384443624615,0.13631535535443384,0.6817343775036758,0.35860878747057257,0.5634794727306472,0.1393087495773201,-60.60456862354459
0.5202283731655243,0.7437181686845679,0.5738205705958208,0.9324394132787631,0.9155470184116056,0.5229270499168083,0.4619631234152578,0.2615723331481655,0.04926480376321185,0.5291207039873081,26.82978983476535
0.07654248284648435,0.7055704357736757,0.23583593540524694,0.14532939906708242,0.7531089576051334,0.4702097882848202,0.27786746643433224,0.9360966046326787,0.8343065389940344,0.3085273012139613,-146.57229720490128
0.4747392185345617,0.12598139286035692,0.0006745755808872378,0.7820515229039443,0.5057806527204921,0.4641937246997073,0.7473678270283648,0.3844769863200217,0.7939820542170607,0.7476918271716672,-37.65955486425038
0.9734635481558791,0.44268251460962527,0.5094194391403455,0.7281449397492776,0.6940697573256797,0.6091308421758663,0.7305833887572327,0.31928238491992467,0.6725809278254709,0.6808939626255764,-46.078224275281684
0.6674865806593249,0.7305909245870972,0.9898348312311672,0.9397704830426037,0.5108295952333248,0.8333205969619878,0.9885973393452749,0.11512911460827513,0.648414726770542,0.001689246435320424,269.3022511605198
0.10542066943756523,0.6024818310935179,0.8039094690605325,0.42499558280020433,0.48618460197759306,0.4840252184364843,0.8348177952629053,0.5231502050156829,0.3673867500692686,0.0997036197094654,-93.44314683231364
0.47174324270625945,0.5452772993865265,0.9103786788676056,0.19161671875616892,0.09427176882698529,0.846495482447839,0.3035300982325828,0.9178078963422176,0.3723274888412885,0.34293864581693134,-85.4229698174486
0.64180630851772,0.6983990304855647,0.5138799509358382,0.14291487848510476,0.2705074629925466,0.4840190371422938,0.38582117506668856,0.2026387361027142,0.18276260331082284,0.9647899802086165,-110.53069514809094
0.873926744579597,0.36016387727354193,0.7585739391497783,0.1842667907661132,0.9643525455170292,0.5553211518546887,0.85049548746476,0.029309240653837998,0.9725867373555235,0.1506946076638137,78.93805731294606
0.9636229938519828,0.5739965507016951,0.16453455435121722,0.16636430317139506,0.3338686013788187,0.3132683202113281,0.9283880635081789,0.6689049205545116,0.6274851822759029,0.881309232237561,-42.998582683247534
0.3801276258912365,0.06775241558284417,0.43655333109724936,0.43029481900225286,0.19095225199602106,0.2286011828225164,0.9383542370781106,0.9165983983393325,0.2776269996011368,0.023086951956392654,9.376352445019975
0.9316298573738617,0.46104056864873166,0.8263052973919912,0.729150237792742,0.7360476933079142,0.8671293487614701,0.04704304960210692,0.08842050720693728,0.56945477300936,0.05759252276165616,13.898434924899313
0.572942807016023,0.6172732828141235,0.31148774124167544,0.8557427619313874,0.3148391528616412,0.548538430728997,0.12906592217864077,0.9646717782160878,0.3010290382125619,0.8080834440569368,-80.0339027575366
0.9632144647399178,0.4796014895954097,0.9659304595865045,0.8774060181135422,0.298264329836209,0.8066727584824878,0.4465154429633972,0.4216630928042885,0.9852800753916946,0.15599339571377513,144.672439424701
0.7832730928986631,0.1328420508338023,0.5827104421420491,0.965299119557421,0.5543148254441018,0.37624867227723235,0.00509011839166984,0.627145880288277,0.04647411352068509,0.805240235531565,98.7605464031077
0.3582286688538683,0.2508913202344786,0.0045879476949595155,0.6559038740931231,0.3394958375135574,0.7227205054831536,0.4332298343982859,0.48401332552636744,0.5443551599542269,0.785792635395074,-48.502550304866126
0.926731379031883,0.4288679619794269,0.3612733447822053,0.19908546032636187,0.9745808903882098,0.46717995551366465,0.3756665036020914,0.9864060611202887,0.6742032783378886,0.8453886817308982,110.27561985064007
0.6359818439657089,0.5930600794880989,0.4012495100662101,0.7743684396342013,0.6226259305902554,0.9776611450451753,0.7440487938377066,0.3325266200132534,0.9383392064160738,0.3804652115551016,15.068135680153587
0.7481824006738124,0.4882280044333269,0.09280199340389894,0.7101017118057089,0.8489691068355458,0.1262610761657912,0.1537462328263839,0.19826759545876305,0.8014811922045133,0.6959284197052654,-202.21821117793684
0.5747167756034015,0.9730077683527194,0.26818954268756,0.09200125506620138,0.8716487679396767,0.32141923527661,0.7701566100987874,0.17008667629779095,0.7807487371170027,0.13450280527010405,-102.03471524307388
0.9357141945817777,0.5385386974093312,0.258521517526204,0.4144417290101994,0.15119302500030463,0.21968890969051202,0.5456327007333849,0.04065581080405878,0.2786848054281561,0.6459745915089116,-77.47367111711664
0.5713969448462078,0.9843785153075766,0.02271740453576676,0.7253574888475103,0.24866714403556667,0.991765228280938,0.8435110786747726,0.053289538033306716,0.8428830857995463,0.33460353285940936,188.50783445552543
0.993776192089683,0.2176615995672131,0.5644985372406973,0.36385713406310616,0.7251115210614945,0.8593316141323418,0.9645541643373442,0.2834986593678541,0.31602906415243104,0.05957798674026216,60.194414833534076
0.7755563810440481,0.7997655848648807,0.6397421822818428,0.5526773914389965,0.9658651446762724,0.833896195065645,0.9158876991756084,0.7951410469273905,0.295280582606556,0.1187384448181632,-58.09389098260003
0.8701490721069453,0.5959869459898598,0.4247840314218698,0.44901245121853595,0.42300636658397606,0.8684238931765654,0.7168710815530611,0.9261513682254732,0.19316967282819808,0.7958802570963066,-88.21861110715065
0.5555070980236086,0.36932423308162987,0.4472457971351932,0.7331358581534652,0.42028990050238535,0.37269859180642784,0.9407137592842372,0.3631226723475791,0.2728771464086436,0.7760311671828843,-95.66062116413737
0.5568000370137476,0.11150672206642931,0.8338155158306594,0.4445795466232805,0.8858787310127838,0.6215352838230025,0.6130484391536379,0.15297632726697752,0.10374532232352995,0.40220594039484614,-107.45256812910921
0.20789539524110523,0.04793576993280546,0.9473090937943998,0.17801332532545822,0.620336776926457,0.9827114345698028,0.04820184583010434,0.5855113995775106,0.6516623622560354,0.8399918022754093,99.66772954582844
0.04333661680267764,0.747311718193371,0.6639721788453437,0.7516710128750956,0.04369096624837654,0.9187535390985618,0.44160360262005005,0.266705162404951,0.4955372000189284,0.3329938120540168,-21.65640707433342
0.1042335590327198,0.7708771595701717,0.4214223876952714,0.1921229297843673,0.7874779576377271,0.7948903656464703,0.22136668571231677,0.03374668884531029,0.4569565492598915,0.9610671979895663,-55.356032093361364
0.3517715229443088,0.6611706392616968,0.7042661606664959,0.8698466724481577,0.6075238284761022,0.6088744561342402,0.5124996071152066,0.336782891737911,0.7896887178045081,0.4600083990556867,-119.00053053399512
0.9592622118174825,0.305667982681083,0.9596996098867427,0.32769971751981797,0.34681544414293985,0.10384364990265038,0.6741840988723239,0.6248015144469131,0.8381718703592868,0.5468377886901221,5.517343380801148
0.548315369534636,0.872354215847901,0.8591024779331368,0.8740721946168964,0.7921943039691699,0.34058799539872786,0.8272456064097347,0.2568998781744427,0.6072665412253456,0.27274012401830405,-163.05821633324328
0.7726769897793475,0.5061739201371536,0.8686676099254458,0.1312805139807166,0.839978400808608,0.41422560839787015,0.5484070648359065,0.46469480851545164,0.7576940995642958,0.7761019843815318,-134.711522270687
0.28893213493021985,0.4527037955195339,0.7645115678033335,0.9662454007505706,0.025181125190044895,0.7197396768418979,0.8843234679352328,0.7430825874807705,0.09934379893609602,0.1033406727478492,10.826171466859124
0.834597812407056,0.859717654086508,0.04450981754488603,0.5173642314285934,0.45099705707818494,0.10247956995974417,0.9377582295027046,0.9709450307846161,0.25330848576380405,0.3503143488464261,60.152635783558324
0.8402416629750246,0.28617464102681933,0.3938605785973025,0.6938288173075614,0.31398601763514233,0.5278196861237072,0.44157303891168986,0.8726415010678017,0.007403716966545293,0.6919410447251458,-43.438698477037136
0.0656302485669632,0.7944524987685879,0.3802893101460181,0.6164950557764174,0.8846634539398426,0.10291018227485293,0.530900066851807,0.7979111776671741,0.7301749396862799,0.4780036760173195,-87.40376989078281
0.21362759968208433,0.5476162622769648,0.8594759746911899,0.7587630033240486,0.8177096480092042,0.4025331486620426,0.15411535607012095,0.5257573353090624,0.0043543761168758355,0.3307694872210878,-69.65113392335279
0.010834109935180969,0.9269932657240192,0.1295508246320991,0.020385715323426368,0.8393695429891124,0.7624792347181564,0.5489676240271782,0.5900792447371684,0.4136451494311959,0.2860186748901039,71.25146391408254
0.9909063131472731,0.8098488806980286,0.22852941854958886,0.7777296334390803,0.6530260079149671,0.24930297784901612,0.15646459883180208,0.8274871256460267,0.04809636020457997,0.061250207592261297,-24.976386247391186
0.5709715505554438,0.835265909527302,0.2550822130539886,0.47574917764863933,0.4671941879414889,0.2846126449270494,0.5128214598208254,0.10290602462243925,0.6507231710262057,0.3731479278075849,-129.24400228753078
0.22214821172999533,0.31108041383717544,0.759712809341226,0.6202178718236839,0.983777580941054,0.8558110100198189,0.3903879530572725,0.45748093232035214,0.6257991761446884,0.5245111791815161,-33.806885798289706
0.8489977926035405,0.16860720842937404,0.19873561014015673,0.6147590629427988,0.3301562446057337,0.33436201753614947,0.06147740194087381,0.2194619813666886,0.08483291865990594,0.7518965189043656,-184.58516847530217
0.8414154033211007,0.32875243428292467,0.38414949057992576,0.5144613700753908,0.13258421935357256,0.5334750587765492,0.31095474010714097,0.23864907681627523,0.649251619747129,0.8680074384280165,-162.7031223692545
0.04879247860909108,0.7774107311036842,0.2880600244157613,0.1583414361141844,0.12485318127798595,0.5925667903826572,0.640118638090048,0.4384386544374066,0.32268692609880856,0.8058558438898037,-146.8312850552865
0.13198672528031952,0.3407917831638968,0.7274743951827752,0.7354851932214936,0.9812911448922913,0.030263021848241922,0.12684269275833449,0.6600777816492849,0.3160188493954964,0.5411234450925225,-5.376285085528944
0.1274160987528008,0.4122884781216968,0.7641585454752804,0.020959405830876077,0.626740360065651,0.7487957537785647,0.48118166870359425,0.8582756437976405,0.9721814448520164,0.28345872568904673,16.22107648228168
0.09643810090722416,0.44056819868707187,0.4301632779772717,0.3301492135500501,0.44423507267596096,0.3685534755452229,0.2863593448087195,0.7072438521750706,0.21588985693523333,0.09872759944733955,-159.8553659055203
0.5780919698500407,0.9861797004138888,0.9832109467304697,0.36720504258651054,0.4577255031283177,0.9375859734050171,0.17750023394536452,0.1073108521972509,0.31567171602965594,0.8281595140347129,122.84379001243788
0.1557686631077111,0.1062600662133889,0.8536701939685201,0.22372893390806092,0.6989837803964439,0.5254453523258722,0.7728686033249496,0.7222583385587246,0.06900567674040392,0.5046070647628904,-151.0099045610938
0.24698574291047792,0.43471237823321696,0.793711344865443,0.8400302687435272,0.7201218492693554,0.2126669429453787,0.6697060985717144,0.6842733686460444,0.5027987584529466,0.17930579813822378,-213.07459668998746
0.3590933448730972,0.8350639241721374,0.2115422262298633,0.3132532843249196,0.14493149292776142,0.8366255348034749,0.5887716160036116,0.1691390236771001,0.7348601233990739,0.6039724584351744,-218.0086121215866
0.18902220680760262,0.42257751616743955,0.045834495283503585,0.3312941392795652,0.4159899223410872,0.2676310921089148,0.8777537430445801,0.5776728376345167,0.7879654388292949,0.8236882643466459,-124.63113637341739
0.0046937646946256795,0.45221984118398584,0.6260030723543369,0.6078892762941543,0.4325506440990704,0.5729693031674709,0.3671229597017954,0.7694192591526012,0.16386854029937725,0.5220395748348562,-8.13241053844894
0.12693282782100246,0.7809109557201054,0.8131688902592421,0.4042594162883446,0.4176244753801033,0.3829359344802641,0.9996760252983189,0.392081519285272,0.06051542750055283,0.1802334313025855,-4.229385794402077
0.9472327607083822,0.7838234631644564,0.5454958474280888,0.9081419711051271,0.7445694974429375,0.11581416598672312,0.0210746356732866,0.6656459316189853,0.5461519305831927,0.5088518483352702,52.049135477909985
0.3960842259904028,0.9929322434946998,0.9192535267048478,0.40484050694154794,0.5420928252606854,0.832040450637161,0.32699400547729374,0.5433856979473745,0.18750150179757175,0.9387419244188151,77.93922604990078
0.5658578883732207,0.9906280228323746,0.6692940672373924,0.617915725744745,0.32868055203435165,0.34595268420666647,0.8959453049413161,0.31067994091392426,0.3901975485418533,0.08193676390141325,13.594279026226134
0.909898345674594,0.2645470677990174,0.6532809359980194,0.10503165664325387,0.6417396486479676,0.5033432160657102,0.43640238162667033,0.8905934286096927,0.38206809133885533,0.9458352513481386,-17.604890987214908
0.8992751615473474,0.18953596238585302,0.2895878671804677,0.8832699236290101,0.28234597967057673,0.9142018370328323,0.8676108515116886,0.4142361855960116,0.1434498087088586,0.9680540116671882,-40.43000756782773
0.22562894672741785,0.4559251559333287,0.1971564061916703,0.36822493721482774,0.4657877461495371,0.20477127559029829,0.30459741988488964,0.5273182208418187,0.43115829020404195,0.6922824065376838,-188.2464962050372
0.7388341524987252,0.37941096823198306,0.9809057966917958,0.05494961091752726,0.3194734506424769,0.8322026351979542,0.8159477830746168,0.6744943810993493,0.4613141704882152,0.784425853757194,-24.869182266887275
0.6124076593143019,0.8666226427088579,0.402465972058924,0.9734575305388546,0.7171234022369631,0.8171962253599134,0.6389926687381322,0.27799707305940924,0.9545214598849929,0.6962392820386484,14.557054676072678
0.7728826293104657,0.7978998630260342,0.11860539984076524,0.5792139352258767,0.7885425720497504,0.13897795344041786,0.37585740809434065,0.023684217530422824,0.2881690895580189,0.07940814101683635,-102.22044206770543
0.9513232204366308,0.2414739134074666,0.34068173277503444,0.31162990785644573,0.31994559138300405,0.8924148620675746,0.9860758318618542,0.3303246310158121,0.5655006576933984,0.8211082867949541,6.437436329450001
0.1261221360826974,0.997411799986434,0.4057397384200243,0.2608086237408622,0.8773320525267722,0.7862220969145618,0.7367106065309332,0.627467016099203,0.3232293261662693,0.4019418000304682,-41.204183576668974
0.44138746599173284,0.3018870761004524,0.7535579651715263,0.9369364633937528,0.8594675300952531,0.7149706052659828,0.48988870081366176,0.9574156713132028,0.9128324887409612,0.49371627930384465,33.003802809751456
0.7378917105648015,0.47731472434262756,0.5685645509945588,0.11612331854996949,0.3032861899265622,0.6635326731642063,0.28082011910189,0.08518461885432882,0.20685872492031143,0.6949097962585243,-177.0662025139131
0.42212586306689515,0.35936473161103744,0.06878384463508413,0.6555682041241169,0.9114949974003662,0.673115034002612,0.8236593759504064,0.6810991919433056,0.18458147320173923,0.6389034284684053,-105.43228291946288
0.08002059183942378,0.19808931294188403,0.770559370531893,0.7608268931789947,0.8070531818970866,0.00454658994364221,0.9385090780957911,0.5121648295771251,0.21942023160426138,0.31420087782363393,-38.64306539685887
0.2702797344904567,0.28547028532442376,0.631325115626391,0.3035451305098982,0.8383916053097243,0.5509834562528646,0.9106786782164027,0.5555258642471808,0.6662482367427076,0.9659716551503997,-45.27689286605997
0.41045664075347843,0.28572299194408246,0.2275433234951364,0.16584525283296936,0.6854208768921605,0.28523776867297645,0.6473804608069484,0.0538969407486789,0.08747997192214851,0.02103000333509042,-80.13940803961063
0.9188864926449188,0.7446446347147933,0.12817771989592097,0.48653269771106855,0.3225170037476529,0.04003390485828229,0.1221521566017707,0.15734671694441438,0.3327272527476638,0.6943457639031033,-102.43814738861894
0.6068209446220592,0.19113021642018568,0.6114540246879371,0.09856195871261819,0.7733783454786308,0.7066920364885934,0.33275775095374327,0.3775461425372747,0.0316468649113979,0.02327658026672552,-23.412778525295224
0.563220374207788,0.03640789612777273,0.8136154708173654,0.8015976333343026,0.3576711494962054,0.7829498543010014,0.4766078932836536,0.5483342391417503,0.7095188858235565,0.2902336803155091,-95.75065676857427
0.5191013770184224,0.8191813135475652,0.9705259434285705,0.9678678020453323,0.38854229483253255,0.9541245787726507,0.04464529531637906,0.8650962026917871,0.9877938839894306,0.4159340012343715,307.9682451384808
0.4171803727512666,0.8030712059453857,0.8143655035876952,0.7761764159316974,0.25524738300518834,0.7590645323419278,0.4381365711843239,0.03093817572051072,0.6878811721725068,0.03370440423431953,-55.998484713005794
0.8832051373824427,0.7646863110046831,0.09209845825755236,0.11785185975787849,0.6827879552179703,0.31858173123625433,0.11068234014069678,0.8377581538405294,0.35067116767902107,0.31876223964703254,-170.00140473837754
0.15415100424159756,0.7961953474320806,0.8657871501656133,0.16858925805123137,0.8300154022855318,0.9617715117448804,0.03558618032115324,0.9728095741273975,0.29046918425368773,0.620382749325171,40.443037988410744
0.39585796228945613,0.276681774021201,0.28557933768676613,0.674457045179319,0.32516546653291145,0.40391654415796363,0.26097751577870876,0.22628086900669642,0.5567583103214317,0.4361312091648266,-204.1361963856148
0.06674648746523781,0.6304257789739293,0.19583810965199266,0.047708889355948414,0.49431251954998845,0.27668919358054433,0.5513806163779856,0.9917265417757377,0.41954671836481183,0.5477159108074302,71.32482681158722
0.3280383746834912,0.2563714737803442,0.8070809628646473,0.7067042203830096,0.7722417232080828,0.2999078560759948,0.172454540211892,0.9287607985288097,0.4894934495696923,0.7101919601999537,-181.2861536449529
0.5608569677346007,0.9661868480818255,0.44531195149593183,0.07159743208808,0.5931393685583928,0.7888949668033673,0.3434308676799199,0.2690071515923633,0.6594277836604588,0.5907111402807035,-21.048232018547033
0.7441303258990399,0.6483101057554037,0.8587616624437919,0.42010311245850684,0.10407341390636105,0.5770765158843113,0.36185466064607386,0.4989018695257398,0.12687312457454136,0.2515752607045256,-145.70063793180913
0.7444619475881374,0.28061815437097326,0.2296760618548489,0.7302474444904253,0.5305798880136195,0.9235371449386937,0.005264825777082871,0.5833985856601892,0.7265417316503511,0.9653555834214895,49.40341069984128
0.03317425044624012,0.2952556066771146,0.6081312211654836,0.9667812995084146,0.7665771211558419,0.269950823563079,0.3016921788685297,0.01450430538375913,0.38050552102097135,0.003134318117908763,161.14450475915228
0.1782543019170426,0.6799599675150296,0.38405415131777243,0.2296440789727482,0.6124686713126908,0.5638680054091244,0.9879698587685236,0.571266476856679,0.6782288780211299,0.057812107393877876,-1.9863177768415134
0.6056025140143185,0.44518511654267134,0.9854514020327235,0.923196215025377,0.22357470719716988,0.344455664273951,0.3174930597774438,0.8045364885765329,0.7345145328669612,0.1242821755300606,-34.517940337359036
0.595943623506063,0.18857426638749974,0.8274088572491709,0.8475958169150984,0.8609844477847846,0.46973964402158075,0.8669168217996175,0.6792890176912653,0.4034233390290244,0.1960571278142983,-162.03013248713538
0.025507609781712515,0.9077033190560125,0.3529120546703166,0.5734927635976642,0.6929412373087399,0.941594237162184,0.8225516983385979,0.5130577585462963,0.7355058549484665,0.6072649978507235,33.174398445745744
0.4188293524557759,0.1399795405042903,0.6081074792244991,0.6070882459986232,0.6583927453443568,0.45125569083020356,0.44117085840775616,0.021473459858912136,0.3408527001083361,0.7083854936517591,-41.92521359130568
0.36353663952249604,0.22528394927279338,0.18426073612032112,0.42567990434911074,0.38510737705277354,0.38244619406667135,0.08241287397173136,0.24244525104431136,0.33452568026971397,0.3083338046716263,-210.1541952681219
0.9252810829196956,0.6239475689346429,0.44829807847754943,0.13074092209930088,0.852170327939794,0.9034792042642561,0.3817425903687419,0.5276858461146403,0.9071222592667569,0.9356872871388321,32.65217098181108
0.17429704835327675,0.9077678000190881,0.7121286101988913,0.15513016930131096,0.8557557517141765,0.6468859672483533,0.5905567173555368,0.6831463547789581,0.6986136118292949,0.9816405199205178,-42.34560950131805
0.296881909250697,0.4914171918968193,0.936285769859511,0.07693098376822627,0.5295413662955432,0.6634260924504837,0.40543742100920654,0.6241690528590894,0.04960324447296005,0.13070578029242774,-7.6027433351539315
0.5627954433117921,0.8816655728421184,0.8350392343041547,0.6085214440062108,0.03223664696551165,0.48095104691610435,0.8458288116519801,0.8827070581601534,0.47428770626413896,0.48706025138487474,7.543182057537392
0.33695949659106905,0.5771493481931623,0.18665601959987954,0.30168642765911613,0.28342178403850515,0.3108380461284783,0.5927842833191004,0.7990209215626337,0.6157873308404429,0.07778278591159205,-179.70640919694247
0.5838690825188139,0.8706268050266242,0.8604351899687298,0.7645804140429883,0.20117960747077424,0.32899078382311653,0.003525766234700578,0.878741401793794,0.4181915364117731,0.019307630756679073,47.26748621114642
0.1599851952685971,0.767050773332849,0.7093587279812248,0.9344504492610591,0.9889911662156444,0.20133854253188166,0.6612429373490989,0.40027396550558714,0.3933600325495442,0.6944667839127956,-26.277546113848526
0.7205489598087434,0.011111191346489191,0.5345724176909873,0.22049461908243806,0.9017940357386144,0.7093868327906941,0.08776494561575277,0.29526536323246455,0.9500138549893516,0.8729667081801253,29.914378685141862
0.16042209676925823,0.0014479716667754605,0.24260944366601866,0.763296141064921,0.8665484091274405,0.6373171662023901,0.20713106804041748,0.8125564027671772,0.669372816572284,0.1422110240035498,-122.73495061356512
0.8362108880450105,0.12405956373892013,0.9371745230921399,0.2632158262563121,0.8194191080943869,0.439762946944522,0.13407910976275983,0.7760596753442421,0.4623286981735736,0.41502525701071147,-122.40244348066943
0.1715218092376527,0.4038465601519471,0.20526722343334314,0.22846653398825123,0.8775312229127957,0.8787895382363401,0.9553218775388369,0.09515845404083312,0.538864428187838,0.565329453188702,-77.22092004737296
0.46305664901722254,0.06027764915425615,0.38578070561281885,0.6915806418010575,0.8044457668523867,0.2876460876161486,0.6479268982020635,0.056221063476841415,0.3692097923188774,0.30423435645255914,-95.66585372168758
0.7686558544596227,0.8839776621919433,0.6703146707344093,0.2602417610895681,0.2296446234290137,0.14178463370093086,0.9090769142272992,0.8567225870817913,0.4719558186326108,0.3842743623701912,-152.2247625397694
0.1544851905575515,0.4396309044183402,0.02817315473868698,0.09136914810912322,0.9389704009749853,0.6754058570201295,0.092988271699875,0.514386016025529,0.568333769670863,0.9182768976025163,59.58345009509226
0.2364186117190229,0.09377390627254534,0.7476927594549035,0.49557633526766887,0.7571350047749359,0.06110168806718497,0.9342982890831888,0.7768664654864983,0.5278555715057978,0.9800745104318,33.71427002033563
0.8305594946166022,0.7401752356555931,0.851289629926826,0.9205084633262772,0.8959816740891939,0.9815980692080764,0.4747891709305673,0.5965353241397685,0.37966791187592985,0.5602608832918725,50.869060057835846
0.8720478786724896,0.08421957039177597,0.45775489446692674,0.88671337418038,0.40387378998087253,0.9358829279064037,0.04092913496313855,0.14309067410516485,0.09418018670491046,0.3470088827065936,10.709424154851682
0.07516526522133937,0.10333990861042663,0.867967201169615,0.7029979520147848,0.9725451266725239,0.057235604742116086,0.6162234846937965,0.6149884776042955,0.4542267817226997,0.08923453230039724,56.22160428787201
0.6042333301143713,0.16085482394196415,0.923239091504546,0.8051295034415388,0.5633549042149669,0.589794379845565,0.17032868387647127,0.39955873037341305,0.9014269729329474,0.48371471435279,-76.92962828885884
0.7701205266926228,0.2288143321703452,0.30073726414766744,0.15734901996387585,0.5537761992552368,0.4600265427638618,0.904315611517188,0.5963323283477883,0.148474968698588,0.42173609961672065,-158.80070378250875
0.2682801953940257,0.4231786232568431,0.8613756058905626,0.5357860124471701,0.25361554064606295,0.45018255920899886,0.09400704534993487,0.2982314278690015,0.5687007150884931,0.05854432291666223,-105.0757239534998
0.41908139797773414,0.8898359829262122,0.7861506699891471,0.8836857459003483,0.8178814414735808,0.9423068290475198,0.8099020669825784,0.7960087773547188,0.004058120284224032,0.22756516155759343,3.4221994599662295
0.4792898738814315,0.8252539247220666,0.17405432771133844,0.8240173621766708,0.4236482846970725,0.8545302239300804,0.1903711251667255,0.8563000988204229,0.27173566510112157,0.8301350547896109,-201.90029291931813
0.8709716791896793,0.9122781983871102,0.2324083645202688,0.9481347304501275,0.9364480640093835,0.8170930140769875,0.5548130626818069,0.9229538734332893,0.655834928771807,0.4295324126194068,52.790848105268026
0.2952454410837273,0.5651472968231607,0.7221066486162214,0.19358502362578367,0.7057040346399587,0.19337693742654316,0.8323366303564066,0.33275634915818497,0.5384527856549377,0.6322163332064548,-201.49050192629122
0.8074345880137132,0.10089101729487293,0.2968270990709123,0.7775550301499982,0.08230834226011996,0.9181671947802,0.14059070777917493,0.4983331825631434,0.6593696780121601,0.24762015165960038,-141.8061708107185
0.9081636138304965,0.7052854688439754,0.1822144665709815,0.18282131786823108,0.4962977706349643,0.9949809393038322,0.11610139313408474,0.690930426408886,0.770147870389247,0.6791785001773595,-40.840110984240525
0.4153925259060426,0.331124350917396,0.43623585702739553,0.5493561396447721,0.5920904708113122,0.4351115841259552,0.06007624317033655,0.6039797514712963,0.08500237213027473,0.12981961000885955,-53.88499178511431
0.6822743857761003,0.4331313193437428,0.17906751954308908,0.9451561632618223,0.6651153736895661,0.0863487621009369,0.28772972275725905,0.6718671468663,0.3335701128595777,0.9080849877737148,-77.90823604706193
0.03148841980191597,0.6115832895022325,0.9189100023504315,0.33044059093669775,0.9770320055038024,0.014006454491204412,0.7145337932173864,0.05634662306442062,0.17477473261313559,0.6829317057972314,165.65125769968603
0.7429387345272079,0.7882201359554714,0.1807337810983357,0.6696718713040074,0.8762415533733017,0.29386540833340613,0.22960592884745468,0.6068051535826937,0.6982517573907535,0.8721374757641467,-203.1449148035787
0.5866570198383909,0.8197772659518742,0.012401873862910473,0.6611400131375482,0.8974443655887999,0.26714074747158256,0.23411562903144356,0.833680555503008,0.3726018957222028,0.7566793538685775,-80.79448514710575
0.8976610558666889,0.7117414243587221,0.9811581551200202,0.16366141172649207,0.4740116717237761,0.041125701682164006,0.8491041119598539,0.8132574504271303,0.30147673252913043,0.7034247313352452,3.1940455751432815
0.0856062160343003,0.37122428520474304,0.841875881845191,0.7011584106347388,0.5222945029271799,0.5841905681441161,0.02349620696973942,0.41987932075096124,0.48993829436606995,0.004818654803850575,94.66476136779731
0.5119121396003481,0.7612317576515293,0.6847482008975357,0.7029795012007626,0.36524766068947434,0.7132632085936326,0.22918028258665257,0.62963335479631,0.7512559431235386,0.4255353379800375,-175.5908236465725
0.47648970177167793,0.16464486536536038,0.1665858943153723,0.5817022381628802,0.16259187603805736,0.17502654713956267,0.3825276736774368,0.6280830290586145,0.4527406925625448,0.28541587587183836,-202.3951226553291
0.10180022191643545,0.9694860422525127,0.056146939913683136,0.5351528060936261,0.6771724161670971,0.7444362909451788,0.23802399772013916,0.10643628433530206,0.4127800271107591,0.14984137070923398,-38.464189051703734
0.5455598527806249,0.6389581858407206,0.9000057069974692,0.8073922468024907,0.7780120741734936,0.23262756625208947,0.2388506814216188,0.66255288648741,0.15011494174995044,0.7095813201049116,-190.62552699894388
0.445560689979252,0.11535571210295548,0.40940993490537114,0.590401948354959,0.35712777235213555,0.9431395109195378,0.0673492063615001,0.9619969591561061,0.29678531315643464,0.709885746254768,27.647819961997516
0.8660034014440063,0.5391829193965183,0.5189808641517385,0.20951413569462396,0.7435189829385619,0.8547521686692467,0.48344409651130127,0.5436455153009977,0.1626203431364145,0.5032308059401469,-119.58763800594765
0.8718929509177403,0.45328540452388044,0.3412913278408375,0.15272218320414244,0.4731696964093628,0.9427124884951593,0.14694511694002366,0.9682525877316001,0.4482293137051233,0.6875130640682815,8.26848791173444
0.7434932830604385,0.1783278905557616,0.6454668130989318,0.7287895872518853,0.8754049491360277,0.704817831464765,0.8058896028261268,0.9627275654471451,0.054522793017789506,0.631993007525311,-54.290582452239434
0.9841122148180533,0.5254411075578685,0.3768954676417301,0.6072653549510401,0.14496138841978534,0.07568934235267621,0.34915134731954856,0.6594463350551101,0.1298637521749637,0.18793793919709922,-39.19472333952794
0.4822763639569615,0.4830829877650623,0.8493950895133684,0.1508824110339898,0.9301152077773909,0.6322267462187127,0.6338530815547192,0.20865200993803212,0.16737059590449332,0.18705641808685536,-145.37410769648446
0.8580214782518313,0.24730835602762713,0.15405510421085844,0.9804631903755403,0.30555889836281847,0.35903852157055904,0.22692588425267324,0.2883485471577989,0.6742763129227417,0.7744669464768441,-142.98941874510209
0.1878532135466393,0.9697338251683801,0.7227876572815607,0.9932013640593051,0.4667552233584731,0.9555654496673592,0.08143808382281492,0.22870547430345012,0.888687251662538,0.352625944310629,139.68692098354097
0.8726041926446638,0.15189336090988736,0.295412174697975,0.1686637877038638,0.799968262107702,0.425521820440631,0.8912308067202096,0.11765953484774339,0.8956979773529575,0.4244408120692722,-147.70544843837962
0.20793025954110889,0.6266430925422635,0.16789934310324728,0.2818527875664225,0.0869344649132231,0.02825436548219251,0.04643473445626456,0.4548899477031175,0.4587439987180022,0.3934673714855862,-39.44102686363263
0.5459739197252108,0.5179415318608238,0.8040653878189162,0.8446964237146001,0.5511583668527053,0.08901216913137844,0.9823681401244487,0.5558627448089175,0.30716980097182633,0.4610929120221158,22.406627932366046
0.17638867972602457,0.8839011662868242,0.020749734402124576,0.4126649268287832,0.005973396541088305,0.8663334589159484,0.8668403098163997,0.7510413449825579,0.7822426723774915,0.2773286888585693,15.283031348694692
0.9117109853193681,0.22289235433748777,0.8916770504297474,0.9913832785746787,0.18216146915857612,0.8865749730572242,0.34113870475303354,0.6475072059200665,0.16118947652492222,0.9503052259974853,46.75559590628774
0.041512228174092725,0.8759566861718219,0.6544184608983341,0.7443472468817216,0.9270792461126364,0.8326774329623422,0.7161833854309188,0.3778721719271265,0.5145220938270044,0.285239134008908,-52.9260891572514
0.9034324468716265,0.3280021256417971,0.7744776526430738,0.98365078737415,0.6436250558673949,0.6529552937866827,0.7254627924735428,0.3584238903284007,0.04637492403258359,0.14353015722460094,5.562998408179254
0.2406007483641105,0.27279917163178247,0.0208977195358947,0.7758173184167441,0.8684279619146674,0.5218362015497018,0.4686351430216721,0.8410175037464315,0.40227061023189015,0.07488352102893758,-55.59913698359736
0.2179065479904626,0.1970916923640602,0.6130233747149763,0.030931217397939248,0.9261738364620725,0.9014607728471248,0.8155678041266454,0.6705723356034943,0.6477193092468176,0.7297754991563735,-59.84165263674244
0.8941795010027671,0.7103926664382395,0.5569030916187737,0.17044948719688757,0.21769080097766935,0.006920889151471155,0.5186506100888526,0.42993304794179266,0.3528705251890384,0.3945663314275957,-36.621403181799586
0.37538457260912217,0.572133015038825,0.8236113064113962,0.2900632959353059,0.1099634458274028,0.1468802389609284,0.20751106287288956,0.6799920958296821,0.2286342439140735,0.23528096232589146,-246.81918394289428
0.15521299926423926,0.1743027993550762,0.6607451520561493,0.9735842762031696,0.6276830836386141,0.5940792118629178,0.04652748204438706,0.6283786535442802,0.36892905974594836,0.5590424160792427,-1.877762638695173
0.8745686063882401,0.6216898637285144,0.47831076953962515,0.8770747039349341,0.042094976012574725,0.20075703258133515,0.9445118404107224,0.8408105289791235,0.3748493958084447,0.13101462783637352,-23.29723910992579
0.5467881792439461,0.2372405958767977,0.8010108147942537,0.1978812218484356,0.2512734324985263,0.7840897650168379,0.8638795574877826,0.05745576410880415,0.6908897373984028,0.7784754724019157,-190.70533245503879
0.33787022983154014,0.643010213801234,0.5525259091061951,0.6672952494664365,0.44572813383253207,0.739956552751713,0.03655138769884714,0.978462448107741,0.09434152906505255,0.6512724827365381,45.18113816320678
0.47340165721105865,0.002250268449285997,0.9564439175022534,0.6388266467424484,0.08289023185399014,0.6347714319377966,0.06082448318778022,0.384060600113722,0.6064092386446973,0.11440997593758384,123.09978917382354
0.7628077833689086,0.20524407867871275,0.9531347325786578,0.21216657663032767,0.7976896263431895,0.6307067780939543,0.949606808359662,0.7764243171269025,0.9237083225009767,0.47744691381341264,-22.41171667215089
0.5590325360784442,0.30516904704938586,0.8607321843803526,0.5609476898136142,0.4803388844576185,0.16989928252749464,0.30693123583869,0.3676728074632388,0.9592423414641387,0.678726374056036,-72.2470595091666
0.047049634441783006,0.7652586910023834,0.9960456031465638,0.515347975010408,0.18502380999363266,0.46971550087254976,0.438096304853286,0.6516525602055245,0.9300675370156498,0.8013824729648846,82.51595042763522
0.29663317230072705,0.9689671658302966,0.8455105994468727,0.6346566396824171,0.529905902632115,0.95900498413413,0.37896893707804913,0.0735438754520713,0.661327541587673,0.007023604710018283,158.5188155428217
0.8046137866896982,0.9298818797300095,0.3195446293436939,0.8444093752709848,0.6183541401696901,0.8798604529687417,0.9934424630132129,0.37498523287185037,0.30441744193437714,0.1871986853434794,-7.037685188589027
0.3789481652646005,0.13966010288414643,0.37655551091677064,0.11766934971526632,0.03405698001306756,0.6013364277595716,0.6043842321481349,0.3264029599638746,0.20642796617767112,0.41537381974168763,-107.01390805404634
0.771277562538615,0.661182135526774,0.7543575992518377,0.7490628860367897,0.7358248225762369,0.9954927245875518,0.7621272393138404,0.8099083749573299,0.6201552854813296,0.9405684180167883,-3.962240794426627
0.18924627334328303,0.715420331788998,0.13954235059542308,0.24171505321608644,0.9304122711398638,0.08659513450274692,0.24920063351015675,0.3804894065732952,0.9336878983405926,0.22655786091184316,-144.0005526022477
0.293519995648846,0.022352078262248942,0.3724688978435112,0.529757064176257,0.6339699153672177,0.29647095735950113,0.5115327381748737,0.3553866938237953,0.6581806801099589,0.20440402721858142,-88.29422814168012
0.4118292367051902,0.7200323646647033,0.8335915188350029,0.7347386274453531,0.06623239730395825,0.013460057844179474,0.08956102461220217,0.00956549493063652,0.2974955817656769,0.5600321839924487,73.52443392880848
0.5387533488021008,0.3035288888225697,0.31620675833265643,0.9776012431237069,0.21179509159014187,0.06652564866044663,0.08556111457927229,0.6777958290102929,0.12524030872173242,0.22385143074536484,-66.69212477818044
0.8413090809471446,0.4557199533406462,0.18195976008691983,0.03533559383108098,0.948362639912459,0.03313392539978477,0.34672274440978845,0.9018589106011035,0.8743945726019824,0.987195063289351,186.3479026310825
0.038254544273843005,0.8937250288333937,0.5676001012576283,0.7575580515969738,0.7286118120785432,0.543844957546703,0.18600614593159814,0.6295716382056118,0.21438268728845955,0.40041939634267043,-94.15112456988437
0.9044210416167996,0.8737879419270907,0.8129318238537652,0.8104793152969667,0.603353790462423,0.11306787221431613,0.5917029076285495,0.7824051512019932,0.18939427888017835,0.23572682659248279,-165.5513011419337
0.9847888891869031,0.9337817614085557,0.5099481136457578,0.23705657626226917,0.5845383626956113,0.47755373646870125,0.09494397702128976,0.030045565790701056,0.13058534757905715,0.8690064470961525,111.86810440754863
0.2538322895440628,0.07759303301363918,0.5925487524787909,0.07338140618187872,0.5003505806829943,0.5445955661434236,0.7829400272732404,0.44410086291461714,0.3657022600821471,0.25944431599356,-106.15275847549407
0.9507497979598352,0.11349133359470154,0.057052330396238804,0.8692180891145408,0.5861823325183406,0.13921131954017307,0.16790035426507377,0.5665759874193746,0.3526973821367192,0.6726469023666746,-48.14535256508906
0.9967065203781025,0.07065423615759203,0.30947017391410325,0.9051044970808287,0.513833150583659,0.3420936438145369,0.24810124397140731,0.11443958069449178,0.5097013607601637,0.013027011624462403,121.24336256308825
0.7947740833669013,0.7261146596260025,0.10926415247141164,0.9800716628463946,0.2190519637311893,0.6973351504175243,0.11533808871995366,0.22502939010872736,0.12824735516839958,0.7375648356532609,-131.32291043029238
0.41900113433143416,0.9973578588529637,0.47283125930419045,0.2736245786972652,0.3969850662606095,0.11994393831072958,0.9197520384896023,0.6715366251355772,0.18691171065515955,0.6989372298248099,0.17584205079699444
0.8553789908100898,0.79977961291757,0.08700217049769332,0.87182801641594,0.9640560988904522,0.0864444510627056,0.18387562891591036,0.8518156296413846,0.0761392698122959,0.07880714530022725,-12.748583291582626
0.33219084468748716,0.6278723912512565,0.8049166344910361,0.9803596058565668,0.08876621327258127,0.14848714591572965,0.5843458788688249,0.004596516655920757,0.406091472790281,0.8677938614467908,77.48160079189388
0.5478243060740376,0.5444625426758646,0.950196840996137,0.7502618017393089,0.37101178191683826,0.856183493951707,0.8284634300524989,0.23629070626271342,0.4269000445617769,0.23916051042306108,-99.76464697987569
0.8830728599459391,0.21976427408890442,0.6755295322537673,0.38803734222709174,0.2123459772016022,0.7422525834458349,0.3368408041373163,0.460357446073397,0.5241695312618203,0.19699056455906483,-192.33257205007007
0.7564603152536808,0.16612285590905917,0.9128934762942489,0.8722850979438762,0.2515222885710955,0.12298640267501892,0.429838827983566,0.6798038661235583,0.006937151733013569,0.18650992649023612,-76.08423260106427
0.3260024268452928,0.039784194070451306,0.9875432815929415,0.5031275599152252,0.8689977345510629,0.6247114998095186,0.15116125774343525,0.4736491053199876,0.5587540377089422,0.9977644491899165,195.5446149169467
0.9377910038664267,0.8329679312311933,0.8641327254761723,0.33467312143826233,0.8148142463775735,0.4634534530768606,0.25511270606108527,0.8098419805970415,0.866235694311078,0.7858396657624328,-125.35812294995677
0.1475744546762866,0.8387948692715027,0.43791759062693447,0.6071226342808932,0.4637595682787403,0.8588207035773542,0.8019281972779024,0.22606061348173534,0.6444042746944353,0.5437397396030625,-145.89167128427025
0.19342498191978097,0.7800642468916151,0.6751842470165529,0.0506789508885237,0.06434617615437432,0.23147445926164412,0.7781713511329557,0.7915589646630262,0.3321146013934346,0.3847499479032469,-154.0975391485502
0.7547010784445959,0.15899266353193087,0.7802696125912841,0.4535999907343644,0.8559059422557983,0.12511125074065121,0.18606837420614553,0.6502946428969257,0.4341448894485246,0.3113339094973554,-203.29908478864982
0.7291630469702414,0.7200375046598059,0.03841721581488755,0.32319983574205635,0.4383568370970431,0.8261495954026931,0.7217791949041988,0.4396970462792531,0.04926284159032368,0.6013339175440334,-47.07495346142825
0.8884150743318402,0.7001892579711212,0.21542206049305201,0.8768339396483203,0.9108495618298773,0.3984082821382612,0.280358462736343,0.08791403120610763,0.35965599685132743,0.17841429449029567,-140.27990945613217
0.9552901869686126,0.1565117788296302,0.3977499466136677,0.6681623549033429,0.42023521965446675,0.12184724144932257,0.22282499981687975,0.35837894887339605,0.753713741687259,0.9455692511336287,-57.764134338989365
0.1390751824181493,0.0534077946108934,0.17106660126195128,0.023462836381613283,0.13501123659805747,0.575202612307724,0.5098711448638915,0.5316455698221388,0.982246454989018,0.7908050169695696,70.31421024721786
0.041394687937718055,0.5880339244358658,0.1833123536909641,0.5537051604227833,0.49198788841802765,0.851796903552527,0.33631361344536803,0.5574944975254046,0.5784558020834077,0.9721209699917358,41.126995111796816
0.13667174993369768,0.9711239242416648,0.23505337395090942,0.9218410926815458,0.820989204537682,0.6644072482385909,0.9114666602585906,0.4554994377160104,0.8752320538357249,0.6405682520574315,7.178119261373325
0.9704659566153375,0.004501580485271828,0.26165575131794017,0.9223177140875559,0.7400911151093064,0.2546189164095971,0.7808495213809289,0.1824666866598389,0.3272915616660471,0.2755470782709628,-15.47994119604682
0.8970896356590302,0.4606382476830272,0.7726119359345972,0.06723933197657217,0.32232700789634494,0.06216040340889961,0.6319408579326706,0.4122802815382465,0.22384511021439601,0.9178086665582971,-42.522182720745704
0.4087040393755125,0.9459568637429829,0.8471127286365051,0.10370613750100088,0.6231020710220145,0.8108360020009961,0.9773308196002581,0.11052095271777296,0.7150929310465671,0.795495973853037,11.018188100412146
0.4948594189372467,0.9997946851812314,0.5712118592075681,0.5748831001091401,0.04807407928177143,0.05597552007458684,0.5825770686553093,0.8379311550359991,0.5820835301481556,0.9261541441979472,185.5972641531884
0.4700237706231636,0.21504106543569668,0.11514254963223003,0.7595558481307616,0.9124629174719558,0.8187949614085306,0.22188300371247704,0.07435908554439308,0.8849821745573795,0.07931814514648727,-111.47479606251407
0.5316464336141636,0.8751610251173528,0.8005515163895951,0.2839886114121374,0.392805699573228,0.24410688131195313,0.980390540508357,0.4924128941968393,0.3701053022631403,0.6868053968288108,-47.56714661157112
0.25730437681515494,0.25453671525822197,0.5361405687970722,0.27911192287862163,0.6163250390456708,0.3962750351272931,0.43464813227211363,0.5441548705086682,0.8784322381357382,0.32500543445012564,-154.57822782739478
0.2229915689077867,0.024333184992158197,0.11653587221010187,0.12813421684221094,0.2815612608863173,0.5560259312171874,0.978881797153739,0.10912470448514178,0.9377873947756888,0.6783524709244637,48.99470831260468
0.08497197584397997,0.5241306125082046,0.060486738247950256,0.5385839277900666,0.2833383694514623,0.8824133040015244,0.5018502503259448,0.7260177856883105,0.32297507830873795,0.1573940988143273,-91.59531090868028
0.9027645019581698,0.028166585133757027,0.502824112962212,0.9334911796500697,0.9978692308122534,0.30148334850855274,0.07583443560474412,0.4609166830850837,0.6253487180965288,0.32412131333837646,172.1085109600733
0.6707375813177445,0.15964192670439037,0.7988620861660798,0.6152018952105639,0.7058417067747332,0.9852186035623619,0.7366272004373248,0.34872214378703414,0.0789009926781965,0.46695098095426213,-38.21493882255157
0.13533520603330151,0.8347248355909621,0.17897403214582264,0.8535538995198387,0.23049257389548372,0.8343955542843347,0.7094184183457715,0.3935086089621188,0.8448491084202421,0.09142947761886466,-204.58709291195882
0.9431918164568196,0.5567257477367942,0.028606961901005312,0.7816188753703321,0.6538102349605994,0.9961872904404903,0.15609048932089498,0.6347528509539765,0.7313135787153197,0.3340230186588655,96.47471414951535
0.6852562441018801,0.15203214544822008,0.9227074208741248,0.5115838186782036,0.48581662807252346,0.8968997479841497,0.9648991605133401,0.2937274153476842,0.4229481497678007,0.09207250597957317,16.4740712887006
0.5718338702952842,0.9685215243883718,0.2958026338372468,0.049207125663165985,0.47339559605441117,0.46736202952528616,0.5731268854993016,0.2659097620526303,0.3910899261963803,0.20939007107454544,-12.84702687248451
0.7644601849230769,0.2982536079855238,0.6657254254242675,0.5356628990609698,0.6087553470093824,0.24835417432348472,0.05159943881637907,0.46477122815148075,0.844534674720495,0.6599798242414644,-112.21536344806076
0.5474468956702364,0.10700194261258822,0.3506933589160245,0.5891445490768835,0.7387918105166671,0.11582335786490061,0.46268132596395584,0.5540300207782397,0.054329526867149536,0.8987127551491009,-46.36308713155794
0.4988403041248367,0.9700396921691513,0.8167906966059314,0.017353421470917674,0.6272172877048021,0.025486180391323332,0.26428832016556447,0.8325670293855095,0.3511416905479663,0.8245553369790952,89.39000539057723
0.21451140681206393,0.5547151451358483,0.5941064903359107,0.563355171818967,0.049244246887533705,0.34279471999365985,0.5641630740507285,0.7728541555205907,0.47976685721038115,0.49135052865454343,-61.781307171262554
0.46800902241852005,0.5277286842671208,0.7885811244201671,0.6185895859818521,0.5917694492594012,0.3369187954647507,0.11444880297796456,0.2700080736188488,0.07284515245262213,0.3345263139371445,-124.0985730786543
0.34205849704966174,0.9027058902019157,0.7100664685638983,0.47290286560616046,0.20652950023235483,0.7367860528219529,0.9646998297600592,0.846652206871116,0.3888164081053589,0.04516954873892087,-10.944153365092234
0.8183270046253249,0.6846484229688757,0.1834912122858957,0.8946345346724451,0.4638482305136332,0.5703822857253996,0.4958755579252022,0.40590109618968717,0.7551199641611285,0.6286547011564231,-116.29276336439838
0.12201882382597717,0.847538306738514,0.41163422899164204,0.1457721812739744,0.5202552083223453,0.09437892495308609,0.7241214829836428,0.21978319197848628,0.374114683354435,0.6042070913376397,-162.60588142709653
0.4961086561591983,0.07325712978991417,0.19246029818572297,0.45920251055424943,0.02605538381255612,0.8071843409521654,0.8522417145397461,0.9251251523462105,0.48336728533450934,0.8370188734357903,3.141061305888609
0.14712808950294942,0.4356005810128546,0.7371394503082497,0.2950142512796472,0.623911962716692,0.6385658650072853,0.9714285211702866,0.43813714282036975,0.12662218078411536,0.3243750963462567,-78.54989861041635
0.03620980029293508,0.5851745408069432,0.2618630683780423,0.8826193196094339,0.8599073304547278,0.4732809007227051,0.055887694891043616,0.16897079895930667,0.9531643692334018,0.8313579234400613,24.99555884220214
0.485716375909921,0.2834003068978084,0.06666521604145925,0.18040545844262734,0.19695961181226473,0.9072820603696718,0.9211715553560665,0.8609824734286029,0.3643801580704892,0.07080724712245501,-67.79079657523654
0.21111679150035534,0.2690344096622621,0.5272197745409889,0.9806217694527924,0.2774922071978515,0.7236234879316319,0.9391512256380388,0.7755925820692202,0.04744479437616722,0.5008355799465555,18.1165843786589
0.822862930574916,0.4236953366217172,0.9542582560994652,0.7799513636496107,0.3850717807601497,0.17768132219254396,0.6121894723324925,0.0711165996613975,0.23921963455053663,0.34209810927044493,-96.72956444916704
0.6682313369007422,0.8832040266154584,0.48807661051678763,0.5851547861588433,0.8997024057513688,0.20264810002275202,0.9956758267057403,0.8737996724884346,0.2574648201860088,0.6072996081248756,23.552808499190064
0.6333492903047874,0.6570269563895439,0.5376663183039451,0.6557032440403839,0.5847704216598052,0.12858850986181602,0.1120267876997465,0.613248389910626,0.9799432631524877,0.3498705138065896,-12.35074303954702
0.2293322946263059,0.6387341469138349,0.4592188661854777,0.6880176852504984,0.11124648986026509,0.4499275235069271,0.8891472785113225,0.5470464638634067,0.019995157493692295,0.4748597236330302,-17.283382810152343
0.4342315129484067,0.4683856451538885,0.5890742444578693,0.050748345014321905,0.5519874881804537,0.9740286040864347,0.14292041104902908,0.46592347435004244,0.8832394670208737,0.8856282965739011,74.06482294045327
0.8892196271113165,0.8676362911294436,0.7803177299574626,0.576547493879287,0.36052037663246295,0.5765768555880055,0.878900412499743,0.3926731426439609,0.6772514180465642,0.7108809321705499,-101.40288924262774
0.6712492569132931,0.9987472348369082,0.8033192485282641,0.7395904979212423,0.9627724148521488,0.21022533136629706,0.7916897511280642,0.3550436308660536,0.7506665642584222,0.00676968848769699,113.11186976370306
0.1313614293690838,0.8334927993345694,0.14767275968521076,0.4793864206287348,0.285399492889999,0.42485249355749743,0.5413578474503469,0.7465237541405361,0.07788642951846836,0.3664199659898727,-148.83581371240422
0.21798947164146276,0.7600561777043588,0.851199857056094,0.1659994328496901,0.704421137016989,0.5853757980006478,0.9369720698040344,0.6953670834221438,0.7548515995201451,0.5519163116124293,-139.2177345694955
0.5760373428988036,0.8822163406701535,0.17267053233880236,0.42743470575071374,0.380966980860181,0.5982401594044098,0.7206096340738428,0.8275259132717621,0.3589188871965775,0.7557305891766424,-147.33549728140645
0.5762566083805132,0.5265252516033432,0.3483414293782484,0.6358654174476959,0.22128998342840966,0.7010501628719266,0.6005927202778206,0.9263862942934848,0.5915124156845184,0.928007614059855,-36.476423560867204
0.3337760511419374,0.025718487257661016,0.6839481021240994,0.7938570924073094,0.97284747255424,0.9919675933497709,0.8902422685402005,0.7728256897898188,0.687367390511707,0.01262056751671492,233.54901119917983
0.23958501281611666,0.8130889727632546,0.8343892654052318,0.9010949390062006,0.7765947487823204,0.21338759635752647,0.47979142365952865,0.9225967502359272,0.9155757181221282,0.20099317914342274,-123.67103482235697
0.7658111424727838,0.2656647907922124,0.35838327788094326,0.2741196589524769,0.5753873494705538,0.28118094973477825,0.9078693957361688,0.8623566351422316,0.974520972930202,0.3391150281904365,-75.90583475559603
0.9045888594297403,0.9525085271732593,0.5525716306988847,0.4375078504217127,0.16326987524439296,0.5253911357109442,0.750639700128976,0.43581823576320633,0.956118926863021,0.3731425923951559,47.64279666282845
0.37610587294449893,0.9918406880441578,0.9327504545138887,0.5123728885889942,0.370589280924545,0.44707397323545317,0.13347275377468293,0.1732536289386668,0.32646307985098055,0.09752193431287637,19.622110800706903
0.6440046843288069,0.42153080473675,0.6989725135483887,0.7339605059940167,0.2575735279033512,0.7793511142039807,0.871891750726954,0.868482532463177,0.16774916312007748,0.4285744626093835,-174.52532803824377
0.9613032290724132,0.25631109789874673,0.5766466430990819,0.5837600038563081,0.17593877232162491,0.878367707937166,0.9288919866441591,0.105839229495861,0.4447006631438478,0.11886323013544386,-18.424735784052302
0.2905313767516383,0.77233694264789,0.9635695657485802,0.9615947240320197,0.1820154019219964,0.5607729423811924,0.22890891779698364,0.1389541888855068,0.7763062551511614,0.8485468691664585,-62.78989398146793
0.02598648873418219,0.6221336490349393,0.3818065715614154,0.7696843440633001,0.15401961578538736,0.024884490217839894,0.9348632926171051,0.6017681895817154,0.9055522497245386,0.266597309600748,56.88156360207688
0.9179200087868308,0.7936562823891563,0.5119229146700489,0.061723448071884124,0.7895585576979788,0.2020882458881914,0.8590325604074728,0.6982676652174776,0.2884133745077294,0.44618793041021054,-109.45857979583378
0.7356616426139498,0.30057372382516656,0.5158383358642413,0.4596899410679052,0.34465028267434394,0.9350842909701894,0.5408041878255495,0.9101322255097082,0.11079382333647358,0.9257632285548647,-5.1761308657359635
0.8166880363831872,0.04628458500733512,0.6657292718054999,0.13616686094117147,0.4930286047943504,0.26197610115200876,0.3243474365168657,0.021429370320705576,0.7988803778735134,0.1564474223591189,-77.72343031924935
0.5488852506875789,0.6277308733625857,0.5823549048434015,0.33365483894169057,0.7571155200148563,0.8012393094659236,0.05086556006492249,0.3003690811724462,0.8072460121377392,0.7230250988748398,-126.49911571681497
0.049173158572816456,0.10142983326178168,0.32521804960268597,0.6814770447849754,0.7167719582472458,0.607270548975338,0.7274261601133096,0.5350047051990239,0.5897200901214358,0.16240682798603268,-106.6760238628334
0.9267622906587274,0.21257669184176065,0.476790152513197,0.04588659447384602,0.37538840217991176,0.6333107207679817,0.20066097328096044,0.44420243977880414,0.5578703787812975,0.07478983862527355,-32.53692978411178
0.15355466278316843,0.9789806389661183,0.9347516983808001,0.3283893800675488,0.10868410369186243,0.41214616946351634,0.7605872881943834,0.49492587888202233,0.6355729311416962,0.048636674629401466,49.343953029126
0.9556007347605293,0.6396540699553451,0.21126682380193829,0.22216446473268547,0.47775947260960794,0.8136131430359909,0.33124608487232654,0.028253724659399126,0.6699498650314304,0.08889102783198244,-33.4352587453902
0.5198229188718978,0.6491545059313301,0.9591463179177284,0.6135549099499413,0.9015379452982643,0.5086234347549585,0.19440046567407387,0.97021050875438,0.09335824189504272,0.9966940339034653,212.36115416275453
0.25601469080012984,0.4131171929701035,0.9026445899351124,0.013519838698721642,0.9196618384939957,0.5761055590469711,0.26228585340114574,0.8714883222624236,0.3645282486406638,0.6627158693548265,-2.5366587837038956
0.08696195345033442,0.2083297300414012,0.9334145275459581,0.2117403584491524,0.28610524374248225,0.5268738022628067,0.3226672741130657,0.13772928041529875,0.28802137401543937,0.4146430227768786,-165.4239411180722
0.9748425556159173,0.9616009998892889,0.6815197756667773,0.021593560304617454,0.1843217528970763,0.4128993501678849,0.8134479472865411,0.7595292616789265,0.07842383482451598,0.6722808917104649,101.28351721417246
0.03471157613765763,0.6959788947969523,0.546545306106851,0.8444872156762626,0.7047820798544995,0.40703845088342294,0.8660318693555376,0.8379416879308158,0.8644607400182915,0.2845816348865261,-80.54460908121492
0.7815623211819972,0.8864494834968629,0.6706056866669905,0.6495493451178227,0.32927351291398566,0.8078997448854808,0.07155863716289024,0.055909344095786184,0.025016954160484883,0.29720806621645635,-27.103718064643054
0.8160783754640121,0.18018459839268086,0.6478446394277048,0.013865962088521866,0.8717777195699989,0.6041328089347735,0.8069785007527128,0.30393788523765586,0.4985812151700221,0.4589051093472416,-58.216252282075324
0.09594440410168226,0.045649458039230595,0.6683786547846857,0.17656710118881236,0.5532133878230932,0.07721904076340824,0.4481988297248276,0.9402320118994507,0.5783117019566409,0.07438538023361063,29.01756873624593
0.7204302746273303,0.9157784112427144,0.9399520547268101,0.16834992218488343,0.9419052012840723,0.2971432567599084,0.7752896424615309,0.36786617037168146,0.08780261313693949,0.8512389665786501,-32.863064314287755
0.48089488043567374,0.5869534797515221,0.22699437026693003,0.22128549841893863,0.772343953185012,0.6845899470440593,0.07344693940782299,0.1935795690132961,0.2949702248568242,0.8380133315755217,-200.83111407593026
0.6398071034112214,0.646299742961526,0.3663919203210142,0.9143300645769503,0.9812899883584844,0.25467027440546597,0.6306213660231467,0.3425878683429734,0.9626667692957344,0.9154019952525336,102.80779278266044
0.2642724986921037,0.7918262810147761,0.7240095038515556,0.1931809491226527,0.7278444016052119,0.32093911376797657,0.05753824430959087,0.4030475349549667,0.532206252910085,0.8109402948216697,-175.8515759160814
0.131454789051198,0.3625848572865412,0.40130734552499236,0.028929170597988607,0.8102594464135218,0.5199302804802929,0.8017382874899851,0.46710769145553266,0.8859471936726885,0.6035469079942201,-47.522848932857535
0.2599053729103109,0.36445653697013347,0.41416976588108156,0.5740978287845909,0.5636839574348876,0.9706842387107044,0.45302109993098527,0.5413430735008512,0.39502327701730555,0.8613846200791572,-7.9218238521129525
0.6553237515330471,0.0905362219380278,0.4058989137121568,0.4324882955917765,0.6541331026822549,0.8006775522092692,0.513787706867135,0.3899712338246656,0.3057930741267899,0.2930523911646309,-136.55875149864193
0.5701782613446122,0.5829728153026699,0.15418882614183738,0.057632366528337586,0.15463294270511108,0.9896790423969418,0.6017861932854105,0.21851406374521454,0.1489566145488368,0.8370878922642147,-32.82225558637201
0.11856056576043639,0.011925600825087868,0.6586463690640209,0.1983476442724602,0.5229789666740439,0.5368329563307153,0.9084591692691955,0.718200812736301,0.2993847246016915,0.973505682266268,58.25270270944955
0.2387330704395343,0.9320032680280712,0.7676552776363277,0.7873221187531424,0.64993715676337,0.9833910368410745,0.7289869993096372,0.7729934568130342,0.7230559549773474,0.0687653609218587,-21.487417816923646
0.1784645890269415,0.7940728426596974,0.9371864449582539,0.24891390686624837,0.17504314048536052,0.09403972422749052,0.9408829597176351,0.395526078029917,0.7536753445026698,0.4940015636925895,-91.86631880510038
0.35653138883391844,0.5507703809666485,0.7770736571783009,0.2906460280646813,0.2535466919770819,0.9568025714710006,0.07459143405681001,0.868057308372062,0.8632984070721217,0.7025270540749606,-76.3337093560918
0.9769339451318139,0.9083171995580199,0.4608526668931304,0.6751856895581185,0.6839821377287394,0.20138845759660196,0.4942744252849247,0.1480015340521469,0.721887888200899,0.4577847999332074,-24.502585158618082
0.35023706812701905,0.32336524012220225,0.20221576562281363,0.9626778707000081,0.029429084254602222,0.37277142808226604,0.10257383904899386,0.201051345638522,0.7419353252718718,0.8836337649793206,-45.954899017612675
0.04794448280983932,0.7497467365761374,0.06758740106794625,0.6695240118438589,0.5647484897679389,0.8047909755719747,0.3841022993281543,0.6191287547925333,0.7456925936657086,0.7606359098070095,-84.38438384061737
0.843258519485806,0.06039142588374913,0.009099320395694166,0.07929222676683723,0.9916381224863156,0.5405472936549317,0.17118139219635053,0.6988306575084515,0.22611384137007062,0.609535595012656,105.48737435614113
0.5328970204445649,0.19185324280378302,0.3795048232541278,0.035559398066213,0.25946012221119685,0.37552196144280425,0.6991755273963309,0.9886890138073424,0.43265503434157737,0.16105563285872126,-5.753628734465586
0.11816592335550069,0.6517639087079287,0.8084719514330948,0.15483782860080764,0.5530863713085055,0.9792040477050562,0.1649638595382199,0.28153949879625517,0.11549072159300189,0.0637944192181309,-65.068561711792
0.008022233242884202,0.34583000388503027,0.11367999203750867,0.2636310487242942,0.3228132028869416,0.5458624539847897,0.2630679600774821,0.7214807786345306,0.3551570199020613,0.7597475065401359,-110.54572748674923
0.207702420439138,0.760954634131299,0.6260901763327024,0.555073631673739,0.43992556726281506,0.15782628237558072,0.16612217483970548,0.8091846378528544,0.10009132136563648,0.9499904377497272,-125.47017966436741
0.38872450314879614,0.47302801692164487,0.5727976434845673,0.3127643845017063,0.059154309864266175,0.053227713766308304,0.11780976777239371,0.07652957997144094,0.5260173229214161,0.6896769202970299,-21.76799509625206
0.3712391809194364,0.8102902387051278,0.9580760050551673,0.8430332904073433,0.55928867946502,0.09426581953592927,0.0705009206535695,0.3163933569818852,0.02700277146629515,0.44951511032501,43.92086424556236
0.5895905358576699,0.7351623534012329,0.8815435190233629,0.2972189355583019,0.19968107847756122,0.8274300224768029,0.32647641520687676,0.7671218019238766,0.43040653159331976,0.3687949507852353,-186.41178143555948
0.7055825819638315,0.8987955365099322,0.40419033145945815,0.7815934534471318,0.25241017185766046,0.05458617749195038,0.9296114985451336,0.6922378001425767,0.24862013821099238,0.9973124857111655,44.718464817099246
0.7585915396011842,0.48230842800921636,0.9965949134410965,0.14887098008363242,0.6018044554895093,0.9761766287560262,0.08586007059239043,0.5533337179564604,0.9567665641478728,0.9324353977523165,241.623285623289
0.7797726217008644,0.7929205063293735,0.7095068688877969,0.11153620007611542,0.7031570331330307,0.20590557678046884,0.5969930839411796,0.2877208130239496,0.5761560686834798,0.38101529397857115,-196.61023951311748
0.4380077613598471,0.8887221578666457,0.991922360782431,0.7323231922462944,0.13447970052660196,0.5494759580724207,0.12413562825589564,0.36628453332516,0.8281431000051432,0.3755360852097128,-13.265088152451604
0.8198645871194369,0.9767438268664561,0.7511854838455257,0.6436188034762073,0.19484107661913808,0.48446481506044503,0.23812168182153315,0.6443255517887614,0.920681217107244,0.17580390856156158,-67.75516868397885
0.8593442926649174,0.8354514606049093,0.30105837037624106,0.7295980911103263,0.8057658780808077,0.941298028771612,0.8718356903780018,0.23869259573066304,0.6405084281937199,0.48766034932694324,-113.53640669054364
0.9662914697435111,0.8668284319618524,0.274899307164413,0.9324455822869538,0.6693191322018888,0.17486669727167825,0.48254606020931246,0.1951943823761899,0.3446585474387074,0.3956844632232921,-52.995225022571724
0.28957735572657317,0.581270090180673,0.7531118411087127,0.3902222562837132,0.6035314725706025,0.2649838018199465,0.06050530158802836,0.028235938725931886,0.29286429367537714,0.2878974993039849,-92.80990380715419
0.48416675119027364,0.6856191379341762,0.9744356086973841,0.8533968722268137,0.6944056377138714,0.8347102469857772,0.7452812070955218,0.8848224893268493,0.7077507580319148,0.9186739778061023,-1.5479095739938025
0.4552458184199142,0.6998620391294629,0.8025344836953138,0.0933684706062975,0.6527963708526366,0.05599868156523591,0.7987317948040092,0.37080225080149265,0.9997244277040462,0.2862499100068213,15.947650627154044
0.23283268210261177,0.8104316629697207,0.46743563050847436,0.508906099295041,0.9659954615504001,0.3999972961787295,0.6328118673357924,0.23330120901463625,0.39514935286489583,0.47720131480912775,-58.30781629443309
0.6853956829900472,0.025125787056899718,0.5978496896863095,0.22017121422638408,0.3961742802379393,0.8673119779509059,0.7946846320293522,0.2712197698470037,0.7057514538773044,0.5664156222065477,-96.9068224000681
0.09651387222691366,0.2047767693343988,0.8871057527481697,0.10702109569312135,0.5591373798819095,0.9323383669956247,0.530983674977481,0.34075147490373514,0.2512760261370699,0.9947912047195856,34.303498131460856
0.27527796947921,0.565878919345208,0.33450879199182404,0.27473362873827034,0.9378307574413443,0.7275177022619423,0.3978646718130233,0.7965986758822894,0.19388426468404774,0.42731314334217263,-150.88691218539478
0.8305511224048692,0.6440518751406815,0.7622472562616515,0.41967354398871026,0.16539403744640313,0.4944538200112355,0.501914876980679,0.509728986334923,0.36069537409581987,0.03443723504857388,-64.54699402954665
0.11287381334759594,0.5840895290824035,0.5213456779036998,0.11715493000345689,0.37482760862640174,0.004256629520065336,0.6790008179296108,0.6493058545669201,0.39896735142042394,0.3045980455316152,-27.21790411150225
0.9501584996632242,0.1791924156458271,0.7446357226674207,0.9758743083711143,0.05871432199870796,0.8279692747923038,0.28809513849110635,0.3124340216312925,0.3534735923352892,0.5029012029362031,6.888261310072055
0.16235007670887647,0.4431781587676994,0.10766367917595399,0.05151476275167444,0.4759823668857799,0.45729958062493326,0.5635608069134495,0.6246178180330182,0.7220373653854952,0.09248313365879945,-63.048807884119555
0.27091555144051427,0.9629454101645176,0.963655193094638,0.20540556364988705,0.2801539060031144,0.4828613284679856,0.2853053645359229,0.5228444787159054,0.9465076695742654,0.26385549920396933,18.221805626312744
0.019849284229170094,0.02680752867905256,0.5928385806504771,0.34857907460490034,0.7068452646147482,0.5908111500866109,0.3046701461372343,0.6341048466901335,0.6576121857467455,0.21905026533667837,-7.967231942289118
0.9855548063782175,0.7606070325572578,0.9736516721948366,0.08212211355025012,0.55778630786592,0.759643412729031,0.40892526768484627,0.4683241750274083,0.8057454809495231,0.6406910714447667,93.18231694409621
0.9790082585479359,0.16357350397829606,0.4907581542852234,0.17498647666467526,0.4967820683339984,0.5727877231701621,0.8043104208770436,0.7868997435564482,0.17251231873894923,0.08843509647692283,-69.9750685458016
0.9676457545775266,0.8600277405355157,0.6630338884641557,0.3528761871276159,0.46176679334873905,0.5791243383604427,0.9446647932400293,0.34141170477237615,0.34849972976094734,0.5270963065982346,35.993923004564365
0.34185730741378584,0.6661311122845153,0.1827365497077591,0.9575201111982561,0.3057065970249223,0.6888830716679072,0.02166551158119967,0.07667752155388452,0.4371543022727733,0.800222412538462,-10.331490866777663
0.00336616850814464,0.7763874507298132,0.10514080048608376,0.6201316290889134,0.14143660011977244,0.28808575435082306,0.6533375482950723,0.42421527301961026,0.23962141771343592,0.41171476415119124,-75.89638448322145
0.673008218450063,0.19015585837134608,0.30003017792672626,0.9800983252384844,0.5084976379661237,0.6594896185385941,0.0009790149785308122,0.1889452031622192,0.8740549209551046,0.8689357692443417,45.93478110370357
0.9430354012874186,0.17443833214390136,0.9899301387080972,0.46341556383173366,0.09521127310405952,0.816219457449947,0.7436067257193046,0.3621089239823797,0.3564626493105092,0.37483277191988285,14.173298113553535
0.7620049989724246,0.6752671425667898,0.09029929952114668,0.5536097426397951,0.15173058138994133,0.6245542977257748,0.9725894469270392,0.029684182842822593,0.6775823304183796,0.9906262203991478,146.94310727083825
0.1142048198340756,0.6410191796262574,0.018285422756400438,0.09381366540701352,0.9191133096166928,0.2535470850775772,0.9092027988029656,0.5853541135131722,0.44591355408709543,0.7531763999058507,10.054930755694265
0.48257727447732435,0.6429104330418383,0.3757461023927774,0.8028686991104366,0.3546733258841388,0.01997136983731107,0.7074335353368427,0.6439735042030831,0.60639909388,0.5974235017323056,-39.79952950808685
0.6921375820283633,0.07842434273896015,0.6189240024409701,0.15588430123007024,0.6167063971493824,0.3901753036419643,0.45661965638682556,0.10846123848206113,0.05487357441545959,0.5052528348180376,-62.717880529015446
0.9111962538642292,0.9632846201264775,0.35165328787042216,0.8464710077473082,0.44157163033564606,0.9801801879110635,0.814623092255037,0.9191240011869534,0.3818180749549568,0.4700819764698392,130.48076527050145
0.12103097070209445,0.4181668816891677,0.6601834948354358,0.28390015309049765,0.4577258329297774,0.4287044062212564,0.48534477947144306,0.12335664153826231,0.5992845830920113,0.766834854128815,-134.3763527511739
0.8763578520642414,0.8610547173909461,0.9616895922130527,0.8120133149924675,0.06949783342660498,0.36483410215271106,0.7213983071322758,0.7232636726853197,0.3060254653147625,0.23631184655492676,-81.4486219745528
0.4649698666045481,0.8910340681891381,0.2589657747467068,0.41550081141811246,0.287895459111419,0.3631487448646742,0.47773431610923445,0.3747932246450292,0.20648244647215241,0.26544676841447634,-177.80312923961515
0.4878174095445238,0.4649053899231922,0.2271482257109857,0.03253308454528214,0.7462319802455671,0.9111895815497133,0.18632403861521685,0.4492408862847358,0.632856165234483,0.5545108620669137,-46.359993252327314
0.1794503743285456,0.12327754154000614,0.5623476914661656,0.012827643329793803,0.5642337338875544,0.37466272724200533,0.9080324398794162,0.23957660385488078,0.30672094382442106,0.9577485003340876,15.803378832459572
0.189284718762618,0.5110187593526954,0.18838130510287976,0.1863181027407853,0.8800457768038044,0.8300135344837878,0.13082828528737045,0.006602161827754194,0.1123638671832542,0.23060785366450565,-127.63234263861756
0.6578012869019094,0.7621921862580203,0.56599354844891,0.5463182679498289,0.9097236682100879,0.41412744307614535,0.6244177012237546,0.1336999909286094,0.21389795992855853,0.4940776254238809,-104.7537344430531
0.3896109028504515,0.8151925931167159,0.7769938571821121,0.6751469069391441,0.04674496825361696,0.11841064246884436,0.9462950153678066,0.4805235453423691,0.4934090934505091,0.7277530491051407,-32.328222364754076
0.8622307444615972,0.46949014635341735,0.9380875028203082,0.6689988998585422,0.28335408160540587,0.8899485671435992,0.35018283760818814,0.024272181358508393,0.15009307566902796,0.23372391058604125,-38.553826480450034
0.09510497212859703,0.8595466270189844,0.9522435269158285,0.07179273192299129,0.41343776753176387,0.6972904240221671,0.5037885505902765,0.29293798624267975,0.40124195640335547,0.7733451570336486,-41.74798913370042
0.35556534245014426,0.043661297303599356,0.10779110376750112,0.9470783513676003,0.5631306346466971,0.5285648491972442,0.3711886828132389,0.5917497614598421,0.32441804868815527,0.14895354605307654,-19.22018132791731
0.5607425669028333,0.7510318166464068,0.16569221978183535,0.5908824328950625,0.2907960516598408,0.10196325788645932,0.48077835240125966,0.23766012392530733,0.5628284111232909,0.9147983925578022,-126.2885750848555
0.732212063201014,0.24391048863441556,0.9023895363838983,0.3736814569013631,0.24306948156720365,0.8493494564131384,0.9500014751913355,0.027745253720347973,0.5069914292475466,0.43187771254521645,-7.483380474020313
0.5607008816032867,0.41844670416955254,0.48982572005256597,0.5151602542803859,0.02434203887433606,0.4082102520555062,0.5166980302577283,0.6850646290202107,0.14945314848565772,0.48778133827538284,-2.9743638137742967
0.4980940631039851,0.21645055896215148,0.14388014254222248,0.8389747896375785,0.2591158056461432,0.6363387647155779,0.5683273660996351,0.5748693804938376,0.8241232532899844,0.6860715072488106,-174.04051674618077
0.4067294524303412,0.3884838651036572,0.3223154936486574,0.48422819075172663,0.6045481385610467,0.3298547682892783,0.7198205155072702,0.6610217660790654,0.47134926869931526,0.19955093307202354,-150.13660613810794
0.9455148029683973,0.3450886780645911,0.35932834043835515,0.8238522633477764,0.10792762173242831,0.7544953663794352,0.4705402992658445,0.3393588482058606,0.6525176696619305,0.6723502661267068,-98.05756055119889
0.2909126508541211,0.4847883875840562,0.6733318719872144,0.861019878670099,0.5515880544223795,0.8523260374263615,0.8047411107215962,0.853691140341301,0.5916442057622323,0.9874878848597906,-7.133646179949949
0.3051358350479727,0.12392282903093921,0.5765984463672803,0.6679866258521939,0.1610347776515727,0.41051997155948794,0.12059135442887714,0.9538345183732009,0.15359157777391708,0.7168600743006639,-126.43627398130897
0.5675538921311227,0.10510046980319487,0.5335871385724118,0.8290732759586302,0.07983750652447863,0.09632979693839372,0.7227667377036798,0.7614583867310633,0.31718079816142086,0.8521605038471117,-124.15155850175839
0.6970074723636309,0.21118660394288047,0.19961916605631613,0.016960316213436633,0.7355338538381883,0.6942563352724221,0.46387620494509396,0.7153427168994454,0.16525376593328744,0.11224854149238894,-139.66664608790688
0.4814518116641694,0.7368882365672904,0.791800664225633,0.3791302425941787,0.21943341125794358,0.9205768121399666,0.8525640635110144,0.02213356692025248,0.8809698040518029,0.945089954012514,24.602126241263313
0.37317646098730217,0.6518629428559218,0.4804105277566447,0.09202809787573918,0.1202564364603963,0.38894667456759935,0.9041821687129494,0.6397869430163682,0.8184846951094221,0.5789187795509579,-87.07112853649211
0.9635397582795842,0.6520148365239461,0.2893450223627808,0.6798634785123742,0.3348328372137409,0.0036233769967929375,0.1983908744704156,0.30842880900682923,0.7517699016138357,0.3349308748374906,-29.65767003191226
0.20246449708219816,0.9584605780388122,0.5625438675607188,0.8478083959564316,0.15120512040630218,0.9655436184327775,0.8550839383774225,0.4014533962433884,0.8857881043165757,0.43141633799082146,23.50207182556918
0.16679806274616749,0.2585042226499732,0.2381567948270208,0.8243464777009687,0.020682327232993902,0.22918143818309333,0.7876340565925652,0.4790500885940112,0.32867959276072556,0.9498967315265999,-95.16338616449218
0.22898059284223615,0.25713942233901854,0.0391849656245169,0.3371922743670648,0.3351666130515961,0.9391376132323545,0.701248973637102,0.3069008745251237,0.8525200789583446,0.04111838611928276,-50.13165774047446
0.9674070686269475,0.792006667977776,0.1600531625149132,0.7058475408067727,0.9062694700467712,0.23060982108744588,0.4992015588390559,0.5227256282163523,0.8555785949550675,0.5312506702735225,-39.27551835432988
0.35350492335999495,0.5571549700925765,0.9011540566945775,0.052784211741937925,0.062267954696809125,0.041065640162264216,0.27679060732993466,0.43332846698534766,0.6078418765460337,0.6511420708312328,25.141077912469843
0.5442386654789593,0.3947034109883232,0.6622511021159797,0.7425860613718741,0.6444993303470321,0.44809911116063683,0.33932722871875365,0.8743675664288522,0.824091753531947,0.060722326297160345,-88.7209694639715
0.229660682500344,0.08379890391313227,0.5203008167178267,0.2529308329249834,0.8606766575129919,0.20480832956909467,0.45818454857299407,0.6063527085504848,0.7824657887895923,0.8044302998443847,-179.93972256297474
0.3380177607661745,0.4440422386581071,0.080268891762871,0.08010879225114687,0.7455896865785003,0.6424153195086788,0.6172267856115509,0.4494728996097527,0.025973566710608686,0.5190257914835872,-1.7141288668276764
0.5479193827531845,0.5258026310717757,0.5476569569089182,0.8119720137339944,0.49770060474236255,0.7132046899815976,0.7823307442332144,0.620443344404873,0.3699342347177975,0.0917950580498208,-97.0805533684595
0.8641567449117438,0.13335923616548662,0.9839265780134863,0.3763279612846171,0.5771196140356942,0.7391847251455096,0.8411765032234374,0.035638876436830946,0.6308892437814694,0.4536650261313374,43.02260570086534
0.5051751903106149,0.2038552419067322,0.387532535716274,0.578617066159398,0.6713091063771734,0.9629834773907726,0.6461004157905773,0.958672460183912,0.17365237851709658,0.6252553945143909,9.503314691482867
0.8645273973887324,0.8088938848631778,0.9911380540823421,0.8460828985392362,0.967806590418374,0.2219611968068378,0.06526476767022871,0.8384955316846816,0.3508824164649239,0.08003383053729862,83.83232004385532
0.8360297535608835,0.11655472835012226,0.3262302635183356,0.973930352222169,0.40302816013377907,0.279524590142214,0.38079214716171816,0.4958758234536117,0.5184246845546931,0.962337706465784,36.819642703149405
0.6638589688521923,0.7305503969999697,0.9923206325896512,0.5957587139133594,0.9106587398574987,0.4727770303196841,0.3707314332031072,0.31850376081292464,0.9179317857239324,0.8574516509391147,58.42850825481685
0.05965704374354086,0.2935494094175263,0.9082418367444461,0.7469728351244994,0.6771073025495219,0.7657446988619608,0.5679227791456629,0.7035429472341781,0.5180963122375424,0.6314469706161243,-87.45394971657424
0.33487076243554115,0.2671121876476329,0.7637869789470147,0.6136039313137092,0.08165856244442982,0.24483351915828677,0.39303881391185114,0.683443352883025,0.8220043935983483,0.2994365514964792,-200.93163346333617
0.5890767461028917,0.6594861343733329,0.0594686127988141,0.12212611165929022,0.9862573122216839,0.7222839755576428,0.6830615956887663,0.727178454405204,0.4407998189323107,0.2498432105259426,-15.720838314412863
0.37129158755475344,0.17459235339671486,0.25005603705892165,0.7527814165667363,0.010406109944012032,0.9748475632268107,0.07177629122872953,0.35066560197133356,0.9608060213674252,0.4757150792499595,113.653974822218
0.3860557581882428,0.9605116035696254,0.16351753666442181,0.7189743614704222,0.8538598905606566,0.3713011284394818,0.34501184242012384,0.13873043543536645,0.9925176629790089,0.010671659152336255,116.88385752350042
0.7558473152702303,0.14279117991815404,0.803413924262041,0.7879406818251202,0.20005821615482045,0.622846958957965,0.7572192069297297,0.01569646244784617,0.7575461617698017,0.48303262549804926,-124.03286419637992
0.7877496039729136,0.07026863949446338,0.599293996898026,0.9334360759629697,0.8223553875573799,0.8901380445854766,0.23556091986262295,0.179792732889562,0.010727112645445236,0.8772105332471646,6.151615899251222
0.08040700706665771,0.5912870326767292,0.13245817200742038,0.8711486584964799,0.2901944659344253,0.07565443053685006,0.38989153527412124,0.7945345374564913,0.23467298597007347,0.5796640870900741,-132.94517203418545
0.7030843601807673,0.8160161157357305,0.5843748971954981,0.48042361843895554,0.5462861498081047,0.1654195311186628,0.16652062083696795,0.3859351079648,0.6596729336898882,0.6310322902223913,-151.48397047789103
0.8247956256193778,0.2752899394329553,0.7941553411172256,0.9584060783591165,0.6065780847186707,0.23247667551796614,0.5394052383899833,0.21845768891099038,0.8423574327764131,0.638924518272494,-124.20582205275052
0.5278359050242152,0.3981420706776201,0.9311733877671338,0.750347418347907,0.026422704105453887,0.5009019432814812,0.25335599786772156,0.16560025045651228,0.6426685089288892,0.6479201002205202,-33.029052076737145
0.5993140173649731,0.20798559348992873,0.5313087717717754,0.7606141484791424,0.9648240475953633,0.007976986980443579,0.5075262726431822,0.3815508542328945,0.4404813304199172,0.06382417805874374,90.96227869988314
0.7482261412649462,0.6113832432869583,0.1517772072016258,0.7561968980641572,0.08978364978178754,0.8554937823239132,0.1204471349334012,0.7059197910055538,0.6572800559072252,0.16259600225210935,-191.1442345405576
0.9008369136828628,0.3739127832826762,0.7821295929839976,0.9655393308078325,0.8511523976144235,0.11080913038580875,0.323277331327814,0.7133838786990153,0.5240038580469992,0.9938642105983503,83.63780351904933
0.8918194562769245,0.3438165140328724,0.9011105537408238,0.3646798625505957,0.12690866393408096,0.9636781819141749,0.6906510305269886,0.48302263511627996,0.05569467262932426,0.8036592752858275,9.465413276929674
0.7095394180908104,0.1714354409460923,0.2992774933724899,0.8964168916789865,0.6433368836777936,0.6515645373161132,0.06794323099934207,0.5501074170537315,0.9719885526817548,0.7581617147092551,-30.276103982155377
0.5689381510882559,0.10862611871739591,0.22438538355725768,0.19641919091963622,0.34652491129138463,0.24520103224613998,0.7434523454818284,0.6669865687989304,0.09809231454233103,0.3673941369306425,-214.43559862785466
0.4920829354673949,0.9344492251430441,0.22706384837301707,0.04366567110751107,0.22687574914334008,0.7354771450026554,0.11456440939432255,0.1640753034231509,0.3185426375473145,0.907842180906862,-87.02037421852478
0.9319429664727589,0.7117343229480843,0.4432502260342007,0.09010843760730691,0.3340612973776249,0.8748102860016406,0.23935807853373592,0.07626980587557464,0.7838377282751778,0.9383936606492175,-32.96260956016737
0.34951970135132704,0.7999472127451355,0.6041390123255843,0.08412866962898125,0.4878798232729964,0.445593351755469,0.6995273649446218,0.7618768731236905,0.2261928488966447,0.09970222970270837,-144.37885271145075
0.9101369396047744,0.9741910628312602,0.6420925607685639,0.5041512865146944,0.8569873974881377,0.5368637570277206,0.7274902355749469,0.7793003579863235,0.4918603976509547,0.8118469273377293,9.189344990491797
0.44320818703957,0.7382354282066583,0.7253497616649721,0.3904274255774052,0.55259251805621,0.5358684592561385,0.6678566528456097,0.5068123674102666,0.6996619668238557,0.03876032059057499,-50.62090532189137
0.7502216181414241,0.38579227268223293,0.8150932954357175,0.07329778397343956,0.6745940403928768,0.5680398882674377,0.8495123510601259,0.6592874522347887,0.6685555945045837,0.638076921970731,-118.71147159245884
0.1849118887905713,0.7740454339060061,0.30334208769961346,0.8802132026748563,0.37103122791022225,0.9921957791049579,0.14412265691096926,0.027673627815818613,0.6927322334451881,0.9323779187843569,50.27035279636539
0.8422932411785659,0.21087355279493836,0.5717114791872308,0.3576745706915089,0.258175770693579,0.511246002477346,0.05616304745908918,0.7229407482253678,0.35589956337523976,0.5869871767311386,-129.29968273637212
0.7746336815646796,0.7726195552075534,0.726487721893224,0.12568266507076375,0.3450003529761487,0.3809387385928744,0.030993771225492184,0.2861670097316079,0.3869593791695204,0.44055923642464145,-122.80778651667771
0.8956287827258977,0.031176339032137235,0.5840232008443128,0.8075688051569847,0.6726468534811051,0.19833485413557905,0.9519645215175315,0.42798068389485433,0.2240774007052937,0.7189768718528038,-28.91632657366005
0.9112886474267662,0.22332860741850513,0.9679300794636857,0.1972789407330926,0.9304661457729978,0.41162820493815677,0.009225990606901768,0.27719691816814795,0.45041609196174615,0.054307640400567014,118.7852989171035
0.6551080146102383,0.184340639272077,0.8123799185756858,0.44044612159543284,0.03972769584433822,0.8708512846629037,0.4363254815060498,0.6813732695631263,0.2667788169036195,0.24241942004862127,-133.29413230515348
0.06364026961078229,0.24401655026061442,0.9711647332479626,0.9877414140368208,0.46893962137007517,0.23129434433934826,0.7423909354833929,0.5386596386745961,0.7672641682550466,0.9382597009246005,119.07356559970897
0.5001178506595056,0.6263424129133819,0.7793908645768358,0.746478378343027,0.26777243360868075,0.057585399489126776,0.6292624001129609,0.4349114371105952,0.7241321819784409,0.03678528902806,-56.48718463866439
0.467528908772767,0.11492769213091514,0.6277086241126122,0.4767473288678251,0.6612987693197535,0.8201862670731551,0.6292015233748255,0.9927005899695648,0.7337288147329453,0.741365068818141,-6.869139671988826
0.6105000981875356,0.41199361513299515,0.6700646078360207,0.6621301109565679,0.6493886212780785,0.5129244891495167,0.36718335027075544,0.31095023201013827,0.8168506807380189,0.767547509604277,-143.78422859913755
0.5861514821572145,0.21839850380153725,0.8105379423653793,0.19214541203847646,0.18779900210270895,0.7395310419939088,0.42369589156402265,0.1410239212606199,0.9937004134399708,0.40800059096855945,-95.51687415875308
0.8847255213107599,0.3457979891275911,0.15045607846649922,0.6920345473633006,0.2333323335231,0.09123566342677691,0.7208988879496718,0.9816021104162951,0.3456676761437535,0.06352615767239678,-39.68190180126
0.9227551538420655,0.5330840142499628,0.8348281784601068,0.3364873842080054,0.8657368913189961,0.7867948381299475,0.8876321684667423,0.2884955364426862,0.18210154862790873,0.05103627088735452,-82.08582641156005
0.3400835820045859,0.8244402782534163,0.06904520178647278,0.8017875812447252,0.01666446238884589,0.7138619057121794,0.7871863996797074,0.7490895033538701,0.3109389389186057,0.3460936900398215,-95.37302977457563
0.18823400744302154,0.9814590771142604,0.13642516122900084,0.3904083644944627,0.19568535676492416,0.19763554864889765,0.8890436639828452,0.8935772059098939,0.8636695499712984,0.9047402715572845,-46.813460449484666
0.8274284640089705,0.012470648533378648,0.8207942482671291,0.8103323240278257,0.3804429700432048,0.2658489298597261,0.10976001432575433,0.2248499158508579,0.7960833261995462,0.6282592271458435,-119.65453040048538
0.663577839718372,0.9925791861718317,0.5284467038411574,0.5060000515952223,0.6464946627427234,0.7251693362900998,0.30212057849941487,0.08904266620513301,0.4465499229987554,0.5619732538259469,29.32660468501761
0.472895384618059,0.5198845428646777,0.6229140852400136,0.42337372684609076,0.949705088741267,0.4271207617867261,0.671683461271007,0.6593137061164415,0.08992498490247425,0.7173900064657952,-20.014505044973816
0.1452405206683406,0.7482217851247386,0.25531739378355556,0.3332398362352682,0.18888923955132586,0.4847870923133324,0.49023758385010785,0.5411298295663943,0.6883423046949853,0.29096983807730736,-200.6781002306369
0.8220275971207102,0.5161329574834853,0.021907488898525784,0.6654228273970813,0.8721688038055676,0.6400164212780395,0.9777689251666294,0.8782074784696002,0.14963421422328638,0.14719937028848473,40.24744765477494
0.11287068475917916,0.6970316591928039,0.47648659799605875,0.47899018898052625,0.11360877346611997,0.5634697918441288,0.1466266855071724,0.01781323899758236,0.9501788878276766,0.8300348238757789,19.407859332761248
0.10778498844515805,0.07054195122436391,0.6766971398270979,0.5007770501248845,0.2862141799925365,0.1803258607720094,0.4441709489829504,0.7907272372262247,0.9118540686752419,0.4388834014979045,-101.87146116356287
0.36371737865396514,0.14063739157148558,0.5270495176942604,0.043924614107554105,0.7617098235468438,0.1791047452340735,0.13365055650230007,0.5317447596895263,0.3718686919387637,0.7094382988119129,-130.70740871916186
0.09041746257164562,0.7284130175651611,0.5347156775548191,0.17939960688990186,0.25669162346712915,0.9490610643394016,0.01296326201233522,0.172792913650892,0.15685723784807593,0.8840308934423359,-36.56355317674788
0.5609661722149148,0.4412514048387116,0.5570297972927875,0.3431953682931189,0.9148339946360823,0.44553965926907824,0.7170750885693397,0.8918900723440352,0.876551787872039,0.5754268754093714,-32.46215202599986
0.5419220764689098,0.50418880269367,0.9087352784288228,0.5277016410258493,0.16721585412090956,0.564302100454207,0.14094333517077007,0.9796917521428419,0.41969954320969116,0.21652038398553342,-3.6643130187038153
0.8068429435612027,0.35928289648765777,0.9160521427558876,0.5860447995885829,0.13058805183707423,0.09323757733311888,0.20542743587522683,0.9080517518571896,0.5766957949954307,0.7853503398779599,-104.42286527805966
0.46286606093947913,0.31500091963438004,0.37095952613818206,0.6966618141959552,0.4312564175565359,0.511240888159915,0.4687650434599834,0.3710202225415121,0.10535038752611947,0.38467313406133974,-109.60546262103563
0.048708894147682535,0.3206065623290617,0.9019021981344197,0.19856821605650632,0.09519551482934596,0.13628508066889,0.9197341557532637,0.8756450684913053,0.7118333361331998,0.42978410913693266,-59.218551914946126
0.0076295184409371775,0.9115214323958386,0.6144495049453038,0.829099906235218,0.0008983406519470494,0.9982541034738223,0.6497132565086339,0.42180682990159335,0.862183203537831,0.2640341148719081,236.66689706858006
0.6207282423180666,0.15444891017976214,0.4888674978323826,0.538032019736873,0.535570837838791,0.5648965906619346,0.8784309408966516,0.3609547259275352,0.2099717855832155,0.9846588306365921,-1.5252623463548218
0.7048647483244452,0.6679976733356553,0.7241486768774207,0.14887394103190454,0.5752263309367909,0.02137728056406485,0.13610616006234222,0.4164647253709972,0.29082833369731786,0.3960416393485171,-98.85489001275477
0.04859477025552272,0.569480573677681,0.8099983789377084,0.543264987813247,0.5002913113321776,0.9572604839058517,0.7605760088934473,0.19784168514702793,0.10508454021609726,0.09982482553352989,-15.88483549767988
0.44176216261742796,0.8736421379510529,0.1767786626535922,0.8298893486306158,0.46288650367124506,0.9259374085308448,0.7736531082672099,0.8448236588495297,0.9087751324953285,0.9590324943871241,2.583537392915744
0.8580045567734119,0.08106169067236024,0.2413432240911072,0.7246434380901292,0.11123603966526274,0.033119800943883115,0.2780834853075933,0.013187680187947137,0.09317257023062375,0.5434506634229691,7.371687849321278
0.28083835982919214,0.43186710940360273,0.14039707178947836,0.7486602660497732,0.4862439382498128,0.6002842950515678,0.6659279628541453,0.3349976860058044,0.3569916787159604,0.6371599927168508,-160.15353734559451
0.08903804928963788,0.9699149118866172,0.9575247988928988,0.21166296926938977,0.178176296131335,0.008604976278129728,0.15357250194133598,0.544249338264732,0.5781096309848616,0.5749598682175479,110.54738446506182
0.2308890764972068,0.31107843765659093,0.3639606418185768,0.9519595345668509,0.7060977197902767,0.7442247265960145,0.6150344404702449,0.7051752360037475,0.019683050230508647,0.24929222422566077,-62.72954744724388
0.15802181923005543,0.579681570972091,0.5394757396676829,0.0989059690243963,0.3542558670843521,0.8538386748743758,0.2405049762717535,0.955707130238171,0.7746698909933544,0.30329132171150686,-107.71026974829049
0.7491112045537067,0.5435427017545502,0.5599383112910178,0.3487592068430161,0.15850203640617366,0.06702688164911252,0.8465790533868477,0.3865111285738049,0.216895588689073,0.6104806709465241,-137.1951446671489
0.33557360372182976,0.4514418247284945,0.8807546485684701,0.1605777912516343,0.23021586300503483,0.736161755563582,0.8503829261468653,0.179038755192091,0.6710650682085524,0.23899759952125454,-226.6053088856227
0.3323709794085181,0.262788379725311,0.5683188234232625,0.25826765336782675,0.9315910951570066,0.3959332018876277,0.9553602315446807,0.6780865971538526,0.9824255648040345,0.37504852452968596,55.99779999279045
0.11354982068504704,0.3201747510846671,0.45023416259031235,0.15943990360425897,0.4368632198213469,0.5186378744625925,0.6525681610131717,0.7956497311884461,0.7960613399993787,0.6925825712871946,-163.20681290388018
0.27976927617584013,0.12307667767267427,0.01484595182123627,0.678237881291862,0.2902338147531963,0.7432232997089139,0.7109184307838973,0.2626224920825456,0.2587204484432245,0.28210450143478716,-171.9284364095692
